site,wildtype,mutant,effect,effect_std,times_seen,n_selections,referance_aa,region
184,G,-,0.1481,,0.5,1,G,3
184,G,A,-4.143,0.9256,6,2,G,3
184,G,C,-0.6069,0.2182,8.5,2,G,3
184,G,D,-1.508,0.009192,9,2,G,3
184,G,E,-3.098,,1.5,1,G,3
184,G,F,-4.903,0.06223,3.5,2,G,3
184,G,G,0,0,,2,G,3
184,G,H,-2.156,0.09334,8.5,2,G,3
184,G,I,-4.83,0.05515,6,2,G,3
184,G,K,-2.643,1.824,5.5,2,G,3
184,G,L,-3.62,0.5254,2.5,2,G,3
184,G,M,-4.861,0.04738,8,2,G,3
184,G,N,-2.446,3.487,4.5,2,G,3
184,G,P,-3.651,0.6795,2,2,G,3
184,G,Q,-1.079,1.251,3.5,2,G,3
184,G,R,-2.107,1.034,10.5,2,G,3
184,G,S,-0.6818,0.3112,7,2,G,3
184,G,T,-0.1435,0.02008,4,2,G,3
184,G,V,-4.944,0.08273,7,2,G,3
184,G,W,-2.648,3.297,2,2,G,3
184,G,Y,-4.934,,1.5,1,G,3
185,A,-,-0.1327,,0.5,1,A,3
185,A,A,0,0,,2,A,3
185,A,C,0.1407,0.0116,3.5,2,A,3
185,A,D,-2.829,0.9376,6.5,2,A,3
185,A,E,-0.05485,0.12,2,2,A,3
185,A,F,0.1046,0.05095,7,2,A,3
185,A,G,-0.6185,0.3686,4.5,2,A,3
185,A,H,-0.6737,1.145,2.5,2,A,3
185,A,I,-0.1541,0.1978,6,2,A,3
185,A,K,-0.1362,0.2185,6.5,2,A,3
185,A,L,-0.03715,0.2269,5.5,2,A,3
185,A,M,0.1385,0.0239,4,2,A,3
185,A,N,0.03611,0.1826,5,2,A,3
185,A,P,-0.0649,,2,1,A,3
185,A,Q,0.08505,0.02694,4,2,A,3
185,A,R,-0.6925,0.985,4.5,2,A,3
185,A,S,-0.02184,0.1423,10,2,A,3
185,A,T,-0.4162,0.102,7,2,A,3
185,A,V,0.1316,0.01153,8,2,A,3
185,A,W,-0.815,1.377,4.5,2,A,3
185,A,Y,-0.484,0.1405,3.5,2,A,3
186,L,-,-0.1761,,1,1,L,3
186,L,A,0.1229,0.0215,4.5,2,L,3
186,L,C,-0.05965,0.3009,4,2,L,3
186,L,D,-1.573,0.2206,5.5,2,L,3
186,L,E,0.01317,0.1093,4.5,2,L,3
186,L,F,0.03694,0.1452,3,2,L,3
186,L,G,-1.907,0.9192,3,2,L,3
186,L,H,0.06423,0.06756,2.5,2,L,3
186,L,I,-0.4188,0.2722,5,2,L,3
186,L,K,0.002047,0.008057,6,2,L,3
186,L,L,0,0,,2,L,3
186,L,M,0.02782,0.1006,11.5,2,L,3
186,L,N,-0.9355,0.6074,7,2,L,3
186,L,P,0.1175,0.07877,4.5,2,L,3
186,L,Q,-0.6142,0.8963,5,2,L,3
186,L,R,-0.1334,0.379,4.5,2,L,3
186,L,S,-0.2915,0.6006,5.5,2,L,3
186,L,T,-0.4465,0.8265,2,2,L,3
186,L,V,-0.1065,0.3373,4.5,2,L,3
186,L,W,0.1102,0.04597,6,2,L,3
186,L,Y,0.0846,0.06563,5.5,2,L,3
187,P,-,-1.582,,1,1,P,3
187,P,A,-0.4456,0.1788,3.5,2,P,3
187,P,C,-3.197,0.4794,6,2,P,3
187,P,D,-0.5352,0.135,2.5,2,P,3
187,P,E,-0.2819,0.4553,4.5,2,P,3
187,P,F,-1.574,,2.5,1,P,3
187,P,G,-0.61,0.2075,3,2,P,3
187,P,H,-1.962,0.2192,9,2,P,3
187,P,I,-2.428,2.679,4.5,2,P,3
187,P,K,-4.112,0.355,5.5,2,P,3
187,P,L,-1.66,0.3422,4,2,P,3
187,P,M,-1.765,,3.5,1,P,3
187,P,N,-4.856,0.04384,6.5,2,P,3
187,P,P,0,0,,2,P,3
187,P,Q,-3.208,0.7106,1,2,P,3
187,P,R,-2.906,0.28,5,2,P,3
187,P,S,-0.2462,0.2966,4.5,2,P,3
187,P,T,-2.027,0.3302,3.5,2,P,3
187,P,V,-0.5214,0.03811,5.5,2,P,3
187,P,W,-2.254,0.3677,7.5,2,P,3
187,P,Y,-1.631,0.2058,4.5,2,P,3
293,L,-,-0.2232,0.09178,1.5,2,L,4
293,L,A,-4.386,0.2878,7,2,L,4
293,L,C,-4.814,0.28,5.5,2,L,4
293,L,D,-4.84,,1.5,1,L,4
293,L,E,-4.712,0.3203,8,2,L,4
293,L,F,-1.834,1.405,4,2,L,4
293,L,G,-4.882,0.08485,4,2,L,4
293,L,H,-2.905,0.9086,5.5,2,L,4
293,L,I,-1.011,0.3379,3,2,L,4
293,L,K,-4.345,0.7559,3.5,2,L,4
293,L,L,0,0,,2,L,4
293,L,M,-0.1378,0.4018,8.5,2,L,4
293,L,N,-3.453,0.3748,3,2,L,4
293,L,P,-4.344,0.02758,6,2,L,4
293,L,Q,-3.881,0.5621,3,2,L,4
293,L,R,-4.946,0.07637,6,2,L,4
293,L,S,-3.508,0.1648,3,2,L,4
293,L,T,-3.279,0.3755,4.5,2,L,4
293,L,V,-2.293,0.1025,4.5,2,L,4
293,L,W,-4.028,0.321,10.5,2,L,4
293,L,Y,-4.341,0.1754,7.5,2,L,4
294,P,-,-0.5971,0.8328,2,2,P,4
294,P,A,-1.595,0.8794,5,2,P,4
294,P,C,-4.774,0.2192,3.5,2,P,4
294,P,D,-3.405,,1.5,1,P,4
294,P,E,-4.66,0.2652,4,2,P,4
294,P,F,-2.198,1.9,4,2,P,4
294,P,G,-3.191,0.4073,4.5,2,P,4
294,P,H,-2.662,0.5006,10.5,2,P,4
294,P,I,-3.546,0.2609,6.5,2,P,4
294,P,K,-4.962,0.01556,2.5,2,P,4
294,P,L,-3.86,1.494,5.5,2,P,4
294,P,M,-3.393,1.725,4,2,P,4
294,P,N,-3.665,0.6322,9,2,P,4
294,P,P,0,0,,2,P,4
294,P,Q,-3.377,0.03536,5.5,2,P,4
294,P,R,-4.011,1.305,5,2,P,4
294,P,S,-3.117,0.8096,8.5,2,P,4
294,P,T,-3.227,1.581,5,2,P,4
294,P,V,-2.457,2.532,3.5,2,P,4
294,P,W,-2.266,1.452,4,2,P,4
294,P,Y,-2.052,0.4299,6,2,P,4
295,V,-,-0.4247,0.2625,2.5,2,V,4
295,V,A,-0.3214,0.6397,4,2,V,4
295,V,C,-0.02685,0.2234,3,2,V,4
295,V,D,-2.054,0.1294,7,2,V,4
295,V,E,-1.149,0.4348,7,2,V,4
295,V,F,-1.519,1.343,2,2,V,4
295,V,G,-1.633,0.2171,6,2,V,4
295,V,H,-0.3333,0.4016,6.5,2,V,4
295,V,I,-0.6347,0.3275,4,2,V,4
295,V,K,-1,0.2936,2.5,2,V,4
295,V,L,-0.6349,0.1377,9,2,V,4
295,V,M,0.02856,0.0527,11.5,2,V,4
295,V,N,-0.1744,,1,1,V,4
295,V,P,-4.755,0.3352,5.5,2,V,4
295,V,Q,0.06427,0.1474,4,2,V,4
295,V,R,-0.03589,0.123,4,2,V,4
295,V,S,-0.5896,1.074,4.5,2,V,4
295,V,T,-0.1729,0.141,7.5,2,V,4
295,V,V,0,0,,2,V,4
295,V,W,-1.207,1.438,6.5,2,V,4
295,V,Y,-1.337,0.4632,5.5,2,V,4
296,Y,*,-4.974,,1.5,1,Y,4
296,Y,-,-0.7207,0.5082,2.5,2,Y,4
296,Y,A,-2.388,1.141,7,2,Y,4
296,Y,C,-1.755,0.01697,6.5,2,Y,4
296,Y,D,-2.07,0.6767,6,2,Y,4
296,Y,E,-0.7924,0.862,3,2,Y,4
296,Y,F,-0.2996,0.01633,3.5,2,Y,4
296,Y,G,-1.781,0.07849,5,2,Y,4
296,Y,H,-0.1593,0.2395,5,2,Y,4
296,Y,I,-0.1003,0.2236,3,2,Y,4
296,Y,K,-2.473,0.1329,3,2,Y,4
296,Y,L,-0.3087,0.6146,4.5,2,Y,4
296,Y,M,0.1035,0.07769,4.5,2,Y,4
296,Y,N,-0.8212,0.7775,2.5,2,Y,4
296,Y,P,-1.258,0.1655,6,2,Y,4
296,Y,Q,-0.5116,0.6418,6.5,2,Y,4
296,Y,R,-0.7893,0.242,3.5,2,Y,4
296,Y,S,-2.421,1.037,3.5,2,Y,4
296,Y,T,-2.152,0.123,6,2,Y,4
296,Y,V,-0.74,0.001202,2.5,2,Y,4
296,Y,W,-0.2602,0.4503,9,2,Y,4
296,Y,Y,0,0,,2,Y,4
297,H,-,-1.415,,2,1,H,4
297,H,A,-0.1932,0.2091,3,2,H,4
297,H,C,-0.9612,0.4621,6.5,2,H,4
297,H,D,-1.298,0.1796,8.5,2,H,4
297,H,E,-2.089,0.3168,3,2,H,4
297,H,F,-0.8202,1.319,6,2,H,4
297,H,G,-2.126,0.3649,4,2,H,4
297,H,H,0,0,,2,H,4
297,H,I,-3.204,2.505,2.5,2,H,4
297,H,K,-1.185,1.325,4,2,H,4
297,H,L,-0.0991,0.3306,7,2,H,4
297,H,M,-0.3677,0.2411,4,2,H,4
297,H,N,0.128,0.03189,12,2,H,4
297,H,P,-1.982,0.01768,6,2,H,4
297,H,Q,-1.131,0.2499,3,2,H,4
297,H,R,-0.1193,0.3107,7.5,2,H,4
297,H,S,0.1513,0.02517,6,2,H,4
297,H,T,-0.1819,0.421,4,2,H,4
297,H,V,-0.3868,0.05897,10,2,H,4
297,H,W,-2.338,0.3019,7,2,H,4
297,H,Y,-0.3309,0.2732,6,2,H,4
298,K,*,-0.04799,,0.5,1,K,4
298,K,-,-0.6376,0.377,2,2,K,4
298,K,A,-0.08735,0.2866,6.5,2,K,4
298,K,C,-1.243,0.4487,2.5,2,K,4
298,K,D,-0.01521,0.1076,6,2,K,4
298,K,E,0.08295,0.09144,9,2,K,4
298,K,F,-0.1378,0.07565,4,2,K,4
298,K,G,-0.102,0.2951,3.5,2,K,4
298,K,H,-0.01957,0.06196,5.5,2,K,4
298,K,I,-0.4679,0.7495,3.5,2,K,4
298,K,K,0,0,,2,K,4
298,K,L,0.08845,0.06073,3,2,K,4
298,K,M,0.09495,0.09595,5,2,K,4
298,K,N,-1.547,0.4624,12.5,2,K,4
298,K,P,-2.145,0.7113,6,2,K,4
298,K,Q,-0.0424,0.3002,4,2,K,4
298,K,R,-1.419,1.319,6,2,K,4
298,K,S,-0.8078,0.5391,3.5,2,K,4
298,K,T,-0.4064,0.3513,3,2,K,4
298,K,V,-0.04213,0.1671,5,2,K,4
298,K,W,0.09087,0.007007,6.5,2,K,4
298,K,Y,-0.511,0.9207,3.5,2,K,4
299,H,-,-1.263,1.804,2,2,H,4
299,H,A,-1.518,2.203,2.5,2,H,4
299,H,C,-2.3,1.174,5.5,2,H,4
299,H,D,-4.777,0.2546,5.5,2,H,4
299,H,E,-4.941,0.01061,5.5,2,H,4
299,H,F,-1.481,0.6923,5,2,H,4
299,H,G,-4.891,0.02758,2,2,H,4
299,H,H,0,0,,2,H,4
299,H,I,-2.729,1.712,4,2,H,4
299,H,K,-4.314,0.6859,2,2,H,4
299,H,L,-2.712,3.182,2,2,H,4
299,H,M,0.000125,0.07869,5.5,2,H,4
299,H,N,-1.934,0.7467,10.5,2,H,4
299,H,P,-3.325,1.261,4,2,H,4
299,H,Q,-1.818,0.09546,3.5,2,H,4
299,H,R,-4.056,0.2249,6.5,2,H,4
299,H,S,-2.579,0.5664,3.5,2,H,4
299,H,T,-4.867,0.02758,3,2,H,4
299,H,V,-0.5806,0.9283,3.5,2,H,4
299,H,W,-0.9413,0.8934,3,2,H,4
299,H,Y,-3.187,0.2242,7.5,2,H,4
300,T,-,-1.421,1.383,1.5,2,M,4
300,T,A,-0.5197,0.1821,3.5,2,M,4
300,T,C,-0.3444,0.3101,5.5,2,M,4
300,T,D,-0.777,0.8556,2,2,M,4
300,T,E,0.07393,0.1353,2,2,M,4
300,T,F,-1.401,0.2326,5,2,M,4
300,T,G,-0.6427,0.01471,5.5,2,M,4
300,T,H,-1.342,0.4066,5.5,2,M,4
300,T,I,-0.4824,0.8097,5.5,2,M,4
300,T,K,0.0273,0.2005,5,2,M,4
300,T,L,-0.2415,0.1925,6,2,M,4
300,T,M,-0.4819,0.2618,2.5,2,M,4
300,T,N,-0.9203,0.3164,6,2,M,4
300,T,P,-4.925,0.01768,5,2,M,4
300,T,Q,-0.06176,0.1447,4,2,M,4
300,T,R,-0.5003,0.7065,5,2,M,4
300,T,S,-0.02485,0.1807,4,2,M,4
300,T,T,0,0,,2,M,4
300,T,V,-0.5242,0.9742,3,2,M,4
300,T,W,-3.365,2.016,4.5,2,M,4
300,T,Y,-2.45,0.8245,3.5,2,M,4
301,F,-,-0.5612,0.7902,1.5,2,F,4
301,F,A,0.1082,0.09228,11.5,2,F,4
301,F,C,-0.03875,0.3009,6,2,F,4
301,F,D,0.1275,0.01506,6,2,F,4
301,F,E,-0.1002,0.0534,4,2,F,4
301,F,F,0,0,,2,F,4
301,F,G,-0.02035,0.1931,3,2,F,4
301,F,H,0.09552,0.0499,4.5,2,F,4
301,F,I,-0.1178,0.1989,3,2,F,4
301,F,K,-0.7181,1.075,5.5,2,F,4
301,F,L,-0.1439,0.4245,11.5,2,F,4
301,F,M,-0.631,1.068,4,2,F,4
301,F,N,0.03498,0.1069,3.5,2,F,4
301,F,P,-0.9876,0.9665,6.5,2,F,4
301,F,Q,-0.237,0.5335,6.5,2,F,4
301,F,R,-0.3512,0.3554,6.5,2,F,4
301,F,S,0.07836,0.01195,2.5,2,F,4
301,F,T,0.08829,0.04046,4.5,2,F,4
301,F,V,0.1436,0.0432,3,2,F,4
301,F,W,0.08679,0.06803,4.5,2,F,4
301,F,Y,-0.9001,1.458,2.5,2,F,4
302,I,-,-0.9514,,1,1,I,4
302,I,A,-4.928,0.1195,2,2,I,4
302,I,C,-4.768,0.04808,4.5,2,I,4
302,I,D,-4.909,0.04172,4.5,2,I,4
302,I,E,-4.927,0.05515,3.5,2,I,4
302,I,F,-2.777,1.822,6.5,2,I,4
302,I,G,-4.61,0.437,6,2,I,4
302,I,H,-4.88,0.05869,4,2,I,4
302,I,I,0,0,,2,I,4
302,I,K,-4.987,0.01768,6.5,2,I,4
302,I,L,-0.3356,0.6681,1,2,I,4
302,I,M,0.09748,0.1081,3.5,2,I,4
302,I,N,-4.913,0.001414,6,2,I,4
302,I,P,-4.852,0.0693,6.5,2,I,4
302,I,Q,-4.907,0.03394,2.5,2,I,4
302,I,R,-4.911,0.06223,4.5,2,I,4
302,I,S,-4.95,0.009192,9.5,2,I,4
302,I,T,-4.807,0.2744,7.5,2,I,4
302,I,V,-0.0932,0.3176,8,2,I,4
302,I,W,-4.908,0.0297,5,2,I,4
302,I,Y,-4.643,0.3797,6,2,I,4
303,V,-,0.1228,,1,1,V,4
303,V,A,-1.556,2.217,6.5,2,V,4
303,V,C,-0.5615,0.1119,3.5,2,V,4
303,V,D,-0.5769,0.9575,4.5,2,V,4
303,V,E,0.1548,0.02355,3.5,2,V,4
303,V,F,-0.5987,0.5481,6.5,2,V,4
303,V,G,0.1465,0.02828,3.5,2,V,4
303,V,H,-0.9269,1.041,3.5,2,V,4
303,V,I,0.05254,0.1713,6.5,2,V,4
303,V,K,-0.5171,0.9587,5,2,V,4
303,V,L,-1.544,1.973,4,2,V,4
303,V,M,0.02834,0.03282,9.5,2,V,4
303,V,N,-0.2105,0.4452,3.5,2,V,4
303,V,P,-1.846,0.4681,2,2,V,4
303,V,Q,-0.1279,0.3231,7,2,V,4
303,V,R,-0.2779,0.3748,4,2,V,4
303,V,S,-0.229,0.3974,2.5,2,V,4
303,V,T,-0.09274,0.2469,12.5,2,V,4
303,V,V,0,0,,2,V,4
303,V,W,-0.1145,0.3119,7,2,V,4
303,V,Y,-0.4984,0.8947,5,2,V,4
304,L,-,-3.162,,1.5,1,L,4
304,L,A,-2.876,0.4759,3,2,L,4
304,L,C,-1.223,0.9759,3,2,L,4
304,L,D,-4.91,0.08556,7.5,2,L,4
304,L,E,-4.948,0.06788,3.5,2,L,4
304,L,F,-4.921,0.08132,7.5,2,L,4
304,L,G,-4.97,0.01131,8,2,L,4
304,L,H,-4.951,0.03465,4,2,L,4
304,L,I,-0.01395,0.1578,4,2,L,4
304,L,K,-4.948,0.06223,6.5,2,L,4
304,L,L,0,0,,2,L,4
304,L,M,-1.574,,1,1,L,4
304,L,N,-4.918,,3.5,1,L,4
304,L,P,-2.779,3.109,3,2,L,4
304,L,Q,-4.931,0.06293,6.5,2,L,4
304,L,R,-4.389,0.5381,1.5,2,L,4
304,L,S,-4.817,0.1895,4.5,2,L,4
304,L,T,-2.764,,0.5,1,L,4
304,L,V,0.1525,0.02036,2,2,L,4
304,L,W,-4.937,0.07566,4,2,L,4
304,L,Y,-4.898,0.06788,3.5,2,L,4
305,Y,*,-4.349,0.08839,4,2,Y,4
305,Y,-,-0.4348,0.6601,1.5,2,Y,4
305,Y,A,-0.6982,0.6631,2.5,2,Y,4
305,Y,C,-0.3286,0.1076,8,2,Y,4
305,Y,D,-0.667,0.4936,4.5,2,Y,4
305,Y,E,0.1337,0.01471,2.5,2,Y,4
305,Y,F,0.01345,0.2248,4,2,Y,4
305,Y,G,-0.5283,0.9428,3,2,Y,4
305,Y,H,0.05782,0.07832,5,2,Y,4
305,Y,I,-0.05265,0.2856,6,2,Y,4
305,Y,K,-0.8606,0.7261,7,2,Y,4
305,Y,L,-0.2397,0.5677,7,2,Y,4
305,Y,M,-0.09376,0.2062,4.5,2,Y,4
305,Y,N,0.09603,0.1029,9,2,Y,4
305,Y,P,-4.484,0.6753,4.5,2,Y,4
305,Y,Q,0.1043,0.09678,3.5,2,Y,4
305,Y,R,-0.4682,0.1309,5,2,Y,4
305,Y,S,0.1398,,1,1,Y,4
305,Y,T,-1.052,1.153,3.5,2,Y,4
305,Y,V,-0.1584,0.07142,4,2,Y,4
305,Y,W,-0.4046,0.3429,5,2,Y,4
305,Y,Y,0,0,,2,Y,4
306,V,-,-0.004075,0.1167,1.5,2,V,4
306,V,A,-0.06924,0.1137,6,2,V,4
306,V,C,-2.189,0.2171,7.5,2,V,4
306,V,D,-4.917,0.002121,5.5,2,V,4
306,V,E,-4.936,0.06081,3.5,2,V,4
306,V,F,-4.95,0.0495,8,2,V,4
306,V,G,-1.984,1.054,1.5,2,V,4
306,V,H,-4.925,0.02899,4,2,V,4
306,V,I,-1.094,0.8939,4.5,2,V,4
306,V,K,-4.925,0.06223,5,2,V,4
306,V,L,-1.512,1.362,5.5,2,V,4
306,V,M,-4.589,0.4582,8.5,2,V,4
306,V,N,-4.89,0.04243,11.5,2,V,4
306,V,P,-4.726,0.2496,4,2,V,4
306,V,Q,-4.933,0.1117,2.5,2,V,4
306,V,R,-4.927,0.02616,5.5,2,V,4
306,V,S,-0.8277,0.1595,8.5,2,V,4
306,V,T,-1.458,0.8198,5,2,V,4
306,V,V,0,0,,2,V,4
306,V,W,-4.864,0.1435,6,2,V,4
306,V,Y,-4.848,0.0891,7,2,V,4
307,D,-,-0.2607,0.4032,1.5,2,D,4
307,D,A,-0.3224,0.1915,4,2,D,4
307,D,C,-4.021,0.2185,4.5,2,D,4
307,D,D,0,0,,2,D,4
307,D,E,-0.2273,0.1489,4,2,D,4
307,D,F,-0.313,0.4008,2.5,2,D,4
307,D,G,-0.8868,1.282,9,2,D,4
307,D,H,-0.1472,0.3185,2,2,D,4
307,D,I,-1.37,1.016,2.5,2,D,4
307,D,K,-1.004,0.8591,7.5,2,D,4
307,D,L,-1.331,,2,1,D,4
307,D,M,-0.815,0.3195,6.5,2,D,4
307,D,N,-0.3926,0.6729,6,2,D,4
307,D,P,-4.922,0.01697,4,2,D,4
307,D,Q,-0.344,0.3908,8,2,D,4
307,D,R,-1.378,0.06647,8.5,2,D,4
307,D,S,-0.489,,2.5,1,D,4
307,D,T,-0.08045,0.2948,2,2,D,4
307,D,V,-0.504,0.07319,4.5,2,D,4
307,D,W,-0.7951,0.5288,2,2,D,4
307,D,Y,-1.091,1.092,12,2,D,4
308,F,-,-0.4645,0.5995,1.5,2,F,4
308,F,A,-1.818,0.5982,5.5,2,F,4
308,F,C,-4.956,,3,1,F,4
308,F,D,-4.931,0.03323,7.5,2,F,4
308,F,E,-4.854,0.145,4.5,2,F,4
308,F,F,0,0,,2,F,4
308,F,G,-4.585,0.123,5.5,2,F,4
308,F,H,-3.53,0.741,5,2,F,4
308,F,I,-0.3211,0.3988,4,2,F,4
308,F,K,-4.935,0.02616,6.5,2,F,4
308,F,L,-0.6686,0.03656,13.5,2,F,4
308,F,M,0.1295,0.008556,5,2,F,4
308,F,N,-4.942,0.009899,7,2,F,4
308,F,P,-2.496,2.96,2.5,2,F,4
308,F,Q,-4.966,0.05586,4,2,F,4
308,F,R,-4.268,0.9376,2,2,F,4
308,F,S,-4.755,0.1011,4,2,F,4
308,F,T,-2.254,0.1471,3.5,2,F,4
308,F,V,-0.6668,0.4557,3,2,F,4
308,F,W,-0.2793,0.387,5.5,2,F,4
308,F,Y,-0.5113,0.8396,2,2,F,4
309,K,-,-0.0212,0.1544,1.5,2,K,4
309,K,A,-0.3736,0.7747,5,2,K,4
309,K,C,-1.23,0.4773,3.5,2,K,4
309,K,D,-0.4921,0.9219,2.5,2,K,4
309,K,E,-0.4022,0.4847,6.5,2,K,4
309,K,F,-0.06705,0.2961,2,2,K,4
309,K,G,-0.1338,0.03338,7,2,K,4
309,K,H,-0.9249,1.445,7.5,2,K,4
309,K,I,0.05266,0.114,5.5,2,K,4
309,K,K,0,0,,2,K,4
309,K,L,0.07114,0.1162,5.5,2,K,4
309,K,M,-0.01734,0.02797,5,2,K,4
309,K,N,-0.2258,0.4795,12,2,K,4
309,K,P,-0.9077,1.34,3.5,2,K,4
309,K,Q,-0.2427,0.5032,5,2,K,4
309,K,R,-0.09617,0.1519,8,2,K,4
309,K,S,-0.2857,0.5325,7.5,2,K,4
309,K,T,-0.5243,0.7448,6,2,K,4
309,K,V,0.0894,0.07042,6.5,2,K,4
309,K,W,0.03574,0.1914,3.5,2,K,4
309,K,Y,-0.09008,0.09861,6,2,K,4
310,L,-,0.08564,0.1238,2.5,2,P,4
310,L,A,-0.2303,0.3963,4.5,2,P,4
310,L,C,-2.093,1.021,9,2,P,4
310,L,D,-1.068,0.007071,6.5,2,P,4
310,L,E,-0.3543,0.6223,10.5,2,P,4
310,L,F,-0.09568,0.06762,5,2,P,4
310,L,G,-0.0644,0.2855,1.5,2,P,4
310,L,H,0.1526,0.02531,1.5,2,P,4
310,L,I,-0.161,0.287,3,2,P,4
310,L,K,-0.3657,0.5409,3.5,2,P,4
310,L,L,0,0,,2,P,4
310,L,M,0.02278,0.1009,6.5,2,P,4
310,L,N,-1.673,0.7071,2,2,P,4
310,L,P,0.1537,0.02857,2.5,2,P,4
310,L,Q,-0.1659,0.4617,4,2,P,4
310,L,R,-0.6809,0.1409,3.5,2,P,4
310,L,S,-0.3861,0.6676,2.5,2,P,4
310,L,T,0.1227,0.0164,4.5,2,P,4
310,L,V,-0.0965,0.268,3,2,P,4
310,L,W,-0.9555,0.7799,6.5,2,P,4
310,L,Y,-1.067,0.1196,2,2,P,4
311,Q,*,-4.806,0.05728,3.5,2,Q,4
311,Q,-,0.09617,0.02522,1.5,2,Q,4
311,Q,A,0.1487,0.01874,5,2,Q,4
311,Q,C,-3.282,0.01909,5,2,Q,4
311,Q,D,0.1067,0.04397,3,2,Q,4
311,Q,E,0.1033,0.09367,2,2,Q,4
311,Q,F,-0.2775,0.2734,5,2,Q,4
311,Q,G,0.09303,0.1066,4.5,2,Q,4
311,Q,H,0.04414,0.06898,14.5,2,Q,4
311,Q,I,-0.5202,0.4352,3.5,2,Q,4
311,Q,K,-1.3,0.9822,5.5,2,Q,4
311,Q,L,-0.1486,0.1895,5.5,2,Q,4
311,Q,M,-0.05398,0.06163,5,2,Q,4
311,Q,N,0.1228,,2,1,Q,4
311,Q,P,-0.175,0.4411,3.5,2,Q,4
311,Q,Q,0,0,,2,Q,4
311,Q,R,-0.9596,1.321,3.5,2,Q,4
311,Q,S,-0.04695,0.2597,5.5,2,Q,4
311,Q,T,0.02712,,2,1,Q,4
311,Q,V,-0.5354,0.5473,6,2,Q,4
311,Q,W,-1.042,,2,1,Q,4
311,Q,Y,-0.1651,0.4521,2.5,2,Q,4
312,S,-,-0.2537,0.2121,1.5,2,S,4
312,S,A,-0.2422,0.1577,6,2,S,4
312,S,C,-4.948,0.0891,5.5,2,S,4
312,S,D,-0.04198,0.1823,5,2,S,4
312,S,E,0.1271,0.05841,4.5,2,S,4
312,S,F,-0.054,0.2918,4.5,2,S,4
312,S,G,-0.2089,0.4762,6.5,2,S,4
312,S,H,-0.1532,0.4047,4,2,S,4
312,S,I,0.06523,0.1172,5.5,2,S,4
312,S,K,-0.4905,0.4381,5.5,2,S,4
312,S,L,-2.06,2.974,5.5,2,S,4
312,S,M,0.1434,0.009687,2,2,S,4
312,S,N,-0.1439,0.373,9,2,S,4
312,S,P,-0.7349,0.8147,8,2,S,4
312,S,Q,0.05121,0.1182,5.5,2,S,4
312,S,R,-1.036,0.8131,12.5,2,S,4
312,S,S,0,0,,2,S,4
312,S,T,0.05993,0.08636,3.5,2,S,4
312,S,V,-0.2711,0.1771,4.5,2,S,4
312,S,W,0.0248,0.1792,7.5,2,S,4
312,S,Y,-0.06207,0.0658,6,2,S,4
313,G,-,-0.01087,0.0581,2,2,G,4
313,G,A,-0.1636,0.3736,5,2,G,4
313,G,C,-4.41,0.7283,15.5,2,G,4
313,G,D,-0.4854,0.1808,7.5,2,G,4
313,G,E,-0.1395,0.3253,4.5,2,G,4
313,G,F,-0.215,0.3921,4.5,2,G,4
313,G,G,0,0,,2,G,4
313,G,H,-0.4814,0.3723,4,2,G,4
313,G,I,-2.189,2.516,3,2,G,4
313,G,K,-0.4552,0.834,4,2,G,4
313,G,L,-0.3298,0.6375,4.5,2,G,4
313,G,M,-0.2367,0.3243,6.5,2,G,4
313,G,N,-0.000955,0.05677,3,2,G,4
313,G,P,-0.44,0.7793,2.5,2,G,4
313,G,Q,-0.5108,0.747,6,2,G,4
313,G,R,-0.5016,,1,1,G,4
313,G,S,-0.01958,0.02859,6.5,2,G,4
313,G,T,-0.989,0.9121,6,2,G,4
313,G,V,-0.492,0.3779,12.5,2,G,4
313,G,W,-0.4524,0.1102,5.5,2,G,4
313,G,Y,-0.4272,0.00594,5.5,2,G,4
314,V,-,0.0344,0.01849,3,2,G,4
314,V,A,-0.3627,0.5346,3.5,2,G,4
314,V,C,-3.591,1.743,3,2,G,4
314,V,D,-1.696,0.432,4.5,2,G,4
314,V,E,-0.7822,0.9657,3.5,2,G,4
314,V,F,-0.103,,2.5,1,G,4
314,V,G,-1.18,0.9954,3.5,2,G,4
314,V,H,0.04071,0.1578,2.5,2,G,4
314,V,I,0.1331,0.009334,2,2,G,4
314,V,K,-2.385,2.154,4.5,2,G,4
314,V,L,-0.3216,0.3112,8.5,2,G,4
314,V,M,-0.2522,0.002758,9,2,G,4
314,V,N,-0.2582,0.6056,4,2,G,4
314,V,P,0.08265,0.07079,6,2,G,4
314,V,Q,0.04029,0.1144,2.5,2,G,4
314,V,R,-0.4882,0.567,8.5,2,G,4
314,V,S,-0.09026,0.1679,9.5,2,G,4
314,V,T,-0.04682,0.0486,5.5,2,G,4
314,V,V,0,0,,2,G,4
314,V,W,-1.08,0.9012,3.5,2,G,4
314,V,Y,-0.02328,0.04731,5,2,G,4
315,G,-,-0.1133,0.05404,3,2,G,4
315,G,A,-0.1634,0.08372,5.5,2,G,4
315,G,C,-4.769,0.1308,11.5,2,G,4
315,G,D,-1.698,0.2645,8.5,2,G,4
315,G,E,-1.186,0.9583,3,2,G,4
315,G,F,-1.691,0.4038,6.5,2,G,4
315,G,G,0,0,,2,G,4
315,G,H,-0.9399,0.6167,4.5,2,G,4
315,G,I,-2.654,0.6739,4.5,2,G,4
315,G,K,-0.6257,0.501,4.5,2,G,4
315,G,L,-2.203,0.1216,5.5,2,G,4
315,G,M,-0.8594,0.06534,3.5,2,G,4
315,G,N,0.1527,0.02687,3,2,G,4
315,G,P,-0.7428,0.426,5,2,G,4
315,G,Q,-0.353,0.4274,5,2,G,4
315,G,R,-0.02619,0.1099,4,2,G,4
315,G,S,-0.5213,0.9202,5,2,G,4
315,G,T,-0.8395,0.6287,5.5,2,G,4
315,G,V,-0.8653,0.9033,8,2,G,4
315,G,W,-2.885,0.8309,4,2,G,4
315,G,Y,-0.6961,0.05268,8.5,2,G,4
316,R,*,-4.718,,0.5,1,K,4
316,R,-,-0.3378,0.5502,3,2,K,4
316,R,A,-0.3095,0.6425,3.5,2,K,4
316,R,C,-3.192,0.1633,5,2,K,4
316,R,D,-4.814,0.1103,2,2,K,4
316,R,E,-4.797,0.2192,5,2,K,4
316,R,F,-1.527,0.4405,4,2,K,4
316,R,G,-0.5149,0.7667,5.5,2,K,4
316,R,H,-0.3877,0.6697,4,2,K,4
316,R,I,-0.8887,0.07276,10,2,K,4
316,R,K,-0.7676,0.2774,6,2,K,4
316,R,L,-0.01942,0.08553,6,2,K,4
316,R,M,-0.7357,0.5209,2,2,K,4
316,R,N,-2.26,3.359,3,2,K,4
316,R,P,-2.463,3.407,3,2,K,4
316,R,Q,-0.6093,0.9896,3.5,2,K,4
316,R,R,0,0,,2,K,4
316,R,S,0.135,0.005162,5.5,2,K,4
316,R,T,-0.2646,0.1367,6.5,2,K,4
316,R,V,-0.1908,,1.5,1,K,4
316,R,W,-4.575,0.06435,3,2,K,4
316,R,Y,-1.889,0.09475,3.5,2,K,4
317,C,*,-4.834,,1,1,C,4
317,C,-,-0.2352,0.3076,2.5,2,C,4
317,C,A,-4.891,0.07283,4.5,2,C,4
317,C,C,0,0,,2,C,4
317,C,D,-4.946,0.07071,3,2,C,4
317,C,E,-4.689,0.01344,5,2,C,4
317,C,F,-4.829,0.1181,5.5,2,C,4
317,C,G,-4.974,0.03253,4.5,2,C,4
317,C,H,-4.829,0.0891,3.5,2,C,4
317,C,I,-4.931,0.07212,4,2,C,4
317,C,K,-4.931,0.06364,4.5,2,C,4
317,C,L,-4.946,0.03536,3.5,2,C,4
317,C,M,-4.889,0.03748,9.5,2,C,4
317,C,N,-4.877,0.009899,4,2,C,4
317,C,P,-4.93,0.08627,2.5,2,C,4
317,C,Q,-4.872,0.02333,4,2,C,4
317,C,R,-2.548,3.462,2,2,C,4
317,C,S,-4.909,0.01202,7,2,C,4
317,C,T,-4.788,0.2227,3.5,2,C,4
317,C,V,-4.854,0.05374,5.5,2,C,4
317,C,W,-4.704,0.04031,5.5,2,C,4
317,C,Y,-4.928,0.02404,7,2,C,4
318,F,-,-0.2122,0.02093,3.5,2,F,4
318,F,A,-0.5502,0.6813,4,2,F,4
318,F,C,-4.699,0.3175,4,2,F,4
318,F,D,-4.897,,1.5,1,F,4
318,F,E,-4.668,0.4872,2,2,F,4
318,F,F,0,0,,2,F,4
318,F,G,-2.345,,3.5,1,F,4
318,F,H,0.00235,0.1774,4.5,2,F,4
318,F,I,-0.0151,0.215,3,2,F,4
318,F,K,-1.157,0.7953,7.5,2,F,4
318,F,L,-0.2542,0.02906,15,2,F,4
318,F,M,-0.1988,0.4775,3.5,2,F,4
318,F,N,-3.576,0.6838,6.5,2,F,4
318,F,P,-4.922,0.02899,5,2,F,4
318,F,Q,-0.3586,0.1503,5.5,2,F,4
318,F,R,-1.639,1.028,3,2,F,4
318,F,S,-0.8871,0.08033,10,2,F,4
318,F,T,-0.7929,0.6436,2.5,2,F,4
318,F,V,-0.7306,0.104,3.5,2,F,4
318,F,W,-0.0156,0.1338,3,2,F,4
318,F,Y,-0.2743,0.3518,9.5,2,F,4
319,N,-,-0.1837,0.3141,3.5,2,N,4
319,N,A,-4.282,0.8181,2,2,N,4
319,N,C,-5.011,,2,1,N,4
319,N,D,-4.924,0.07637,7,2,N,4
319,N,E,-4.902,0.02899,1.5,2,N,4
319,N,F,-4.902,0.02333,4.5,2,N,4
319,N,G,-4.873,0.03677,5.5,2,N,4
319,N,H,-4.96,0.06859,6.5,2,N,4
319,N,I,-4.894,0.05091,2.5,2,N,4
319,N,K,-4.967,0.01697,8.5,2,N,4
319,N,L,-4.941,0.04172,9,2,N,4
319,N,M,-4.905,0.1202,3.5,2,N,4
319,N,N,0,0,,2,N,4
319,N,P,-4.767,0.2072,4.5,2,N,4
319,N,Q,-4.937,0.03111,5.5,2,N,4
319,N,R,-4.923,0.01344,3.5,2,N,4
319,N,S,-1.124,0.7239,5.5,2,N,4
319,N,T,-4.623,0.2609,7,2,N,4
319,N,V,-4.947,0.08485,3.5,2,N,4
319,N,W,-4.793,0.0594,7,2,N,4
319,N,Y,-4.816,0.1584,5,2,N,4
320,C,-,-0.02404,0.05805,3.5,2,C,4
320,C,A,-4.899,0.01909,4.5,2,C,4
320,C,C,0,0,,2,C,4
320,C,D,-4.902,0.01768,4,2,C,4
320,C,E,-4.712,0.3946,2,2,C,4
320,C,F,-4.861,0.21,8.5,2,C,4
320,C,G,-4.486,0.63,4.5,2,C,4
320,C,H,-4.954,0.01061,7,2,C,4
320,C,I,-4.876,0.0198,2.5,2,C,4
320,C,K,-4.929,0.02333,4.5,2,C,4
320,C,L,-4.928,0.02404,7,2,C,4
320,C,M,-4.39,0.6696,3.5,2,C,4
320,C,N,-4.918,0.0997,2.5,2,C,4
320,C,P,-4.976,0.01414,4.5,2,C,4
320,C,Q,-4.808,0.1131,5,2,C,4
320,C,R,-4.937,0.005657,6,2,C,4
320,C,S,-4.918,0.1252,5.5,2,C,4
320,C,T,-4.931,0.06718,6,2,C,4
320,C,V,-4.905,0.02333,2.5,2,C,4
320,C,W,-4.936,0.006364,4,2,C,4
320,C,Y,-4.938,0.02404,8,2,C,4
321,R,-,0.0245,0.06736,3.5,2,Y,4
321,R,A,-0.08337,0.1672,3,2,Y,4
321,R,C,-3.591,1.554,3.5,2,Y,4
321,R,D,-0.5723,0.5086,3,2,Y,4
321,R,E,0.1007,0.0008485,5,2,Y,4
321,R,F,0.02677,0.06781,4,2,Y,4
321,R,G,-0.0011,0.1478,7.5,2,Y,4
321,R,H,-0.3923,0.7473,4,2,Y,4
321,R,I,-0.2368,0.303,10,2,Y,4
321,R,K,-0.2056,0.4304,6,2,Y,4
321,R,L,-0.62,0.04511,4,2,Y,4
321,R,M,0.01348,0.0005233,3.5,2,Y,4
321,R,N,-0.02505,0.256,5.5,2,Y,4
321,R,P,0.0238,0.1872,2,2,Y,4
321,R,Q,0.01023,0.1116,8,2,Y,4
321,R,R,0,0,,2,Y,4
321,R,S,-4.957,0.06293,3,2,Y,4
321,R,T,-4.886,,2,1,Y,4
321,R,V,-0.4362,0.7692,4,2,Y,4
321,R,W,-0.7719,0.1095,6,2,Y,4
321,R,Y,-0.2081,0.4227,4,2,Y,4
322,P,-,-0.9236,1.249,3.5,2,P,4
322,P,A,-2.397,2.64,5.5,2,P,4
322,P,C,-4.818,0.1004,4.5,2,P,4
322,P,D,-4.986,0.01768,12,2,P,4
322,P,E,-3.936,1.287,2,2,P,4
322,P,F,-4.904,0.03536,5.5,2,P,4
322,P,G,-4.897,0.05869,6,2,P,4
322,P,H,-4.991,0.0297,9,2,P,4
322,P,I,-4.845,0.05728,2,2,P,4
322,P,K,-4.949,,2,1,P,4
322,P,L,-4.873,0.01838,5.5,2,P,4
322,P,M,-3.997,0.7637,3.5,2,P,4
322,P,N,-4.898,0.009899,3.5,2,P,4
322,P,P,0,0,,2,P,4
322,P,Q,-4.933,0.02475,4,2,P,4
322,P,R,-4.927,0.007778,5.5,2,P,4
322,P,S,-4.609,0.1789,5.5,2,P,4
322,P,T,-4.905,0.02899,5,2,P,4
322,P,V,-3.796,0.4667,5.5,2,P,4
322,P,W,-4.768,0.3203,2.5,2,P,4
322,P,Y,-4.896,0.06364,2.5,2,P,4
323,A,-,-0.3343,0.5589,4,2,A,4
323,A,A,0,0,,2,A,4
323,A,C,-0.7284,0.0688,5.5,2,A,4
323,A,D,-0.4661,0.7721,5,2,A,4
323,A,E,0.06305,0.0862,5.5,2,A,4
323,A,F,-2.218,2.309,1.5,2,A,4
323,A,G,0.05894,0.02545,5,2,A,4
323,A,H,-0.1497,0.4506,4.5,2,A,4
323,A,I,-0.1145,0.04583,5,2,A,4
323,A,K,0.09002,0.02939,1.5,2,A,4
323,A,L,0.06266,0.04665,3.5,2,A,4
323,A,M,-0.5654,0.3523,4,2,A,4
323,A,N,-0.259,0.5407,5,2,A,4
323,A,P,-0.9305,0.5663,5,2,A,4
323,A,Q,-0.4184,0.7171,4,2,A,4
323,A,R,-0.3175,0.4989,8.5,2,A,4
323,A,S,-0.6389,0.2575,10,2,A,4
323,A,T,-0.4909,0.4844,9.5,2,A,4
323,A,V,-0.7666,1.198,9,2,A,4
323,A,W,0.0775,0.09361,2,2,A,4
323,A,Y,0.09521,0.04737,3,2,A,4
324,V,-,-0.19,0.4395,3,2,G,4
324,V,A,-0.05175,0.3079,5,2,G,4
324,V,C,-0.6255,0.5932,4,2,G,4
324,V,D,0.1112,0.07646,1.5,2,G,4
324,V,E,-0.3883,0.7473,6,2,G,4
324,V,F,0.04295,0.06229,5,2,G,4
324,V,G,-0.05943,,1.5,1,G,4
324,V,H,0.1386,0.03776,3.5,2,G,4
324,V,I,0.00135,0.1852,7,2,G,4
324,V,K,-0.1029,0.1131,9.5,2,G,4
324,V,L,-0.2172,0.4201,8,2,G,4
324,V,M,-0.1399,0.3847,9,2,G,4
324,V,N,0.09463,0.05157,4.5,2,G,4
324,V,P,0.1265,0.01252,4.5,2,G,4
324,V,Q,0.1113,0.02927,4.5,2,G,4
324,V,R,-0.08412,0.01891,3.5,2,G,4
324,V,S,0.06374,0.01484,5,2,G,4
324,V,T,-0.2429,0.5056,9.5,2,G,4
324,V,V,0,0,,2,G,4
324,V,W,0.1361,0.0449,4.5,2,G,4
324,V,Y,-1.015,1.646,4.5,2,G,4
325,V,-,-0.05504,0.1131,2.5,2,V,4
325,V,A,0.06913,0.1446,5.5,2,V,4
325,V,C,-1.081,1.638,3.5,2,V,4
325,V,D,-0.8288,,2,1,V,4
325,V,E,0.04673,0.1189,8,2,V,4
325,V,F,-0.1606,0.4332,4,2,V,4
325,V,G,-0.8436,0.09595,6.5,2,V,4
325,V,H,-1.006,0.8876,2.5,2,V,4
325,V,I,-0.2851,0.06859,8,2,V,4
325,V,K,-0.291,0.6331,4.5,2,V,4
325,V,L,-0.1842,0.3844,7,2,V,4
325,V,M,-0.1674,0.4122,7,2,V,4
325,V,N,-0.8077,0.7924,7,2,V,4
325,V,P,-0.204,0.2548,7.5,2,V,4
325,V,Q,-0.1125,0.3256,4.5,2,V,4
325,V,R,-1.255,0.2355,3.5,2,V,4
325,V,S,-0.4219,0.3822,5,2,V,4
325,V,T,-0.6298,0.3132,5,2,V,4
325,V,V,0,0,,2,V,4
325,V,W,-0.1508,0.3527,3.5,2,V,4
325,V,Y,-0.5045,0.2593,6.5,2,V,4
326,N,-,-0.1055,0.2167,2.5,2,N,4
326,N,A,-1.172,0.3694,1.5,2,N,4
326,N,C,-4.885,0.1464,2,2,N,4
326,N,D,-0.5925,0.9157,6.5,2,N,4
326,N,E,-0.928,1.498,2.5,2,N,4
326,N,F,-3.046,1.01,8,2,N,4
326,N,G,-2.974,1.348,3,2,N,4
326,N,H,-1.106,0.01838,6.5,2,N,4
326,N,I,-3.648,1.143,5.5,2,N,4
326,N,K,-1.496,0.2029,2.5,2,N,4
326,N,L,-4.122,0.7792,10,2,N,4
326,N,M,-2.113,0.5558,3.5,2,N,4
326,N,N,0,0,,2,N,4
326,N,P,-4.767,0.1909,4.5,2,N,4
326,N,Q,-2.3,1.244,2.5,2,N,4
326,N,R,-2.677,2.759,1.5,2,N,4
326,N,S,-1.319,0.2404,5.5,2,N,4
326,N,T,-1.111,0.4727,2,2,N,4
326,N,V,-2.747,1.467,4,2,N,4
326,N,W,-4.135,0.5353,4.5,2,N,4
326,N,Y,-2.134,0.3649,6,2,N,4
327,I,-,-0.8304,1.351,3,2,I,4
327,I,A,-2.415,0.5812,5,2,I,4
327,I,C,-1.41,0.2489,5.5,2,I,4
327,I,D,-4.878,0.1294,3,2,I,4
327,I,E,-4.902,0.007071,5,2,I,4
327,I,F,-2.339,0.4582,4,2,I,4
327,I,G,-4.952,,3,1,I,4
327,I,H,-4.95,0.03041,3,2,I,4
327,I,I,0,0,,2,I,4
327,I,K,-4.96,0.07425,6,2,I,4
327,I,L,-0.1673,0.2706,3,2,I,4
327,I,M,-0.3364,0.1339,4.5,2,I,4
327,I,N,-4.987,0.01414,6.5,2,I,4
327,I,P,-4.97,0.0007071,6,2,I,4
327,I,Q,-4.936,0.07637,2.5,2,I,4
327,I,R,-2.22,3.009,1.5,2,I,4
327,I,S,-4.886,0.06859,11.5,2,I,4
327,I,T,-1.17,0.3159,6.5,2,I,4
327,I,V,-0.1207,0.1476,4.5,2,I,4
327,I,W,-4.925,0.006364,6,2,I,4
327,I,Y,-3.766,0.0297,7,2,I,4
328,T,-,-0.5558,0.3742,3,2,T,4
328,T,A,-0.847,1.288,4.5,2,T,4
328,T,C,-4.522,0.4561,5.5,2,T,4
328,T,D,-1.851,0.4794,4.5,2,T,4
328,T,E,-0.0977,0.06053,2.5,2,T,4
328,T,F,-1.869,1.115,4,2,T,4
328,T,G,-0.9415,0.3246,3.5,2,T,4
328,T,H,-2.053,2.581,2,2,T,4
328,T,I,-0.9808,0.1474,5.5,2,T,4
328,T,K,-1.117,0.03182,5,2,T,4
328,T,L,-0.8718,0.3538,3,2,T,4
328,T,M,-0.6014,0.5708,4.5,2,T,4
328,T,N,-1.05,0.5685,5.5,2,T,4
328,T,P,-4.96,0.02051,6.5,2,T,4
328,T,Q,-2.181,2.385,3,2,T,4
328,T,R,-1.253,0.9081,4.5,2,T,4
328,T,S,0.04784,0.1152,5,2,T,4
328,T,T,0,0,,2,T,4
328,T,V,-1.243,0.1782,4.5,2,T,4
328,T,W,-0.3284,0.6432,4,2,T,4
328,T,Y,-1.121,0.1676,5,2,T,4
329,L,-,-0.1545,0.2346,3,2,L,4
329,L,A,-4.75,0.2135,4.5,2,L,4
329,L,C,-4.94,0.09758,4.5,2,L,4
329,L,D,-4.961,0.01697,5.5,2,L,4
329,L,E,-4.904,0.02051,3.5,2,L,4
329,L,F,-1.405,0.01768,5,2,L,4
329,L,G,-4.7,0.2659,4.5,2,L,4
329,L,H,-4.897,0.01202,4.5,2,L,4
329,L,I,-0.3388,0.7225,2.5,2,L,4
329,L,K,-4.973,0.05162,3.5,2,L,4
329,L,L,0,0,,2,L,4
329,L,M,-1.857,2.551,8,2,L,4
329,L,N,-4.91,0.02899,3,2,L,4
329,L,P,-4.754,0.1994,7.5,2,L,4
329,L,Q,-4.964,0.06364,11,2,L,4
329,L,R,-4.941,0.0198,8,2,L,4
329,L,S,-4.912,0.06647,6.5,2,L,4
329,L,T,-2.545,3.363,5.5,2,L,4
329,L,V,-1.753,1.225,3.5,2,L,4
329,L,W,-4.676,0.3281,3,2,L,4
329,L,Y,-4.922,0.005657,6.5,2,L,4
330,A,-,0.05516,0.07953,2,2,A,4
330,A,A,0,0,,2,A,4
330,A,C,-0.1218,0.3951,2.5,2,A,4
330,A,D,0.1286,0.001344,4.5,2,A,4
330,A,E,0.02917,0.04401,3.5,2,A,4
330,A,F,0.08758,0.02889,5,2,A,4
330,A,G,-0.1401,0.3248,4,2,A,4
330,A,H,-0.1229,0.1306,5,2,A,4
330,A,I,-0.8798,1.132,2,2,A,4
330,A,K,-0.02275,0.1945,3.5,2,A,4
330,A,L,-0.4538,0.6438,9,2,A,4
330,A,M,-0.07225,0.2774,4,2,A,4
330,A,N,0.0638,0.002256,7,2,A,4
330,A,P,-0.2639,0.5901,7,2,A,4
330,A,Q,-0.0493,0.253,5,2,A,4
330,A,R,-0.1253,0.3671,4,2,A,4
330,A,S,0.02637,0.1371,6.5,2,A,4
330,A,T,0.04451,0.1621,12,2,A,4
330,A,V,-0.2437,0.3394,8.5,2,A,4
330,A,W,-0.0252,0.1527,7.5,2,A,4
330,A,Y,0.02729,0.1079,6.5,2,A,4
331,N,-,0.03206,0.01121,1.5,2,N,4
331,N,A,-0.3357,0.03543,3,2,N,4
331,N,C,-0.5259,0.1969,3.5,2,N,4
331,N,D,-0.4661,0.6617,7,2,N,4
331,N,E,-0.226,0.2371,7,2,N,4
331,N,F,-0.09565,0.2891,4,2,N,4
331,N,G,-0.273,0.105,4.5,2,N,4
331,N,H,0.01346,0.04735,10,2,N,4
331,N,I,-1.236,0.1704,3.5,2,N,4
331,N,K,0.0059,0.2237,10.5,2,N,4
331,N,L,-0.3696,0.1696,6.5,2,N,4
331,N,M,-0.2214,0.4887,5,2,N,4
331,N,N,0,0,,2,N,4
331,N,P,-0.6539,0.2715,4.5,2,N,4
331,N,Q,0.1342,,0.5,1,N,4
331,N,R,-0.4695,0.02362,7,2,N,4
331,N,S,-0.258,0.56,3.5,2,N,4
331,N,T,0.1261,0.01697,2.5,2,N,4
331,N,V,-0.8875,0.1648,6.5,2,N,4
331,N,W,-0.5102,0.2379,9,2,N,4
331,N,Y,0.0299,0.04308,10,2,N,4
332,F,-,-0.1244,0.0459,2,2,F,4
332,F,A,0.1419,0.006435,4,2,F,4
332,F,C,-0.7054,0.1941,6,2,F,4
332,F,D,0.0972,0.09998,7.5,2,F,4
332,F,E,-0.9689,1.567,4,2,F,4
332,F,F,0,0,,2,F,4
332,F,G,-0.1509,0.4596,6,2,F,4
332,F,H,0.1072,0.06034,5,2,F,4
332,F,I,-0.4546,0.0787,3,2,F,4
332,F,K,0.1312,,2,1,F,4
332,F,L,-0.02525,0.04062,14,2,F,4
332,F,M,-0.2293,0.2631,4.5,2,F,4
332,F,N,0.05579,0.001937,4.5,2,F,4
332,F,P,-0.05463,0.1839,6,2,F,4
332,F,Q,-0.4621,,2,1,F,4
332,F,R,-1.135,1.715,4.5,2,F,4
332,F,S,0.1323,0.05332,5,2,F,4
332,F,T,-0.1706,0.2102,4,2,F,4
332,F,V,-0.08638,0.2108,4.5,2,F,4
332,F,W,-0.0281,0.2845,4.5,2,F,4
332,F,Y,0.1219,,5,1,F,4
333,N,-,-0.1049,0.1019,1.5,2,N,4
333,N,A,-0.03978,0.14,8,2,N,4
333,N,C,-0.753,0.278,3,2,N,4
333,N,D,0.1346,0.0461,11.5,2,N,4
333,N,E,0.09939,0.1055,6.5,2,N,4
333,N,F,-0.5759,1.02,3,2,N,4
333,N,G,-0.1545,0.314,3,2,N,4
333,N,H,-0.4503,0.6305,3.5,2,N,4
333,N,I,-0.1394,0.3791,3.5,2,N,4
333,N,K,-0.135,0.1815,3.5,2,N,4
333,N,L,-0.0583,0.2589,6,2,N,4
333,N,M,-0.1805,0.3885,4,2,N,4
333,N,N,0,0,,2,N,4
333,N,P,-0.7756,0.8533,5.5,2,N,4
333,N,Q,-1.168,1.666,1,2,N,4
333,N,R,-0.7669,0.1734,4,2,N,4
333,N,S,-0.3975,0.2498,4,2,N,4
333,N,T,0.1369,,1.5,1,N,4
333,N,V,0.08539,0.1201,5.5,2,N,4
333,N,W,-0.00115,0.1662,7.5,2,N,4
333,N,Y,0.0875,0.05656,5,2,N,4
334,E,*,-4.978,0.02758,11,2,E,4
334,E,-,0.07808,0.05914,1,2,E,4
334,E,A,0.133,0.005515,2.5,2,E,4
334,E,C,-0.942,0.006505,7,2,E,4
334,E,D,0.1372,0.01846,4,2,E,4
334,E,E,0,0,,2,E,4
334,E,F,-0.1256,0.3572,6,2,E,4
334,E,G,-0.19,0.1383,3,2,E,4
334,E,H,-0.0637,0.2867,2.5,2,E,4
334,E,I,-0.5394,0.9682,6,2,E,4
334,E,K,-0.2515,0.4784,19,2,E,4
334,E,L,-0.3266,0.0968,3.5,2,E,4
334,E,M,0.06279,0.05857,4,2,E,4
334,E,N,0.1488,0.01584,4.5,2,E,4
334,E,P,-0.4451,0.235,5,2,E,4
334,E,Q,0.06162,0.04704,4.5,2,E,4
334,E,R,-0.695,0.7594,2.5,2,E,4
334,E,S,0.113,0.02664,5.5,2,E,4
334,E,T,-0.0738,0.3004,7,2,E,4
334,E,V,-0.03015,0.1938,4,2,E,4
334,E,W,0.07722,0.003486,5,2,E,4
334,E,Y,-0.177,0.4352,13,2,E,4
335,T,-,-0.02222,0.035,1,2,T,4
335,T,A,-0.02805,0.008931,8.5,2,T,4
335,T,C,-3.436,1.113,6,2,T,4
335,T,D,-0.04359,0.1488,3,2,T,4
335,T,E,0.1149,0.03422,4,2,T,4
335,T,F,-0.4833,0.916,3.5,2,T,4
335,T,G,-0.1447,0.109,6.5,2,T,4
335,T,H,0.07211,0.08668,5.5,2,T,4
335,T,I,-0.01453,0.08753,10.5,2,T,4
335,T,K,0.1422,0.01146,2,2,T,4
335,T,L,0.08203,0.1021,4.5,2,T,4
335,T,M,-0.1478,0.3862,5,2,T,4
335,T,N,0.06029,0.09872,7,2,T,4
335,T,P,-0.1595,0.4231,6.5,2,T,4
335,T,Q,0.1065,0.04208,4,2,T,4
335,T,R,0.0045,0.1765,7,2,T,4
335,T,S,-0.7215,,3,1,T,4
335,T,T,0,0,,2,T,4
335,T,V,-0.09651,0.1554,3,2,T,4
335,T,W,-0.2681,0.5462,4.5,2,T,4
335,T,Y,-0.0156,0.2656,3.5,2,T,4
336,K,-,-0.1272,,0.5,1,K,4
336,K,A,0.1543,0.02539,4,2,K,4
336,K,C,-1.789,0.3345,6.5,2,K,4
336,K,D,-0.1875,0.4425,4.5,2,K,4
336,K,E,0.05194,0.1531,9,2,K,4
336,K,F,-0.02105,0.2666,3.5,2,K,4
336,K,G,-1.5,2.322,2,2,K,4
336,K,H,-0.07043,0.1595,3.5,2,K,4
336,K,I,0.1066,0.04571,5,2,K,4
336,K,K,0,0,,2,K,4
336,K,L,-0.03685,0.2285,3,2,K,4
336,K,M,0.154,0.02107,4,2,K,4
336,K,N,-0.06749,0.09193,8,2,K,4
336,K,P,0.1411,0.02213,3.5,2,K,4
336,K,Q,-0.08203,0.007927,7,2,K,4
336,K,R,-0.2502,0.4085,4,2,K,4
336,K,S,0.07657,0.1153,6,2,K,4
336,K,T,0.1174,0.0164,3.5,2,K,4
336,K,V,-1.593,2.255,3,2,K,4
336,K,W,-0.5689,1.047,3,2,K,4
336,K,Y,0.1119,0.02128,6,2,K,4
337,G,-,0.1277,,0.5,1,G,4
337,G,A,0.05675,0.1653,4,2,G,4
337,G,C,-2.062,0.4144,12,2,G,4
337,G,D,-1.392,2.197,4,2,G,4
337,G,E,0.08384,0.04902,5.5,2,G,4
337,G,F,-1.408,0.7212,2,2,G,4
337,G,G,0,0,,2,G,4
337,G,H,-0.8655,0.0338,6,2,G,4
337,G,I,-0.6658,0.5334,12,2,G,4
337,G,K,-0.5416,0.2003,6,2,G,4
337,G,L,-0.8451,0.4538,5.5,2,G,4
337,G,M,0.05307,0.1156,2,2,G,4
337,G,N,-0.2578,0.4584,5.5,2,G,4
337,G,P,-0.6356,0.2038,3,2,G,4
337,G,Q,0.05784,0.1136,5,2,G,4
337,G,R,-0.7173,1.139,6,2,G,4
337,G,S,-0.1685,0.3047,7.5,2,G,4
337,G,T,-0.3016,0.03274,4,2,G,4
337,G,V,-0.941,0.6237,8.5,2,G,4
337,G,W,-1.178,1.183,6,2,G,4
337,G,Y,-0.9077,0.9521,2.5,2,G,4
338,P,-,-0.01543,,0.5,1,P,4
338,P,A,-0.3962,0.3102,7.5,2,P,4
338,P,C,-0.7972,1.045,4,2,P,4
338,P,D,-0.9116,1.176,4.5,2,P,4
338,P,E,-0.473,0.6586,2,2,P,4
338,P,F,-0.4945,0.5115,3,2,P,4
338,P,G,-0.5179,0.9363,9.5,2,P,4
338,P,H,-0.3861,0.3119,10.5,2,P,4
338,P,I,-0.3305,0.01824,7,2,P,4
338,P,K,-1.839,0.42,4.5,2,P,4
338,P,L,-1.491,2.128,3,2,P,4
338,P,M,0.1478,0.03161,5,2,P,4
338,P,N,-0.9046,0.8632,3.5,2,P,4
338,P,P,0,0,,2,P,4
338,P,Q,-0.3965,0.6593,3.5,2,P,4
338,P,R,-0.638,0.6506,5.5,2,P,4
338,P,S,-1.352,1.82,3.5,2,P,4
338,P,T,-0.09491,0.255,6.5,2,P,4
338,P,V,-0.172,0.3696,4,2,P,4
338,P,W,-1.572,1.277,5,2,P,4
338,P,Y,-0.5299,,1,1,P,4
339,L,-,-0.5838,0.443,1,2,L,4
339,L,A,-0.7513,0.1981,5,2,L,4
339,L,C,-0.8738,0.5334,5,2,L,4
339,L,D,-4.76,0.03182,3.5,2,L,4
339,L,E,-0.4527,0.8843,3,2,L,4
339,L,F,0.05087,0.1031,5,2,L,4
339,L,G,-4.502,0.4837,3.5,2,L,4
339,L,H,-0.6159,0.57,2.5,2,L,4
339,L,I,-0.041,0.11,4.5,2,L,4
339,L,K,-0.8824,0.8225,5,2,L,4
339,L,L,0,0,,2,L,4
339,L,M,-0.3467,0.1956,5,2,L,4
339,L,N,-0.0818,0.3469,2.5,2,L,4
339,L,P,-4.809,0.009192,6,2,L,4
339,L,Q,-0.6766,0.7345,4,2,L,4
339,L,R,-2.066,2.04,5,2,L,4
339,L,S,-0.6122,0.629,4.5,2,L,4
339,L,T,-1.724,0.968,4.5,2,L,4
339,L,V,0.00281,0.09207,6,2,L,4
339,L,W,-0.8261,0.376,6.5,2,L,4
339,L,Y,-0.2052,0.4638,6,2,L,4
340,C,*,-2.159,3.137,3,2,C,4
340,C,-,0.006766,0.005351,1,2,C,4
340,C,A,-4.885,0.02546,3.5,2,C,4
340,C,C,0,0,,2,C,4
340,C,D,-4.348,0.8577,3,2,C,4
340,C,E,-4.679,0.3048,8,2,C,4
340,C,F,-4.632,0.3125,10,2,C,4
340,C,G,-4.889,0.02758,6.5,2,C,4
340,C,H,-4.889,0.005657,3,2,C,4
340,C,I,-4.858,0.1478,6.5,2,C,4
340,C,K,-4.321,0.7969,3,2,C,4
340,C,L,-4.938,0.0007071,5,2,C,4
340,C,M,-4.893,0.03677,6,2,C,4
340,C,N,-4.667,0.3917,3,2,C,4
340,C,P,-4.841,0.1718,8.5,2,C,4
340,C,Q,-4.948,0.02121,14.5,2,C,4
340,C,R,-4.957,0.04738,8.5,2,C,4
340,C,S,-4.977,0.04384,4.5,2,C,4
340,C,T,-4.829,0.1478,4,2,C,4
340,C,V,-4.894,0.05233,2.5,2,C,4
340,C,W,-4.924,0.01909,5.5,2,C,4
340,C,Y,-2.436,3.542,7,2,C,4
341,V,-,0.0665,0.09588,1,2,V,4
341,V,A,-0.4908,0.5412,3.5,2,V,4
341,V,C,-0.9152,0.6418,1,2,V,4
341,V,D,-4.927,0.02263,5,2,V,4
341,V,E,-4.931,0.01909,4,2,V,4
341,V,F,-4.956,0.0693,10.5,2,V,4
341,V,G,-4.954,0.02899,6,2,V,4
341,V,H,-4.941,0.0799,3.5,2,V,4
341,V,I,-0.4476,0.818,9,2,V,4
341,V,K,-4.954,0.04031,7.5,2,V,4
341,V,L,-0.03601,0.02623,3,2,V,4
341,V,M,-2.88,1.006,2,2,V,4
341,V,N,-4.969,0.05374,5.5,2,V,4
341,V,P,-0.00475,0.246,2,2,V,4
341,V,Q,-4.938,0.01061,5,2,V,4
341,V,R,-4.793,0.1761,7,2,V,4
341,V,S,-4.885,0.08839,4,2,V,4
341,V,T,-4.566,0.5268,5.5,2,V,4
341,V,V,0,0,,2,V,4
341,V,W,-4.919,0.04879,3.5,2,V,4
341,V,Y,-4.589,0.4384,5.5,2,V,4
342,D,-,-0.1931,0.1767,1,2,D,4
342,D,A,-0.6943,1.14,4.5,2,D,4
342,D,C,-1.452,0.4306,3,2,D,4
342,D,D,0,0,,2,D,4
342,D,E,0.04572,0.01826,5.5,2,D,4
342,D,F,-0.1659,0.4477,6,2,D,4
342,D,G,0.00382,0.0446,8,2,D,4
342,D,H,-0.1349,0.2037,10,2,D,4
342,D,I,-0.26,0.2539,1.5,2,D,4
342,D,K,-0.3341,0.507,8.5,2,D,4
342,D,L,-0.3852,0.01683,5,2,D,4
342,D,M,0.05863,0.1135,5,2,D,4
342,D,N,-0.4017,0.3357,6.5,2,D,4
342,D,P,-0.1677,0.4786,5,2,D,4
342,D,Q,0.08154,0.1118,5.5,2,D,4
342,D,R,-0.5683,0.2504,6,2,D,4
342,D,S,0.1126,,1,1,D,4
342,D,T,0.07445,0.03896,8.5,2,D,4
342,D,V,-0.2109,0.4955,5,2,D,4
342,D,W,-0.1491,0.25,8.5,2,D,4
342,D,Y,-0.08681,0.05104,17.5,2,D,4
343,T,-,-0.2389,,0.5,1,T,4
343,T,A,-1.652,0.3656,5.5,2,T,4
343,T,C,-2.489,0.7418,4.5,2,T,4
343,T,D,-1.69,0.5339,7,2,T,4
343,T,E,-0.6718,0.06449,3.5,2,T,4
343,T,F,-3.432,1.334,7,2,T,4
343,T,G,-0.7454,1.107,2,2,T,4
343,T,H,-0.965,1.491,2,2,T,4
343,T,I,-4.899,0.001414,7.5,2,T,4
343,T,K,-0.439,0.1047,3.5,2,T,4
343,T,L,-4.158,0.5332,8.5,2,T,4
343,T,M,-4.983,,2,1,T,4
343,T,N,-0.6814,0.7872,3,2,T,4
343,T,P,-1.973,0.8217,2,2,T,4
343,T,Q,-0.4322,0.8369,4,2,T,4
343,T,R,-1.413,0.6972,3,2,T,4
343,T,S,-1.074,0.04455,5,2,T,4
343,T,T,0,0,,2,T,4
343,T,V,-1.361,1.138,3.5,2,T,4
343,T,W,-4.914,0.002828,4,2,T,4
343,T,Y,-2.316,0.1867,6.5,2,T,4
344,S,-,-3.222,2.49,1,2,S,4
344,S,A,-0.8141,1.099,3.5,2,S,4
344,S,C,-2.524,0.8132,5,2,S,4
344,S,D,0.1727,,2.5,1,S,4
344,S,E,-0.7589,1.313,4,2,S,4
344,S,F,-1.829,0.1181,4.5,2,S,4
344,S,G,-3.221,2.413,6.5,2,S,4
344,S,H,-1.099,0.995,5,2,S,4
344,S,I,-2.377,1.217,15.5,2,S,4
344,S,K,-1.81,0.8747,7.5,2,S,4
344,S,L,-0.6825,0.08613,2.5,2,S,4
344,S,M,-0.7667,0.6128,2.5,2,S,4
344,S,N,-1.034,0.1318,6,2,S,4
344,S,P,-1.758,0.1923,3,2,S,4
344,S,Q,-0.863,0.8754,6,2,S,4
344,S,R,-1.383,0.1916,6.5,2,S,4
344,S,S,0,0,,2,S,4
344,S,T,-0.02195,0.02965,4,2,S,4
344,S,V,-1.847,0.3953,4.5,2,S,4
344,S,W,-2.925,1.08,5,2,S,4
344,S,Y,-2.873,1.808,4,2,S,4
345,H,-,-4.419,0.7778,1.5,2,H,4
345,H,A,-1.243,0.398,1,2,H,4
345,H,C,-1.232,0.9749,7,2,H,4
345,H,D,-0.315,0.4547,5,2,H,4
345,H,E,-1.633,0.6456,4,2,H,4
345,H,F,-4.348,0.4335,4.5,2,H,4
345,H,G,-0.3749,0.5024,4.5,2,H,4
345,H,H,0,0,,2,H,4
345,H,I,-0.5983,0.5737,8,2,H,4
345,H,K,-0.8928,0.2648,5,2,H,4
345,H,L,-1.364,1.24,3.5,2,H,4
345,H,M,-0.8023,,1,1,H,4
345,H,N,-4.855,0.1273,13.5,2,H,4
345,H,P,-4.971,0.05798,6,2,H,4
345,H,Q,-0.8269,0.9787,8.5,2,H,4
345,H,R,-0.5241,0.7465,5.5,2,H,4
345,H,S,-0.6895,0.4434,5.5,2,H,4
345,H,T,-0.4143,0.3184,2.5,2,H,4
345,H,V,-0.4855,0.6043,5.5,2,H,4
345,H,W,-1.059,0.03041,2.5,2,H,4
345,H,Y,-1.809,0.1817,10,2,H,4
346,F,-,-3.597,1.858,1.5,2,F,4
346,F,A,-4.88,0.06576,5,2,F,4
346,F,C,-4.693,0.1867,4.5,2,F,4
346,F,D,-4.944,0.009192,8.5,2,F,4
346,F,E,-4.415,0.7665,5,2,F,4
346,F,F,0,0,,2,F,4
346,F,G,-4.864,0.03889,4,2,F,4
346,F,H,-4.305,0.8089,3.5,2,F,4
346,F,I,-0.3967,0.1529,3,2,F,4
346,F,K,-4.873,0.1138,4.5,2,F,4
346,F,L,-0.9756,0.1462,9,2,F,4
346,F,M,-0.05027,0.1447,4,2,F,4
346,F,N,-4.933,0.02192,6,2,F,4
346,F,P,-4.907,0.06152,4.5,2,F,4
346,F,Q,-4.735,0.2369,4,2,F,4
346,F,R,-4.889,0.05728,3,2,F,4
346,F,S,-4.901,0.04172,5.5,2,F,4
346,F,T,-4.85,0.0601,4.5,2,F,4
346,F,V,-0.06935,0.2343,4.5,2,F,4
346,F,W,-4.864,0.01768,7.5,2,F,4
346,F,Y,0.007,0.2199,5,2,F,4
347,T,-,-2.524,,1.5,1,T,4
347,T,A,-4.95,0.00495,8.5,2,T,4
347,T,C,-4.86,0.09829,2.5,2,T,4
347,T,D,-4.923,0.01131,5,2,T,4
347,T,E,-4.014,1.175,2.5,2,T,4
347,T,F,-4.901,0.0594,3.5,2,T,4
347,T,G,-3.79,0.244,3,2,T,4
347,T,H,-4.418,0.08556,13.5,2,T,4
347,T,I,-4.895,0.09899,12.5,2,T,4
347,T,K,-4.906,0.004243,5,2,T,4
347,T,L,-4.922,0.0495,6.5,2,T,4
347,T,M,-4.841,0.1549,8,2,T,4
347,T,N,-4.53,0.6003,3,2,T,4
347,T,P,-4.948,0.02616,3,2,T,4
347,T,Q,-3.954,0.09405,8.5,2,T,4
347,T,R,-4.947,,3,1,T,4
347,T,S,-0.3584,0.3435,4,2,T,4
347,T,T,0,0,,2,T,4
347,T,V,-4.908,0.01131,8.5,2,T,4
347,T,W,-4.858,0.0601,4.5,2,T,4
347,T,Y,-4.877,0.03606,3.5,2,T,4
348,T,-,0.04778,,0.5,1,T,4
348,T,A,0.08333,0.06162,5,2,T,4
348,T,C,-2.955,2.414,3.5,2,T,4
348,T,D,-4.931,0.02051,7,2,T,4
348,T,E,-4.946,0.05091,3.5,2,T,4
348,T,F,-4.712,0.198,4.5,2,T,4
348,T,G,-3.341,1.292,3.5,2,T,4
348,T,H,-4.535,0.5798,3,2,T,4
348,T,I,-1.671,0.1591,10.5,2,T,4
348,T,K,-4.917,0.02333,4.5,2,T,4
348,T,L,-1.43,0.6661,5,2,T,4
348,T,M,-0.6517,0.7499,5,2,T,4
348,T,N,-1.689,0.1471,9.5,2,T,4
348,T,P,-4.88,0.02899,5.5,2,T,4
348,T,Q,-4.928,0.02475,6,2,T,4
348,T,R,-4.921,0.0502,3.5,2,T,4
348,T,S,-0.0174,0.2154,4.5,2,T,4
348,T,T,0,0,,2,T,4
348,T,V,-0.09773,0.2573,6.5,2,T,4
348,T,W,-4.87,0.1082,6,2,T,4
348,T,Y,-4.566,0.478,4.5,2,T,4
349,K,*,-4.645,,1,1,K,4
349,K,-,-0.7982,0.5244,1,2,K,4
349,K,A,-0.1351,0.3504,5.5,2,K,4
349,K,C,-0.7248,1.038,2.5,2,K,4
349,K,D,-0.2717,0.6031,4.5,2,K,4
349,K,E,0.03005,0.115,5,2,K,4
349,K,F,-0.5646,0.283,7,2,K,4
349,K,G,-2.211,3.295,5,2,K,4
349,K,H,-0.00595,0.2355,7.5,2,K,4
349,K,I,-0.1259,0.3722,5.5,2,K,4
349,K,K,0,0,,2,K,4
349,K,L,0.1336,0.03783,2.5,2,K,4
349,K,M,0.03814,0.1035,7.5,2,K,4
349,K,N,0.05865,0.1091,12.5,2,K,4
349,K,P,-4.928,0.02192,6,2,K,4
349,K,Q,-0.5602,0.5906,6,2,K,4
349,K,R,-1.592,2.383,2,2,K,4
349,K,S,-0.04855,0.2938,2,2,K,4
349,K,T,0.1397,0.04115,8.5,2,K,4
349,K,V,0.1208,0.01824,6.5,2,K,4
349,K,W,-0.07805,0.299,5.5,2,K,4
349,K,Y,-0.7722,0.2143,7,2,K,4
350,F,-,-0.6548,0.5419,1,2,Y,4
350,F,A,-4.1,,1.5,1,Y,4
350,F,C,-4.168,0.6095,3,2,Y,4
350,F,D,-4.952,0.02546,2,2,Y,4
350,F,E,-4.925,0.05798,2,2,Y,4
350,F,F,0,0,,2,Y,4
350,F,G,-2.736,3.135,3,2,Y,4
350,F,H,-4.114,1.039,3,2,Y,4
350,F,I,-0.1651,0.211,3.5,2,Y,4
350,F,K,-3.655,1.259,4,2,Y,4
350,F,L,-0.2059,0.1722,14.5,2,Y,4
350,F,M,0.0141,0.1918,2.5,2,Y,4
350,F,N,-3.992,1.385,3,2,Y,4
350,F,P,-4.909,0.01061,3,2,Y,4
350,F,Q,-2.519,0.6258,4,2,Y,4
350,F,R,-4.502,0.4851,2.5,2,Y,4
350,F,S,-4.748,0.2114,6.5,2,Y,4
350,F,T,-1.444,0.4306,3,2,Y,4
350,F,V,-2.478,3.027,4,2,Y,4
350,F,W,-0.0413,0.2705,3,2,Y,4
350,F,Y,-0.6466,0.05961,3,2,Y,4
351,V,-,-1.148,1.481,1,2,V,4
351,V,A,-0.7306,0.2601,3.5,2,V,4
351,V,C,0.07985,0.01693,3,2,V,4
351,V,D,-0.6452,0.1776,6.5,2,V,4
351,V,E,-0.3206,0.3616,3.5,2,V,4
351,V,F,-1.029,0.1782,2,2,V,4
351,V,G,-2.381,1.515,2,2,V,4
351,V,H,0.02125,0.2108,5,2,V,4
351,V,I,-0.0445,0.2205,3,2,V,4
351,V,K,-0.8792,0.4084,5.5,2,V,4
351,V,L,-0.6659,0.6592,8,2,V,4
351,V,M,0.08818,0.1207,10,2,V,4
351,V,N,0.1146,0.03096,2.5,2,V,4
351,V,P,-3.075,2.681,6,2,V,4
351,V,Q,0.1211,0.02044,5.5,2,V,4
351,V,R,-0.0956,0.3138,2,2,V,4
351,V,S,-0.01114,0.01447,4.5,2,V,4
351,V,T,0.07022,0.06643,3.5,2,V,4
351,V,V,0,0,,2,V,4
351,V,W,-0.3659,0.5848,7,2,V,4
351,V,Y,0.0804,0.08273,3,2,V,4
352,G,*,-4.972,0.04455,12,2,A,4
352,G,-,0.01347,,0.5,1,A,4
352,G,A,-0.2412,0.3816,5,2,A,4
352,G,C,-1.326,0.7013,8.5,2,A,4
352,G,D,-0.6648,0.0961,13.5,2,A,4
352,G,E,-0.4339,0.5196,13,2,A,4
352,G,F,-0.0708,0.3424,5,2,A,4
352,G,G,0,0,,2,A,4
352,G,H,-0.7079,1.238,4.5,2,A,4
352,G,I,-1.155,0.00495,7.5,2,A,4
352,G,K,-0.9472,0.3179,2.5,2,A,4
352,G,L,-1.006,0.0413,5,2,A,4
352,G,M,-0.4086,0.3558,5.5,2,A,4
352,G,N,-0.5506,0.8533,6.5,2,A,4
352,G,P,0.032,0.1522,4,2,A,4
352,G,Q,-0.9296,0.4277,3.5,2,A,4
352,G,R,-0.6923,1.178,10.5,2,A,4
352,G,S,-0.2986,0.5744,5,2,A,4
352,G,T,0.07367,0.06085,6,2,A,4
352,G,V,-0.5717,0.3671,15,2,A,4
352,G,W,-2.358,3.312,2.5,2,A,4
352,G,Y,-0.6214,0.4738,3,2,A,4
355,A,-,-0.3736,,0.5,1,A,4
355,A,A,0,0,,2,A,4
355,A,C,-0.5806,0.3301,4,2,A,4
355,A,D,-1.431,2.133,2.5,2,A,4
355,A,E,0.06814,0.0517,5,2,A,4
355,A,F,-0.6374,0.2498,4.5,2,A,4
355,A,G,-0.7671,0.4311,4.5,2,A,4
355,A,H,-0.9041,1.291,5.5,2,A,4
355,A,I,-0.09237,0.2266,4,2,A,4
355,A,K,-0.2023,0.1474,4,2,A,4
355,A,L,-0.1529,0.3688,8.5,2,A,4
355,A,M,-0.0069,0.2239,3.5,2,A,4
355,A,N,-0.0018,0.1486,18,2,A,4
355,A,P,0.08249,0.05813,5,2,A,4
355,A,Q,-0.09135,0.3466,5.5,2,A,4
355,A,R,-0.274,0.3891,10,2,A,4
355,A,S,-0.05305,0.2505,9,2,A,4
355,A,T,-0.1604,0.3591,7.5,2,A,4
355,A,V,-0.1288,0.04736,9.5,2,A,4
355,A,W,-0.5776,0.4342,5.5,2,A,4
355,A,Y,0.07515,0.08874,6.5,2,A,4
356,N,A,-0.2354,,2,1,N,4
356,N,C,-0.3037,0.002404,5,2,N,4
356,N,D,-0.3622,0.1058,7,2,N,4
356,N,E,-0.1692,0.4755,4.5,2,N,4
356,N,F,-0.6147,1.029,2.5,2,N,4
356,N,G,-0.5306,0.124,3.5,2,N,4
356,N,H,0.01953,0.02159,6,2,N,4
356,N,I,-0.001515,0.1321,7,2,N,4
356,N,K,-0.8333,0.9189,7,2,N,4
356,N,L,0.0649,0.1047,6,2,N,4
356,N,M,0.01371,0.1575,5.5,2,N,4
356,N,N,0,0,,2,N,4
356,N,P,-0.7337,0.4204,5.5,2,N,4
356,N,Q,-0.1299,0.39,5.5,2,N,4
356,N,R,-0.2463,0.1505,9,2,N,4
356,N,S,0.112,0.05926,5,2,N,4
356,N,T,-0.3065,0.3316,3.5,2,N,4
356,N,V,0.1474,0.02312,4.5,2,N,4
356,N,W,-0.0151,0.2216,6,2,N,4
356,N,Y,-0.365,0.0961,4,2,N,4
357,F,A,-1.181,1.84,7,2,V,4
357,F,C,-1.613,0.5296,2.5,2,V,4
357,F,D,-0.2518,0.1939,3.5,2,V,4
357,F,E,0.1375,0.0297,1.5,2,V,4
357,F,F,0,0,,2,V,4
357,F,G,-1.694,1.687,1,2,V,4
357,F,H,-0.8319,0.9575,4,2,V,4
357,F,I,0.04462,0.1596,6.5,2,V,4
357,F,K,-0.3886,0.7072,4,2,V,4
357,F,L,0.08812,0.01406,6,2,V,4
357,F,M,-1.005,1.61,5.5,2,V,4
357,F,N,0.1313,0.004596,3,2,V,4
357,F,P,-0.2885,0.5955,3.5,2,V,4
357,F,Q,-0.1418,,1,1,V,4
357,F,R,-0.5086,0.1314,3,2,V,4
357,F,S,-0.08775,0.04942,3.5,2,V,4
357,F,T,-0.3886,0.4175,1.5,2,V,4
357,F,V,-0.04595,0.2512,4,2,V,4
357,F,W,0.07855,0.1026,4,2,V,4
357,F,Y,0.02494,0.09863,5,2,V,4
358,G,A,0.1523,0.02206,5,2,G,4
358,G,C,-1.364,0.1032,15.5,2,G,4
358,G,D,0.1487,0.01591,7,2,G,4
358,G,E,-0.02165,0.2396,7,2,G,4
358,G,F,-0.3812,0.2326,3,2,G,4
358,G,G,0,0,,2,G,4
358,G,H,-0.2159,0.3925,8.5,2,G,4
358,G,I,-0.4445,0.1351,4,2,G,4
358,G,K,-0.7523,0.1003,3.5,2,G,4
358,G,L,-1.517,0.08627,3.5,2,G,4
358,G,M,0.01556,0.09802,3.5,2,G,4
358,G,N,-0.00275,0.2444,3.5,2,G,4
358,G,P,0.05547,0.1044,3.5,2,G,4
358,G,Q,0.05369,0.1448,4.5,2,G,4
358,G,R,-0.5343,0.4043,6.5,2,G,4
358,G,S,-0.09483,0.2237,9.5,2,G,4
358,G,T,-0.6353,1.103,3,2,G,4
358,G,V,-0.3782,0.4003,10.5,2,G,4
358,G,W,-1.288,0.664,4.5,2,G,4
358,G,Y,-0.3411,0.3816,2.5,2,G,4
359,R,A,-4.296,0.9857,4,2,R,4
359,R,C,-4.769,0.01838,10.5,2,R,4
359,R,D,-4.832,0.09617,3.5,2,R,4
359,R,E,-4.854,0.02475,3.5,2,R,4
359,R,F,-4.925,0.03606,6,2,R,4
359,R,G,-4.889,0.01273,4,2,R,4
359,R,H,-3.952,0.07849,8,2,R,4
359,R,I,-4.921,0.03041,6,2,R,4
359,R,K,-1.117,0.07495,5.5,2,R,4
359,R,L,-4.882,0.1301,4.5,2,R,4
359,R,M,-4.869,0.01909,5.5,2,R,4
359,R,N,-4.752,0.2546,6,2,R,4
359,R,P,-4.759,0.1301,5.5,2,R,4
359,R,Q,-4.874,0.02192,6,2,R,4
359,R,R,0,0,,2,R,4
359,R,S,-4.696,0.2765,4,2,R,4
359,R,T,-4.534,0.5402,3,2,R,4
359,R,V,-4.694,0.268,4,2,R,4
359,R,W,-4.913,0.03465,3.5,2,R,4
359,R,Y,-4.924,0.05515,5,2,R,4
360,W,*,-4.884,0.1287,15,2,W,4
360,W,A,-4.792,0.3012,7,2,W,4
360,W,C,-4.94,0.0007071,15,2,W,4
360,W,D,-4.938,0.002121,1.5,2,W,4
360,W,E,-4.935,0.06223,3.5,2,W,4
360,W,F,-1.185,0.6476,2.5,2,W,4
360,W,G,-4.774,0.2326,3.5,2,W,4
360,W,H,-1.653,0.531,3,2,W,4
360,W,I,-4.5,0.7234,4.5,2,W,4
360,W,K,-4.701,0.03323,5.5,2,W,4
360,W,L,-4.304,0.3288,11,2,W,4
360,W,M,-4.689,0.4511,4.5,2,W,4
360,W,N,-4.915,0.0997,4,2,W,4
360,W,P,-2.666,3.114,2.5,2,W,4
360,W,Q,-4.928,0.1167,1.5,2,W,4
360,W,R,-4.944,0.01061,7.5,2,W,4
360,W,S,-4.987,0.02758,4.5,2,W,4
360,W,T,-4.652,0.4462,5.5,2,W,4
360,W,V,-3.131,1.047,1.5,2,W,4
360,W,W,0,0,,2,W,4
360,W,Y,-3.364,1.977,1.5,2,W,4
361,S,-,-3.22,,0.5,1,S,4
361,S,A,0.1345,0.0003536,1.5,2,S,4
361,S,C,-1.7,1.278,6,2,S,4
361,S,D,-0.01695,0.1938,3,2,S,4
361,S,E,0.09676,0.003642,4.5,2,S,4
361,S,F,-0.06815,0.05763,5,2,S,4
361,S,G,0.1446,0.01803,6.5,2,S,4
361,S,H,-0.06688,0.1002,9,2,S,4
361,S,I,-0.1896,0.4851,7,2,S,4
361,S,K,-0.01801,0.1107,4,2,S,4
361,S,L,-0.3031,0.3789,12.5,2,S,4
361,S,M,0.01373,0.0652,3,2,S,4
361,S,N,-2.951,2.815,5,2,S,4
361,S,P,-4.845,,3,1,S,4
361,S,Q,-0.1853,0.1583,8,2,S,4
361,S,R,-0.1458,0.2502,9,2,S,4
361,S,S,0,0,,2,S,4
361,S,T,-0.4514,0.8324,4,2,S,4
361,S,V,-0.1026,0.195,5.5,2,S,4
361,S,W,-0.2339,0.1531,3.5,2,S,4
361,S,Y,-0.3487,0.1957,6,2,S,4
362,A,-,-4.972,,1,1,A,4
362,A,A,0,0,,2,A,4
362,A,C,-0.6761,0.468,8,2,A,4
362,A,D,-4.904,0.1442,9.5,2,A,4
362,A,E,-4.926,0.006364,3,2,A,4
362,A,F,-2.091,0.169,6.5,2,A,4
362,A,G,-0.7649,0.6762,4.5,2,A,4
362,A,H,-3.026,0.3599,5,2,A,4
362,A,I,-1.045,0.4997,4.5,2,A,4
362,A,K,-4.8,0.2503,5,2,A,4
362,A,L,-0.4349,0.654,5.5,2,A,4
362,A,M,-0.934,0.01803,6,2,A,4
362,A,N,-1.921,0.5756,4.5,2,A,4
362,A,P,-0.1842,0.5039,5,2,A,4
362,A,Q,-3.232,0.9772,5.5,2,A,4
362,A,R,-4.939,0.01768,7,2,A,4
362,A,S,-0.1934,0.1094,10.5,2,A,4
362,A,T,-0.1233,0.08458,7,2,A,4
362,A,V,-0.953,1.283,6,2,A,4
362,A,W,-2.532,0.1527,4.5,2,A,4
362,A,Y,-2.901,0.425,3,2,A,4
363,S,A,-0.411,0.6758,4,2,S,4
363,S,C,-1.848,1.361,3,2,S,4
363,S,D,-0.139,0.3393,2,2,S,4
363,S,E,0.1333,0.007425,3.5,2,S,4
363,S,F,-0.5798,0.2621,5,2,S,4
363,S,G,-0.1754,0.03649,6.5,2,S,4
363,S,H,-0.1894,0.2918,1.5,2,S,4
363,S,I,-0.2978,0.01789,12,2,S,4
363,S,K,-0.05722,0.2134,5.5,2,S,4
363,S,L,-0.3275,0.6413,1,2,S,4
363,S,M,-0.7582,1.182,2.5,2,S,4
363,S,N,0.07168,0.03146,8,2,S,4
363,S,P,-4.949,0.04738,3.5,2,S,4
363,S,Q,-0.05645,0.2494,2.5,2,S,4
363,S,R,-0.6587,0.08231,6.5,2,S,4
363,S,S,0,0,,2,S,4
363,S,T,-0.6219,0.3423,4,2,S,4
363,S,V,0.1069,0.05438,6,2,S,4
363,S,W,-0.03311,0.1349,3.5,2,S,4
363,S,Y,0.03223,0.01187,5,2,S,4
364,I,-,-0.4712,0.628,1.5,2,I,5
364,I,A,-4.681,0.3373,4,2,I,5
364,I,C,-2.779,0.6944,7,2,I,5
364,I,D,-4.946,0.08344,5.5,2,I,5
364,I,E,-4.674,0.2786,4,2,I,5
364,I,F,-4.603,0.01061,5,2,I,5
364,I,G,-2.827,2.976,4.5,2,I,5
364,I,H,-4.944,0.04808,7.5,2,I,5
364,I,I,0,0,,2,I,5
364,I,K,-4.905,0.003536,6,2,I,5
364,I,L,-1.707,2.66,3,2,I,5
364,I,M,-0.8232,1.144,6.5,2,I,5
364,I,N,-4.849,0.1223,2.5,2,I,5
364,I,P,-4.634,0.3338,3,2,I,5
364,I,Q,-4.435,0.8146,1.5,2,I,5
364,I,R,-4.901,0.00495,5.5,2,I,5
364,I,S,-4.925,0.01273,3,2,I,5
364,I,T,-2.5,0.03041,9.5,2,I,5
364,I,V,-0.9147,1.139,5,2,I,5
364,I,W,-4.599,0.4073,2.5,2,I,5
364,I,Y,-4.899,0.002828,4.5,2,I,5
365,N,-,-0.02388,0.08403,1.5,2,N,5
365,N,A,-0.2065,0.486,6,2,N,5
365,N,C,-0.5399,0.4734,3,2,N,5
365,N,D,-0.9112,0.5144,7,2,N,5
365,N,E,-0.372,0.2303,8,2,N,5
365,N,F,-0.1991,0.117,3.5,2,N,5
365,N,G,-0.1835,0.1911,9.5,2,N,5
365,N,H,0.06513,0.07858,2,2,N,5
365,N,I,-0.8517,0.3159,2.5,2,N,5
365,N,K,-0.0079,0.2461,8.5,2,N,5
365,N,L,-0.3008,0.6227,4.5,2,N,5
365,N,M,0.00015,0.1744,2.5,2,N,5
365,N,N,0,0,,2,N,5
365,N,P,-2.458,0.06647,7,2,N,5
365,N,Q,0.1499,0.01676,5.5,2,N,5
365,N,R,-0.5085,0.9016,4,2,N,5
365,N,S,-0.4456,0.6448,5,2,N,5
365,N,T,-0.0744,0.0322,4.5,2,N,5
365,N,V,0.04376,0.1756,5.5,2,N,5
365,N,W,-0.292,0.5111,1.5,2,N,5
365,N,Y,-0.2961,,1,1,N,5
366,T,-,0.00966,0.02321,1.5,2,T,5
366,T,A,-0.2856,0.5953,3.5,2,T,5
366,T,C,-0.3018,0.4743,6.5,2,T,5
366,T,D,-4.855,0.1237,2.5,2,T,5
366,T,E,-4.927,0.07849,6,2,T,5
366,T,F,-3.904,0.4441,3,2,T,5
366,T,G,-0.0085,0.1898,3,2,T,5
366,T,H,-3.561,0.4674,4,2,T,5
366,T,I,-3.604,0.6314,11.5,2,T,5
366,T,K,-4.899,0.07849,7,2,T,5
366,T,L,-3.421,1.17,3,2,T,5
366,T,M,-0.4278,0.7812,3,2,T,5
366,T,N,-1.833,1.019,8.5,2,T,5
366,T,P,-1.918,0.9815,3,2,T,5
366,T,Q,-1.446,0.4349,4.5,2,T,5
366,T,R,-2.093,3.044,2,2,T,5
366,T,S,-0.1424,0.1766,5.5,2,T,5
366,T,T,0,0,,2,T,5
366,T,V,-2.516,0.9532,4.5,2,T,5
366,T,W,-4.751,0.01061,6,2,T,5
366,T,Y,-1.844,2.445,1,2,T,5
367,G,-,-0.5621,0.6517,2,2,G,5
367,G,A,-3.708,0.4158,6.5,2,G,5
367,G,C,-4.891,0.01414,13,2,G,5
367,G,D,-4.559,0.3345,11,2,G,5
367,G,E,-4.361,0.6201,4,2,G,5
367,G,F,-4.612,0.009899,6,2,G,5
367,G,G,0,0,,2,G,5
367,G,H,-3.744,0.91,4.5,2,G,5
367,G,I,-4.305,0.84,3.5,2,G,5
367,G,K,-4.18,0.1556,6,2,G,5
367,G,L,-3.185,1.298,6.5,2,G,5
367,G,M,-4.813,0.1245,7,2,G,5
367,G,N,-2.874,0.4193,7.5,2,G,5
367,G,P,-4.725,0.2277,3.5,2,G,5
367,G,Q,-2.792,2.677,2.5,2,G,5
367,G,R,-4.867,0.00495,4,2,G,5
367,G,S,-4.957,0.06435,7,2,G,5
367,G,T,-4.934,0.04738,7.5,2,G,5
367,G,V,-4.824,0.1718,6,2,G,5
367,G,W,-4.928,0.003536,1.5,2,G,5
367,G,Y,-3.8,1.343,4,2,G,5
368,N,-,-2.125,3.055,2,2,N,5
368,N,A,-0.08923,0.05426,7,2,N,5
368,N,C,-3.192,0.3882,3,2,N,5
368,N,D,-0.04985,0.2396,7.5,2,N,5
368,N,E,0.0054,0.1973,4,2,N,5
368,N,F,-3.201,,2,1,N,5
368,N,G,-0.2321,0.4789,7.5,2,N,5
368,N,H,-1.076,0.5387,8,2,N,5
368,N,I,-0.3185,0.5074,2,2,N,5
368,N,K,-0.08711,0.206,4.5,2,N,5
368,N,L,-1.127,1.026,5.5,2,N,5
368,N,M,-1.067,1.326,2.5,2,N,5
368,N,N,0,0,,2,N,5
368,N,P,-1.39,0.5261,5,2,N,5
368,N,Q,-0.02214,0.01272,9.5,2,N,5
368,N,R,-0.257,0.3098,3,2,N,5
368,N,S,-0.7326,0.8194,8.5,2,N,5
368,N,T,-0.2876,0.4114,6,2,N,5
368,N,V,-0.2729,0.4636,5,2,N,5
368,N,W,-2.229,0.1563,3.5,2,N,5
368,N,Y,-0.5294,0.2421,3,2,N,5
369,C,*,-4.354,,1,1,C,5
369,C,-,0.00601,0.06901,1.5,2,C,5
369,C,A,-4.78,0.2001,5.5,2,C,5
369,C,C,0,0,,2,C,5
369,C,D,-4.988,0.03394,2,2,C,5
369,C,E,-4.917,0.0198,6,2,C,5
369,C,F,-4.971,0.006364,13.5,2,C,5
369,C,G,-4.841,0.06435,2.5,2,C,5
369,C,H,-4.898,0.005657,5,2,C,5
369,C,I,-4.912,0.009192,10.5,2,C,5
369,C,K,-4.776,0.21,9,2,C,5
369,C,L,-4.928,0.06364,5.5,2,C,5
369,C,M,-4.531,0.6081,3,2,C,5
369,C,N,-4.983,0.03465,7,2,C,5
369,C,P,-4.955,0.07778,4,2,C,5
369,C,Q,-4.802,0.07071,5,2,C,5
369,C,R,-4.925,0.006364,3.5,2,C,5
369,C,S,-4.901,0.006364,3.5,2,C,5
369,C,T,-4.813,0.1824,9,2,C,5
369,C,V,-4.962,0.01414,12.5,2,C,5
369,C,W,-4.948,0.04384,5.5,2,C,5
369,C,Y,-4.948,0.09051,11,2,C,5
370,P,-,-0.2428,0.3391,1.5,2,P,5
370,P,A,-0.1059,0.1024,2.5,2,P,5
370,P,C,-4.774,0.2411,4,2,P,5
370,P,D,-0.4543,0.668,6.5,2,P,5
370,P,E,-0.5181,0.3878,6,2,P,5
370,P,F,-2.05,,2,1,P,5
370,P,G,-0.2477,0.442,2,2,P,5
370,P,H,-0.3357,0.2048,13.5,2,P,5
370,P,I,-1.082,0.05798,7.5,2,P,5
370,P,K,-1.065,0.4529,7,2,P,5
370,P,L,-0.6263,0.433,7,2,P,5
370,P,M,-0.5748,0.09532,3.5,2,P,5
370,P,N,-3.09,0.379,4.5,2,P,5
370,P,P,0,0,,2,P,5
370,P,Q,-0.4774,0.202,7,2,P,5
370,P,R,-0.65,0.1297,3,2,P,5
370,P,S,-2.224,0.1386,6,2,P,5
370,P,T,-2.004,0.1442,11.5,2,P,5
370,P,V,-1.207,,2,1,P,5
370,P,W,-1.153,1.714,1,2,P,5
370,P,Y,-1.82,0.7573,4.5,2,P,5
371,F,-,-0.0279,0.1843,1.5,2,F,5
371,F,A,-4.783,0.1301,5.5,2,F,5
371,F,C,-4.417,0.7821,7.5,2,F,5
371,F,D,-4.412,0.6923,3.5,2,F,5
371,F,E,-4.947,0.08697,7.5,2,F,5
371,F,F,0,0,,2,F,5
371,F,G,-4.885,0.01344,2.5,2,F,5
371,F,H,-4.913,0.04172,5,2,F,5
371,F,I,-1.288,1.251,4.5,2,F,5
371,F,K,-4.9,0.005657,3.5,2,F,5
371,F,L,-4.535,0.4455,4.5,2,F,5
371,F,M,-0.6976,0.5663,8,2,F,5
371,F,N,-4.932,0.0198,6,2,F,5
371,F,P,-4.742,0.1492,3.5,2,F,5
371,F,Q,-4.848,0.2157,2,2,F,5
371,F,R,-4.959,0.01131,7.5,2,F,5
371,F,S,-4.518,0.5183,2,2,F,5
371,F,T,-1.741,1.963,2,2,F,5
371,F,V,-1.248,0.3132,3.5,2,F,5
371,F,W,-3.911,1.493,4,2,F,5
371,F,Y,-1.938,0.1973,5,2,F,5
372,S,-,-0.3176,,1,1,S,5
372,S,A,-0.1689,0.3368,4,2,S,5
372,S,C,-1.94,0.1471,8.5,2,S,5
372,S,D,-4.651,0.3472,2,2,S,5
372,S,E,-3.032,1.428,5.5,2,S,5
372,S,F,-4.76,0.1796,4,2,S,5
372,S,G,-2.212,0.8252,10,2,S,5
372,S,H,-1.974,0.6187,4,2,S,5
372,S,I,-4.71,0.2991,10,2,S,5
372,S,K,-3.919,1.069,3,2,S,5
372,S,L,-3.525,2.07,5,2,S,5
372,S,M,-1.573,0.3288,6,2,S,5
372,S,N,-0.8338,0.5009,10.5,2,S,5
372,S,P,-3.293,1.256,7,2,S,5
372,S,Q,-0.8654,,0.5,1,S,5
372,S,R,-4.553,0.4759,6.5,2,S,5
372,S,S,0,0,,2,S,5
372,S,T,0.1087,0.06384,5,2,S,5
372,S,V,-2.178,0.09405,5.5,2,S,5
372,S,W,-4.521,0.1287,3,2,S,5
372,S,Y,-4.716,0.2312,5,2,S,5
373,F,-,-0.4379,,1,1,F,5
373,F,A,-4.922,0.1047,4,2,F,5
373,F,C,-4.946,0.06364,4,2,F,5
373,F,D,-4.699,0.2956,4.5,2,F,5
373,F,E,-4.915,0.02192,3,2,F,5
373,F,F,0,0,,2,F,5
373,F,G,-4.892,0.01273,3,2,F,5
373,F,H,-4.905,0.05798,4,2,F,5
373,F,I,-4.885,0.0198,6.5,2,F,5
373,F,K,-4.944,0.002121,3,2,F,5
373,F,L,-1.944,0.9588,10.5,2,F,5
373,F,M,-1.773,0.9603,3.5,2,F,5
373,F,N,-4.687,0.3033,4.5,2,F,5
373,F,P,-4.886,0.01768,6,2,F,5
373,F,Q,-4.881,0.01626,3,2,F,5
373,F,R,-4.743,0.1994,3.5,2,F,5
373,F,S,-4.909,0.06152,5.5,2,F,5
373,F,T,-4.899,0.02192,2.5,2,F,5
373,F,V,-4.938,0.05091,5,2,F,5
373,F,W,-0.0266,0.1988,3.5,2,F,5
373,F,Y,0.1572,0.02376,5.5,2,F,5
374,G,-,-0.04829,0.08981,1.5,2,G,5
374,G,A,0.112,0.0157,8,2,G,5
374,G,C,-0.3156,0.3808,18,2,G,5
374,G,D,-0.8975,1.5,3.5,2,G,5
374,G,E,-0.4162,0.6955,3.5,2,G,5
374,G,F,-0.7598,0.358,3.5,2,G,5
374,G,G,0,0,,2,G,5
374,G,H,-0.9885,1.317,4,2,G,5
374,G,I,-0.1558,0.1693,9,2,G,5
374,G,K,0.07077,,2,1,G,5
374,G,L,0.1391,0.03069,6,2,G,5
374,G,M,-0.02435,0.1991,3.5,2,G,5
374,G,N,0.01125,0.1056,1.5,2,G,5
374,G,P,0.06413,0.03195,6,2,G,5
374,G,Q,-0.1167,0.2945,5.5,2,G,5
374,G,R,-0.0904,0.01101,7,2,G,5
374,G,S,0.06143,0.1097,9,2,G,5
374,G,T,0.05918,0.0009475,7.5,2,G,5
374,G,V,-0.4631,0.3629,9.5,2,G,5
374,G,W,-2.433,0.7934,3.5,2,G,5
374,G,Y,-0.4529,0.06074,3,2,G,5
375,K,-,-0.2459,0.2672,2,2,K,5
375,K,A,-4.946,0.02546,3.5,2,K,5
375,K,C,-4.164,0.8712,6,2,K,5
375,K,D,-4.909,0.06647,7,2,K,5
375,K,E,-4.48,0.3253,6.5,2,K,5
375,K,F,-4.852,0.01697,8.5,2,K,5
375,K,G,-2.064,0.04101,2.5,2,K,5
375,K,H,-3.002,1.587,2,2,K,5
375,K,I,-4.916,0.0198,4,2,K,5
375,K,K,0,0,,2,K,5
375,K,L,-0.6563,0.3784,3.5,2,K,5
375,K,M,-3.213,0.1492,5.5,2,K,5
375,K,N,-4.922,0.05091,11.5,2,K,5
375,K,P,-2.626,0.2574,4,2,K,5
375,K,Q,-4.968,,3,1,K,5
375,K,R,0.1229,0.05264,6,2,K,5
375,K,S,-4.918,,2.5,1,K,5
375,K,T,-4.717,0.3196,6.5,2,K,5
375,K,V,-4.822,0.1379,4.5,2,K,5
375,K,W,-4.863,0.0898,5,2,K,5
375,K,Y,-4.934,0.002828,2.5,2,K,5
376,V,-,-0.00698,0.0593,2.5,2,V,5
376,V,A,-0.0656,0.256,10,2,V,5
376,V,C,-0.3543,0.02878,7,2,V,5
376,V,D,-4.934,0.04879,5.5,2,V,5
376,V,E,-4.919,0.01202,6,2,V,5
376,V,F,-1.866,0.05798,4.5,2,V,5
376,V,G,-4.785,0.06223,4.5,2,V,5
376,V,H,-4.781,0.28,2,2,V,5
376,V,I,0.00053,0.08605,4,2,V,5
376,V,K,-3.194,2.484,3,2,V,5
376,V,L,-0.08698,0.2587,8.5,2,V,5
376,V,M,0.1274,0.008344,6.5,2,V,5
376,V,N,-4.668,0.2178,4.5,2,V,5
376,V,P,-4.908,0.008485,5,2,V,5
376,V,Q,-1.859,0.6852,5.5,2,V,5
376,V,R,-4.484,0.589,4.5,2,V,5
376,V,S,-0.3684,0.699,4,2,V,5
376,V,T,-1.699,2.291,3,2,V,5
376,V,V,0,0,,2,V,5
376,V,W,-4.725,0.2093,6,2,V,5
376,V,Y,-4.723,0.1153,7,2,V,5
377,N,-,-1.083,1.022,2,2,N,5
377,N,A,-0.5007,0.2036,7,2,N,5
377,N,C,-1.543,0.9959,3.5,2,N,5
377,N,D,-2.586,0.775,7,2,N,5
377,N,E,-2.335,0.5791,5,2,N,5
377,N,F,-4.816,0.2029,7,2,N,5
377,N,G,-0.2349,0.4991,6,2,N,5
377,N,H,-2.388,0.8125,6,2,N,5
377,N,I,0.1157,0.01725,4.5,2,N,5
377,N,K,-0.7954,0.4208,9,2,N,5
377,N,L,-2.892,0.1626,5,2,N,5
377,N,M,-4.6,0.5218,6.5,2,N,5
377,N,N,0,0,,2,N,5
377,N,P,-4.064,0.03182,7,2,N,5
377,N,Q,-0.606,0.5642,6,2,N,5
377,N,R,-1.18,0.02404,5,2,N,5
377,N,S,-0.1391,0.01195,7,2,N,5
377,N,T,-0.2356,0.04801,2.5,2,N,5
377,N,V,-0.1879,0.4583,2.5,2,N,5
377,N,W,-4.913,0.02263,4.5,2,N,5
377,N,Y,-4.87,0.04596,4,2,N,5
378,N,-,0.08866,0.05805,1.5,2,N,5
378,N,A,-3.541,1.031,4,2,N,5
378,N,C,-4.707,0.08273,3,2,N,5
378,N,D,-4.402,0.7715,4.5,2,N,5
378,N,E,-4.896,0.1025,4.5,2,N,5
378,N,F,-1.614,,1,1,N,5
378,N,G,-4.698,,1,1,N,5
378,N,H,-3.059,0.07354,8,2,N,5
378,N,I,-4.306,0.1344,6.5,2,N,5
378,N,K,-4.906,0.02333,5.5,2,N,5
378,N,L,-4.83,0.009192,4,2,N,5
378,N,M,-3.189,0.005657,5.5,2,N,5
378,N,N,0,0,,2,N,5
378,N,P,-4.564,0.483,4.5,2,N,5
378,N,Q,-3.588,1.357,3,2,N,5
378,N,R,-4.659,0.3288,3.5,2,N,5
378,N,S,-1.489,1.465,3.5,2,N,5
378,N,T,-2.047,0.09334,6,2,N,5
378,N,V,-4.478,0.1153,8.5,2,N,5
378,N,W,-0.7917,0.2534,5,2,N,5
378,N,Y,-2.775,0.4186,8.5,2,N,5
379,F,-,-0.05165,0.2528,1.5,2,F,5
379,F,A,-2.91,0.4886,5.5,2,F,5
379,F,C,-4.503,0.5756,4.5,2,F,5
379,F,D,-4.897,0.04455,6,2,F,5
379,F,E,-4.93,0.09051,2,2,F,5
379,F,F,0,0,,2,F,5
379,F,G,-0.8489,1.076,2,2,F,5
379,F,H,-0.6682,0.6983,4.5,2,F,5
379,F,I,-2.46,1.87,4,2,F,5
379,F,K,-4.71,0.2298,5,2,F,5
379,F,L,-1.421,0.2722,13.5,2,F,5
379,F,M,0.106,0.01409,7,2,F,5
379,F,N,-2.305,0.8287,4.5,2,F,5
379,F,P,-4.912,0.006364,6,2,F,5
379,F,Q,-4.463,0.5381,1.5,2,F,5
379,F,R,-1.598,0.5968,2.5,2,F,5
379,F,S,-4.944,0.01697,7.5,2,F,5
379,F,T,-4.905,0.009192,5,2,F,5
379,F,V,-2.734,1.436,2.5,2,F,5
379,F,W,0.1401,0.002899,2.5,2,F,5
379,F,Y,0.1248,0.06988,4,2,F,5
380,V,-,-2.546,3.341,1.5,2,V,5
380,V,A,-0.7143,0.03776,5,2,V,5
380,V,C,-0.6109,0.4115,3.5,2,V,5
380,V,D,-4.92,0.06788,4.5,2,V,5
380,V,E,-4.556,0.28,6,2,V,5
380,V,F,-4.573,0.5268,3.5,2,V,5
380,V,G,-2.122,0.9136,8.5,2,V,5
380,V,H,-2.8,0.07566,4,2,V,5
380,V,I,0.03406,0.1232,5.5,2,V,5
380,V,K,-4.821,0.2093,3.5,2,V,5
380,V,L,-0.4052,0.2534,8,2,V,5
380,V,M,-4.39,0.7495,6,2,V,5
380,V,N,-1.176,,1,1,V,5
380,V,P,-4.661,,1.5,1,V,5
380,V,Q,-0.7047,0.518,4.5,2,V,5
380,V,R,-3.466,1.397,3,2,V,5
380,V,S,-3.58,0.2079,4.5,2,V,5
380,V,T,-4.864,0.03111,4.5,2,V,5
380,V,V,0,0,,2,V,5
380,V,W,-1.129,0.6197,4,2,V,5
380,V,Y,-4.018,0.8415,7,2,V,5
381,K,-,-0.05717,0.02065,1,2,K,5
381,K,A,-1.312,0.2553,5.5,2,K,5
381,K,C,-4.953,0.003536,5,2,K,5
381,K,D,-4.566,0.3097,4.5,2,K,5
381,K,E,-4.035,1.269,7.5,2,K,5
381,K,F,-3.845,1.587,2.5,2,K,5
381,K,G,-1.855,0.6576,4,2,K,5
381,K,H,-0.5752,0.4207,3.5,2,K,5
381,K,I,-2.237,0.7121,4,2,K,5
381,K,K,0,0,,2,K,5
381,K,L,-0.6992,0.3117,5,2,K,5
381,K,M,-1.491,0.3847,3.5,2,K,5
381,K,N,-1.201,0.8098,11,2,K,5
381,K,P,-0.9692,0.6969,6.5,2,K,5
381,K,Q,-0.6502,0.5144,6,2,K,5
381,K,R,-0.359,0.5525,9,2,K,5
381,K,S,-1.053,,1.5,1,K,5
381,K,T,-0.2676,0.524,4.5,2,K,5
381,K,V,-2.954,2.905,4.5,2,K,5
381,K,W,-3.967,1.301,3,2,K,5
381,K,Y,-0.3139,0.629,3.5,2,K,5
382,F,-,-0.3786,0.5416,1,2,F,5
382,F,A,-4.062,1.02,2.5,2,F,5
382,F,C,-4.882,0.06505,4,2,F,5
382,F,D,-4.506,0.483,3.5,2,F,5
382,F,E,-4.909,0.04172,3.5,2,F,5
382,F,F,0,0,,2,F,5
382,F,G,-2.628,3.247,1.5,2,F,5
382,F,H,-4.883,0.0799,6.5,2,F,5
382,F,I,-0.7934,0.3119,5.5,2,F,5
382,F,K,-4.949,0.0792,6.5,2,F,5
382,F,L,0.02883,0.1064,9.5,2,F,5
382,F,M,-0.4728,0.2394,6.5,2,F,5
382,F,N,-4.755,0.1987,3.5,2,F,5
382,F,P,-4.944,0.03748,6,2,F,5
382,F,Q,-4.984,0.01131,6,2,F,5
382,F,R,-4.802,0.1796,3.5,2,F,5
382,F,S,-4.883,0.04525,5,2,F,5
382,F,T,-4.798,0.1428,3.5,2,F,5
382,F,V,-1.808,1.384,4.5,2,F,5
382,F,W,-0.7304,0.9117,4,2,F,5
382,F,Y,-1.186,0.8601,6,2,F,5
383,G,-,0.03555,0.1626,1,2,G,5
383,G,A,-0.0379,0.2384,5,2,G,5
383,G,C,-2.381,0.02333,15,2,G,5
383,G,D,-0.04208,0.02142,10.5,2,G,5
383,G,E,-0.2657,0.09871,6,2,G,5
383,G,F,0.1419,0.03147,5,2,G,5
383,G,G,0,0,,2,G,5
383,G,H,-0.3206,0.2091,6,2,G,5
383,G,I,-4.399,0.763,5,2,G,5
383,G,K,-0.6453,0.1701,7,2,G,5
383,G,L,-0.96,0.7014,6,2,G,5
383,G,M,-0.0813,0.3001,5.5,2,G,5
383,G,N,-0.4376,0.5296,4,2,G,5
383,G,P,-4.964,0.06788,6.5,2,G,5
383,G,Q,-0.0613,0.283,4.5,2,G,5
383,G,R,-1.199,1.112,3,2,G,5
383,G,S,0.0335,0.1276,9,2,G,5
383,G,T,-0.2226,0.0741,6.5,2,G,5
383,G,V,-3.549,0.5346,6.5,2,G,5
383,G,W,-0.2798,0.3415,1.5,2,G,5
383,G,Y,-0.3041,0.2395,4,2,G,5
384,S,-,-0.3139,0.5916,1,2,S,5
384,S,A,-0.4594,0.4588,5,2,S,5
384,S,C,-3.101,2.252,3,2,S,5
384,S,D,-0.3469,,4.5,1,S,5
384,S,E,-0.05999,0.1447,9.5,2,S,5
384,S,F,-0.02065,0.2225,3,2,S,5
384,S,G,0.1116,,2,1,S,5
384,S,H,-0.2368,0.4283,5.5,2,S,5
384,S,I,-0.7579,0.02022,11,2,S,5
384,S,K,-0.6096,0.9905,2,2,S,5
384,S,L,-1.263,1.431,5.5,2,S,5
384,S,M,-0.5345,0.5513,4,2,S,5
384,S,N,-0.2606,0.2516,10.5,2,S,5
384,S,P,-4.919,0.04384,5,2,S,5
384,S,Q,0.0293,0.1833,4,2,S,5
384,S,R,-0.1847,0.3527,9,2,S,5
384,S,S,0,0,,2,S,5
384,S,T,0.06801,0.002376,7,2,S,5
384,S,V,-2.056,3.068,4,2,S,5
384,S,W,0.0828,0.1151,6,2,S,5
384,S,Y,-0.6168,1.06,9,2,S,5
385,V,-,-0.0261,,0.5,1,V,5
385,V,A,-0.653,0.734,6,2,V,5
385,V,C,-0.8062,0.4551,2.5,2,V,5
385,V,D,-4.926,0.02051,5,2,V,5
385,V,E,-4.919,0.0495,4,2,V,5
385,V,F,-0.8783,1.086,12.5,2,V,5
385,V,G,-4.924,0.03111,4.5,2,V,5
385,V,H,-4.873,0.03394,3.5,2,V,5
385,V,I,0.1517,0.01683,7.5,2,V,5
385,V,K,-4.842,0.06293,5.5,2,V,5
385,V,L,0.1065,0.04054,4.5,2,V,5
385,V,M,-0.1056,0.3025,6.5,2,V,5
385,V,N,-4.898,0.07071,3,2,V,5
385,V,P,-4.834,0.1584,5,2,V,5
385,V,Q,-4.938,0.02263,6.5,2,V,5
385,V,R,-4.9,,0.5,1,V,5
385,V,S,-4.73,0.379,5,2,V,5
385,V,T,-0.7218,0.02312,7,2,V,5
385,V,V,0,0,,2,V,5
385,V,W,-4.934,0.02899,5,2,V,5
385,V,Y,-4.841,0.01061,6,2,V,5
386,C,-,-0.04301,,0.5,1,C,5
386,C,A,-2.757,2.892,4.5,2,C,5
386,C,C,0,0,,2,C,5
386,C,D,-4.972,0.04808,6,2,C,5
386,C,E,-4.843,0.1089,3,2,C,5
386,C,F,-4.917,0.0792,12,2,C,5
386,C,G,-4.937,0.09263,4.5,2,C,5
386,C,H,-4.89,0.00495,4,2,C,5
386,C,I,-4.792,0.1768,9.5,2,C,5
386,C,K,-4.941,0.04738,5.5,2,C,5
386,C,L,-4.944,0.002121,6,2,C,5
386,C,M,-4.903,0.04172,4.5,2,C,5
386,C,N,-4.885,,1.5,1,C,5
386,C,P,-4.947,0.02404,4.5,2,C,5
386,C,Q,-4.881,0.09051,4.5,2,C,5
386,C,R,-4.979,0.003536,11.5,2,C,5
386,C,S,-2.897,2.589,4,2,C,5
386,C,T,-4.875,0.04384,6,2,C,5
386,C,V,-4.928,0.1181,3,2,C,5
386,C,W,-4.929,0.06576,3,2,C,5
386,C,Y,-4.801,0.2828,11,2,C,5
387,F,-,-0.5641,,0.5,1,F,5
387,F,A,-4.784,0.1662,5,2,F,5
387,F,C,-4.795,0.1358,3.5,2,F,5
387,F,D,-4.912,0.01344,4.5,2,F,5
387,F,E,-4.843,0.05657,2,2,F,5
387,F,F,0,0,,2,F,5
387,F,G,-4.97,0.05586,9.5,2,F,5
387,F,H,-4.918,0.02899,5,2,F,5
387,F,I,-4.18,0.2362,5.5,2,F,5
387,F,K,-4.915,0.007071,5.5,2,F,5
387,F,L,-1.556,0.005657,12.5,2,F,5
387,F,M,-0.2428,0.4866,4.5,2,F,5
387,F,N,-4.865,0.0297,6,2,F,5
387,F,P,-4.947,0.008485,8,2,F,5
387,F,Q,-4.956,,1,1,F,5
387,F,R,-4.703,0.3642,6,2,F,5
387,F,S,-4.787,0.07849,3.5,2,F,5
387,F,T,-4.926,0.04808,3,2,F,5
387,F,V,-0.3853,0.4685,2.5,2,F,5
387,F,W,-0.02635,0.1921,4,2,F,5
387,F,Y,-0.2576,0.007495,3.5,2,F,5
388,S,-,-0.5003,0.7547,1,2,S,5
388,S,A,-0.09666,0.2041,5,2,S,5
388,S,C,-4.037,0.9468,6.5,2,S,5
388,S,D,-2.481,3.522,4,2,S,5
388,S,E,-4.931,0.06576,6.5,2,S,5
388,S,F,-2.482,3.423,2.5,2,S,5
388,S,G,-0.2075,0.5309,5.5,2,S,5
388,S,H,-1.715,0.5042,7,2,S,5
388,S,I,-4.921,0.01061,9,2,S,5
388,S,K,-4.911,,3.5,1,S,5
388,S,L,-4.938,0.02899,7.5,2,S,5
388,S,M,-4.797,0.1895,3.5,2,S,5
388,S,N,-1.552,0.6626,8.5,2,S,5
388,S,P,-4.908,,3,1,S,5
388,S,Q,-3.982,0.8082,4.5,2,S,5
388,S,R,-4.875,0.07637,8,2,S,5
388,S,S,0,0,,2,S,5
388,S,T,-0.4047,0.09306,6.5,2,S,5
388,S,V,-4.566,0.4179,6,2,S,5
388,S,W,-4.818,0.198,3,2,S,5
388,S,Y,-4.937,0.1004,7,2,S,5
389,L,-,-0.1631,0.1304,1,2,L,5
389,L,A,-1.27,0.8209,5,2,L,5
389,L,C,-4.47,0.3429,8,2,L,5
389,L,D,-4.815,0.157,6,2,L,5
389,L,E,-0.0202,0.2249,4.5,2,L,5
389,L,F,-1.409,,3,1,L,5
389,L,G,-4.62,0.3118,3.5,2,L,5
389,L,H,-3.534,0.6343,4.5,2,L,5
389,L,I,-0.9699,0.03161,3,2,L,5
389,L,K,0.1285,0.01605,3,2,L,5
389,L,L,0,0,,2,L,5
389,L,M,0.09628,0.1102,6.5,2,L,5
389,L,N,-3.279,2.174,4,2,L,5
389,L,P,-0.02857,0.1252,10,2,L,5
389,L,Q,-0.0818,0.2961,8.5,2,L,5
389,L,R,-1.414,0.4497,3.5,2,L,5
389,L,S,-2.272,0.8818,3.5,2,L,5
389,L,T,-0.6151,1.099,3.5,2,L,5
389,L,V,-0.2135,0.3379,3,2,L,5
389,L,W,-5.006,,4,1,L,5
389,L,Y,-3.52,0.8683,4.5,2,L,5
390,K,-,-0.1368,0.2767,2,2,K,5
390,K,A,0.129,0.04985,5.5,2,K,5
390,K,C,-0.3707,0.7203,2,2,K,5
390,K,D,0.151,0.01902,3.5,2,K,5
390,K,E,-0.1507,0.2843,5,2,K,5
390,K,F,-0.1438,0.2585,6,2,K,5
390,K,G,-0.1238,0.3738,3.5,2,K,5
390,K,H,-0.0882,0.2932,7.5,2,K,5
390,K,I,0.03214,,2,1,K,5
390,K,K,0,0,,2,K,5
390,K,L,0.1555,0.02135,7,2,K,5
390,K,M,-0.3113,0.05424,3.5,2,K,5
390,K,N,0.0061,0.09225,13,2,K,5
390,K,P,-4.781,0.1541,4,2,K,5
390,K,Q,-0.0141,0.2365,3,2,K,5
390,K,R,0.06261,0.07933,3,2,K,5
390,K,S,-1.002,0.26,3,2,K,5
390,K,T,-0.1341,0.3801,2,2,K,5
390,K,V,0.02644,0.1162,5.5,2,K,5
390,K,W,-0.1791,0.3235,2.5,2,K,5
390,K,Y,-0.1424,0.3594,3,2,K,5
391,D,-,-1.048,0.8474,2,2,D,5
391,D,A,-0.3452,0.08627,9,2,D,5
391,D,C,-1.437,0.8354,2,2,D,5
391,D,D,0,0,,2,D,5
391,D,E,-0.08495,0.2454,5.5,2,D,5
391,D,F,-0.2959,0.5315,7.5,2,D,5
391,D,G,-0.3237,0.502,4.5,2,D,5
391,D,H,0.000475,0.05993,4.5,2,D,5
391,D,I,-1.775,,1,1,D,5
391,D,K,-1.409,0.004243,5,2,D,5
391,D,L,0.00925,0.1675,3,2,D,5
391,D,M,-0.4594,0.02892,4,2,D,5
391,D,N,-0.2069,0.2117,21,2,D,5
391,D,P,-0.0379,0.2367,10,2,D,5
391,D,Q,-0.1997,0.5146,5,2,D,5
391,D,R,-1.385,0.309,5,2,D,5
391,D,S,-0.06845,0.3406,6.5,2,D,5
391,D,T,-0.02964,,2.5,1,D,5
391,D,V,-0.0744,0.13,4,2,D,5
391,D,W,0.06572,0.02336,3.5,2,D,5
391,D,Y,-0.2,0.07333,8.5,2,D,5
392,I,-,-0.1925,0.2319,2,2,I,5
392,I,A,-0.01675,0.186,3.5,2,I,5
392,I,C,-2.173,0.164,5.5,2,I,5
392,I,D,-0.5094,0.1853,9,2,I,5
392,I,E,-0.7084,1.049,1.5,2,I,5
392,I,F,-0.2067,0.03083,7,2,I,5
392,I,G,-0.1807,0.3364,6.5,2,I,5
392,I,H,-0.977,0.642,4.5,2,I,5
392,I,I,0,0,,2,I,5
392,I,K,-0.6059,0.5396,6.5,2,I,5
392,I,L,0.1373,0.001556,4,2,I,5
392,I,M,-0.08605,0.3679,4,2,I,5
392,I,N,-0.6591,0.9926,7.5,2,I,5
392,I,P,-2.004,0.4441,8,2,I,5
392,I,Q,-0.1307,0.1865,3.5,2,I,5
392,I,R,-0.6269,0.6889,2.5,2,I,5
392,I,S,-1.906,2.522,3.5,2,I,5
392,I,T,-0.1399,0.077,7.5,2,I,5
392,I,V,-0.1496,0.3591,4,2,I,5
392,I,W,-0.6706,0.04653,6.5,2,I,5
392,I,Y,-0.3315,0.562,4,2,I,5
393,P,-,-0.05838,0.08516,1.5,2,P,5
393,P,A,0.1219,,4.5,1,P,5
393,P,C,-1.715,0.432,7.5,2,P,5
393,P,D,-0.5281,0.6999,5.5,2,P,5
393,P,E,-2.026,0.3161,1.5,2,P,5
393,P,F,-0.03271,0.1643,3.5,2,P,5
393,P,G,0.1505,0.02595,4,2,P,5
393,P,H,-0.3051,0.2288,18,2,P,5
393,P,I,-0.1827,0.3393,6,2,P,5
393,P,K,-0.9461,1.178,2.5,2,P,5
393,P,L,0.1428,0.04412,9.5,2,P,5
393,P,M,-2.342,0.6569,1.5,2,P,5
393,P,N,-0.1732,0.3772,7,2,P,5
393,P,P,0,0,,2,P,5
393,P,Q,0.1127,,4,1,P,5
393,P,R,-0.9916,0.5394,4.5,2,P,5
393,P,S,-0.249,0.1006,7.5,2,P,5
393,P,T,-0.3533,0.5427,12.5,2,P,5
393,P,V,-0.1874,0.1719,6,2,P,5
393,P,W,-4.855,,1,1,P,5
393,P,Y,-0.623,1.061,2,2,P,5
394,G,-,-0.06268,0.05887,1.5,2,G,5
394,G,A,-1.151,0.7581,4.5,2,G,5
394,G,C,-1.174,0.07849,22,2,G,5
394,G,D,-2.115,1.503,5.5,2,G,5
394,G,E,-1.052,0.1718,2.5,2,G,5
394,G,F,-0.0802,0.3265,3,2,G,5
394,G,G,0,0,,2,G,5
394,G,H,-0.02875,0.2525,6.5,2,G,5
394,G,I,-0.6121,0.3933,5,2,G,5
394,G,K,-2.258,0.84,3,2,G,5
394,G,L,-0.8803,0.2287,2,2,G,5
394,G,M,-1.088,1.133,7,2,G,5
394,G,N,-0.8219,0.4965,5,2,G,5
394,G,P,-1.512,0.04667,3.5,2,G,5
394,G,Q,-1.512,0.3995,2.5,2,G,5
394,G,R,-1.47,2.188,1.5,2,G,5
394,G,S,-0.1195,0.3004,11,2,G,5
394,G,T,0.03993,0.1726,4,2,G,5
394,G,V,-0.3945,0.05127,7.5,2,G,5
394,G,W,-1.094,0.1332,4.5,2,G,5
394,G,Y,-0.0948,0.2833,5.5,2,G,5
395,G,*,-4.927,0.06647,13.5,2,G,5
395,G,-,-0.1437,0.3458,1.5,2,G,5
395,G,A,-0.2006,0.03741,9,2,G,5
395,G,C,0.07393,0.1045,5,2,G,5
395,G,D,-0.7029,0.5064,5.5,2,G,5
395,G,E,-4.668,0.3571,13.5,2,G,5
395,G,F,0.01655,0.1686,6.5,2,G,5
395,G,G,0,0,,2,G,5
395,G,H,-1.085,0.6829,2,2,G,5
395,G,I,-4.72,0.309,5,2,G,5
395,G,K,-0.7436,0.5875,4,2,G,5
395,G,L,-4.287,0.4306,6.5,2,G,5
395,G,M,-3.208,0.6689,4,2,G,5
395,G,N,-1.133,0.7106,3.5,2,G,5
395,G,P,-4.816,0.2093,3.5,2,G,5
395,G,Q,-0.3581,0.2239,5.5,2,G,5
395,G,R,-0.9622,0.2217,13,2,G,5
395,G,S,0.1501,0.02178,2,2,G,5
395,G,T,-0.5587,0.6059,9.5,2,G,5
395,G,V,-2.671,0.2072,11.5,2,G,5
395,G,W,-1.047,0.3021,2.5,2,G,5
395,G,Y,-0.4877,0.1212,5,2,G,5
396,C,*,-4.986,0.03748,2.5,2,C,5
396,C,-,0.03589,0.1412,1.5,2,C,5
396,C,A,-4.915,0.1308,4.5,2,C,5
396,C,C,0,0,,2,C,5
396,C,D,-4.915,0.02475,15.5,2,C,5
396,C,E,-4.946,0.07849,3,2,C,5
396,C,F,-4.9,0.04879,5.5,2,C,5
396,C,G,-4.926,0.01273,6.5,2,C,5
396,C,H,-4.931,0.02333,5.5,2,C,5
396,C,I,-4.96,0.06859,4.5,2,C,5
396,C,K,-4.936,0.05445,2,2,C,5
396,C,L,-4.905,0.03041,3,2,C,5
396,C,M,-4.931,0.04172,6,2,C,5
396,C,N,-2.728,3.067,3,2,C,5
396,C,P,-4.924,0.04667,4,2,C,5
396,C,Q,-4.93,0.02687,5,2,C,5
396,C,R,-2.72,3.003,2,2,C,5
396,C,S,-4.697,0.3543,8.5,2,C,5
396,C,T,-4.899,0.003536,3.5,2,C,5
396,C,V,-4.925,0.05798,5,2,C,5
396,C,W,-2.402,3.538,3.5,2,C,5
396,C,Y,-4.944,0.02828,7,2,C,5
397,A,-,-0.08712,0.2272,1.5,2,A,5
397,A,A,0,0,,2,A,5
397,A,C,-0.07936,0.2186,7.5,2,A,5
397,A,D,0.05097,0.03382,5.5,2,A,5
397,A,E,-0.5484,0.1691,3,2,A,5
397,A,F,-0.1935,0.2882,8,2,A,5
397,A,G,-0.3867,0.7254,4,2,A,5
397,A,H,-0.4649,0.3564,2.5,2,A,5
397,A,I,0.05393,0.08594,8.5,2,A,5
397,A,K,-0.9394,0.5128,2.5,2,A,5
397,A,L,-0.4183,0.1118,3,2,A,5
397,A,M,-0.5869,0.3716,2,2,A,5
397,A,N,-0.1519,0.145,6,2,A,5
397,A,P,-2.337,0.4533,6,2,A,5
397,A,Q,-0.5958,0.7159,3,2,A,5
397,A,R,-0.3609,0.1879,7.5,2,A,5
397,A,S,-0.191,0.07029,8.5,2,A,5
397,A,T,-0.1243,0.1246,26,2,A,5
397,A,V,0.04954,0.09668,14,2,A,5
397,A,W,0.0444,0.004858,2.5,2,A,5
397,A,Y,-0.2467,0.1203,6,2,A,5
398,M,-,-0.02547,0.01262,1.5,2,M,5
398,M,A,-3.688,0.4914,5,2,M,5
398,M,C,-4.934,0.01202,4,2,M,5
398,M,D,-4.843,0.1061,4,2,M,5
398,M,E,-2.508,3.454,4.5,2,M,5
398,M,F,-0.7445,0.3591,7,2,M,5
398,M,G,-4.331,0.8697,8,2,M,5
398,M,H,-0.7056,0.2749,6.5,2,M,5
398,M,I,-4.962,0.06293,18.5,2,M,5
398,M,K,-4.901,0.0007071,4,2,M,5
398,M,L,-0.3721,0.1499,7,2,M,5
398,M,M,0,0,,2,M,5
398,M,N,-4.906,0.01556,7,2,M,5
398,M,P,-4.829,0.1195,5,2,M,5
398,M,Q,-1.353,1.284,5,2,M,5
398,M,R,-4.916,0.02121,4,2,M,5
398,M,S,-4.752,0.005657,6,2,M,5
398,M,T,-4.767,0.1881,5,2,M,5
398,M,V,-4.908,0.02333,7,2,M,5
398,M,W,-0.7386,0.4418,4.5,2,M,5
398,M,Y,-0.4259,,1.5,1,M,5
399,P,-,-0.02734,0.07541,2,2,P,5
399,P,A,-0.8144,0.3855,9.5,2,P,5
399,P,C,-4.433,0.145,6.5,2,P,5
399,P,D,-3.316,1.244,4.5,2,P,5
399,P,E,-2.587,1.006,5.5,2,P,5
399,P,F,-2.192,0.09475,2.5,2,P,5
399,P,G,-0.3746,0.2407,4,2,P,5
399,P,H,-2.255,0.2645,6,2,P,5
399,P,I,-2.074,1.601,4.5,2,P,5
399,P,K,-1.922,0.157,4,2,P,5
399,P,L,-1.58,2.433,3,2,P,5
399,P,M,-0.2716,0.3059,2,2,P,5
399,P,N,-0.8465,0.9397,1,2,P,5
399,P,P,0,0,,2,P,5
399,P,Q,-1.565,0.5678,6.5,2,P,5
399,P,R,-1.422,1.343,5.5,2,P,5
399,P,S,-1.702,0.8365,12,2,P,5
399,P,T,-1.724,0.1577,6.5,2,P,5
399,P,V,-1.324,0.3408,3.5,2,P,5
399,P,W,-2.135,0.7509,3.5,2,P,5
399,P,Y,-1.281,0.747,3,2,P,5
400,I,-,-0.7302,0.2969,2.5,2,I,5
400,I,A,-4.907,0.03253,3,2,I,5
400,I,C,-4.023,0.4285,6,2,I,5
400,I,D,-4.931,0.02192,7,2,I,5
400,I,E,-4.854,0.1393,6.5,2,I,5
400,I,F,-4.91,0.01768,3,2,I,5
400,I,G,-4.764,0.1754,3.5,2,I,5
400,I,H,-4.857,0.05728,4.5,2,I,5
400,I,I,0,0,,2,I,5
400,I,K,-4.841,0.1308,3.5,2,I,5
400,I,L,0.05386,0.04625,7,2,I,5
400,I,M,-0.8216,0.1455,2.5,2,I,5
400,I,N,-4.944,0.04738,7.5,2,I,5
400,I,P,-4.929,0.01626,6.5,2,I,5
400,I,Q,-4.916,0.001414,4.5,2,I,5
400,I,R,-4.912,0.01273,6.5,2,I,5
400,I,S,-4.898,0.009899,3.5,2,I,5
400,I,T,-4.875,0.06647,8.5,2,I,5
400,I,V,-1.38,1.973,2,2,I,5
400,I,W,-4.78,0.1888,6,2,I,5
400,I,Y,-4.957,0.01768,3.5,2,I,5
401,V,-,0.1234,,2,1,V,5
401,V,A,-0.1492,0.1878,8,2,V,5
401,V,C,-0.499,,2,1,V,5
401,V,D,-0.0831,0.2076,4.5,2,V,5
401,V,E,-0.01571,0.05427,3,2,V,5
401,V,F,-2.564,3.409,3,2,V,5
401,V,G,0.131,0.0384,2.5,2,V,5
401,V,H,0.07126,0.1426,2,2,V,5
401,V,I,-0.4128,0.681,5,2,V,5
401,V,K,-0.1933,0.462,4.5,2,V,5
401,V,L,-1.566,0.4985,5.5,2,V,5
401,V,M,0.08418,0.07031,10,2,V,5
401,V,N,-0.01505,0.1696,3,2,V,5
401,V,P,-4.969,0.0594,8,2,V,5
401,V,Q,-0.00725,0.1925,4,2,V,5
401,V,R,-0.7299,0.6691,3,2,V,5
401,V,S,-0.1406,0.02411,4.5,2,V,5
401,V,T,-0.2261,0.376,2.5,2,V,5
401,V,V,0,0,,2,V,5
401,V,W,0.04941,0.1621,6.5,2,V,5
401,V,Y,0.09593,0.05781,5,2,V,5
402,A,-,0.08079,,1.5,1,A,5
402,A,A,0,0,,2,A,5
402,A,C,-1.779,0.08697,9.5,2,A,5
402,A,D,-4.827,0.04243,6,2,A,5
402,A,E,-4.829,0.0898,4,2,A,5
402,A,F,-0.9576,0.3994,5.5,2,A,5
402,A,G,-0.3458,,2,1,A,5
402,A,H,-4.855,0.0495,3,2,A,5
402,A,I,-1.194,0.0594,4,2,A,5
402,A,K,-4.857,0.1435,6,2,A,5
402,A,L,-0.5004,0.06498,7,2,A,5
402,A,M,-1.451,0.7811,4,2,A,5
402,A,N,-1.648,0.1577,9.5,2,A,5
402,A,P,-4.53,0.1464,3.5,2,A,5
402,A,Q,-4.225,0.04879,1.5,2,A,5
402,A,R,-4.962,0.02263,6.5,2,A,5
402,A,S,-0.9308,1.357,8,2,A,5
402,A,T,-0.6881,0.2843,11,2,A,5
402,A,V,-0.2643,0.5762,6.5,2,A,5
402,A,W,-4.713,0.2553,5,2,A,5
402,A,Y,-1.608,0.94,3,2,A,5
403,N,-,-1.772,,1.5,1,N,5
403,N,A,0.03226,0.1706,2.5,2,N,5
403,N,C,-0.9768,0.8163,2,2,N,5
403,N,D,-0.2163,0.2877,6,2,N,5
403,N,E,-0.1015,0.3393,3.5,2,N,5
403,N,F,-0.5964,0.5692,5,2,N,5
403,N,G,0.03916,0.1801,5,2,N,5
403,N,H,-0.3842,0.4387,6.5,2,N,5
403,N,I,-0.1065,0.3403,3.5,2,N,5
403,N,K,-2.547,2.226,6.5,2,N,5
403,N,L,-0.4727,0.1908,4,2,N,5
403,N,M,-0.3275,0.03882,5,2,N,5
403,N,N,0,0,,2,N,5
403,N,P,-4.894,0.1471,6,2,N,5
403,N,Q,-0.6431,0.2678,5.5,2,N,5
403,N,R,-0.02075,0.06376,5,2,N,5
403,N,S,0.00655,0.1889,9,2,N,5
403,N,T,-0.0752,0.297,4.5,2,N,5
403,N,V,-0.1606,0.4053,2.5,2,N,5
403,N,W,-0.9453,0.199,5.5,2,N,5
403,N,Y,-0.381,0.7591,3.5,2,N,5
404,L,-,0.05187,,2,1,W,5
404,L,A,-0.9047,0.6934,3,2,W,5
404,L,C,-1.804,0.4207,7.5,2,W,5
404,L,D,-4.762,0.1952,5,2,W,5
404,L,E,-4.949,0.08061,2.5,2,W,5
404,L,F,-0.3376,0.3045,3.5,2,W,5
404,L,G,-4.87,0.07142,3.5,2,W,5
404,L,H,-3.821,0.6385,2.5,2,W,5
404,L,I,-0.1094,0.08362,6.5,2,W,5
404,L,K,-4.026,1.324,4.5,2,W,5
404,L,L,0,0,,2,W,5
404,L,M,-0.3798,0.7031,5,2,W,5
404,L,N,-4.643,0.02121,6,2,W,5
404,L,P,-1.849,0.8952,4.5,2,W,5
404,L,Q,-4.919,0.03677,3,2,W,5
404,L,R,-2.237,1.515,5,2,W,5
404,L,S,-4.825,0.1379,5.5,2,W,5
404,L,T,-3.647,1.841,3,2,W,5
404,L,V,-0.8511,1.175,2.5,2,W,5
404,L,W,-1.258,2.014,2,2,W,5
404,L,Y,0.05046,0.159,3.5,2,W,5
405,A,-,-0.05158,,2,1,A,5
405,A,A,0,0,,2,A,5
405,A,C,-1.785,0.1096,7,2,A,5
405,A,D,0.04231,0.07775,9,2,A,5
405,A,E,-0.5961,0.8767,6.5,2,A,5
405,A,F,-1.505,1.349,7.5,2,A,5
405,A,G,-1.416,2.096,7,2,A,5
405,A,H,-0.02025,0.2252,6,2,A,5
405,A,I,0.0225,0.2102,3.5,2,A,5
405,A,K,-0.03286,0.04102,4,2,A,5
405,A,L,0.144,0.01739,3,2,A,5
405,A,M,-0.02815,0.07891,5.5,2,A,5
405,A,N,-0.1257,0.3511,2.5,2,A,5
405,A,P,-0.01785,0.03708,4.5,2,A,5
405,A,Q,0.05395,0.1077,6.5,2,A,5
405,A,R,-1.011,0.2798,2.5,2,A,5
405,A,S,-3.611,0.8959,7,2,A,5
405,A,T,-3.464,0.5459,14.5,2,A,5
405,A,V,-0.3179,0.03239,6,2,A,5
405,A,W,-1.252,0.2694,4.5,2,A,5
405,A,Y,0.08804,0.07335,3,2,A,5
406,Y,*,-3.576,1.79,3,2,Y,5
406,Y,-,-0.57,,2,1,Y,5
406,Y,A,-0.4439,0.2679,5,2,Y,5
406,Y,C,-0.1173,0.009263,8,2,Y,5
406,Y,D,-2.104,3.082,3,2,Y,5
406,Y,E,0.1404,0.01527,3,2,Y,5
406,Y,F,0.0105,0.1765,6,2,Y,5
406,Y,G,-0.161,0.4199,4.5,2,Y,5
406,Y,H,-0.8146,0.9693,2.5,2,Y,5
406,Y,I,-0.2489,0.3629,3,2,Y,5
406,Y,K,-0.9369,0.5191,4.5,2,Y,5
406,Y,L,-0.1565,0.1709,3.5,2,Y,5
406,Y,M,-0.2448,0.1625,5,2,Y,5
406,Y,N,0.08286,0.009016,3.5,2,Y,5
406,Y,P,-0.1459,0.05565,3.5,2,Y,5
406,Y,Q,-0.3946,0.08351,5.5,2,Y,5
406,Y,R,-3.277,1.959,5.5,2,Y,5
406,Y,S,0.05398,0.01609,1.5,2,Y,5
406,Y,T,-0.4844,0.4689,4,2,Y,5
406,Y,V,-0.1098,0.3275,2,2,Y,5
406,Y,W,-0.06413,0.00664,3,2,Y,5
406,Y,Y,0,0,,2,Y,5
407,L,-,0.03221,,2,1,S,5
407,L,A,-0.161,0.4579,4.5,2,S,5
407,L,C,-4.369,0.8563,4,2,S,5
407,L,D,-0.6931,0.7254,3.5,2,S,5
407,L,E,-1.143,0.5144,4.5,2,S,5
407,L,F,-0.047,0.2526,4.5,2,S,5
407,L,G,0.00813,0.1282,2.5,2,S,5
407,L,H,-0.1986,0.3411,8,2,S,5
407,L,I,-1.713,2.377,3.5,2,S,5
407,L,K,-4.296,0.6774,5.5,2,S,5
407,L,L,0,0,,2,S,5
407,L,M,-0.5866,0.8731,10,2,S,5
407,L,N,-2.546,3.485,1,2,S,5
407,L,P,-3.371,0.6505,10,2,S,5
407,L,Q,-0.1052,0.1756,2.5,2,S,5
407,L,R,-2.072,0.5183,6.5,2,S,5
407,L,S,-0.3359,0.6721,4,2,S,5
407,L,T,-0.04975,0.2074,6,2,S,5
407,L,V,0.1501,0.03154,3.5,2,S,5
407,L,W,-1.664,1.004,2.5,2,S,5
407,L,Y,-0.08196,0.216,4,2,S,5
408,N,-,-0.2955,,2.5,1,K,5
408,N,A,-0.3253,0.4599,3.5,2,K,5
408,N,C,-4.693,0.05091,3.5,2,K,5
408,N,D,-0.0907,0.2901,6,2,K,5
408,N,E,-0.8944,0.3926,7,2,K,5
408,N,F,-2.92,0.5848,3.5,2,K,5
408,N,G,-0.067,0.2793,4,2,K,5
408,N,H,-0.2237,0.08514,4.5,2,K,5
408,N,I,-0.7781,0.8202,6,2,K,5
408,N,K,-0.0867,0.2606,8,2,K,5
408,N,L,-0.8749,,2.5,1,K,5
408,N,M,0.03764,0.07846,5.5,2,K,5
408,N,N,0,0,,2,K,5
408,N,P,-3.093,1.159,3,2,K,5
408,N,Q,0.1216,,1.5,1,K,5
408,N,R,-0.0032,0.1544,1.5,2,K,5
408,N,S,0.09964,0.04378,6,2,K,5
408,N,T,-0.08549,0.02364,2,2,K,5
408,N,V,-0.1339,0.2207,4,2,K,5
408,N,W,-1.783,0.5784,7,2,K,5
408,N,Y,-2.077,0.7736,5.5,2,K,5
409,S,-,-0.3888,,3,1,Y,5
409,S,A,-0.7294,1.264,4.5,2,Y,5
409,S,C,-1.965,0.3458,4.5,2,Y,5
409,S,D,0.153,0.02044,4.5,2,Y,5
409,S,E,0.1333,0.03649,6,2,Y,5
409,S,F,-0.5527,0.1034,9,2,Y,5
409,S,G,-0.1241,0.3588,3,2,Y,5
409,S,H,0.07122,0.02562,4.5,2,Y,5
409,S,I,-0.2929,0.3944,4,2,Y,5
409,S,K,-0.1824,0.1068,8,2,Y,5
409,S,L,-0.7681,0.2391,4.5,2,Y,5
409,S,M,-0.1819,0.4553,3.5,2,Y,5
409,S,N,-4.946,0.09051,3.5,2,Y,5
409,S,P,-0.9474,0.0009899,7,2,Y,5
409,S,Q,-0.1683,0.4808,3,2,Y,5
409,S,R,-0.9247,,2,1,Y,5
409,S,S,0,0,,2,Y,5
409,S,T,-0.1959,0.04752,4.5,2,Y,5
409,S,V,-1.013,0.1701,4.5,2,Y,5
409,S,W,-0.6821,0.7197,6.5,2,Y,5
409,S,Y,-0.3386,0.3503,11.5,2,Y,5
410,Y,*,-0.1317,,0.5,1,Y,5
410,Y,-,-0.4196,,3,1,Y,5
410,Y,A,-0.7369,0.3594,4.5,2,Y,5
410,Y,C,-4.91,0.02828,10,2,Y,5
410,Y,D,-2.458,2.76,5.5,2,Y,5
410,Y,E,-0.03318,,1.5,1,Y,5
410,Y,F,-0.00645,0.1664,5,2,Y,5
410,Y,G,-4.574,0.2044,3,2,Y,5
410,Y,H,-0.2781,0.2683,9.5,2,Y,5
410,Y,I,-0.9518,0.286,6.5,2,Y,5
410,Y,K,-2.78,0.4999,7,2,Y,5
410,Y,L,-3.042,0.5325,4,2,Y,5
410,Y,M,-0.7966,0.3569,2,2,Y,5
410,Y,N,-0.7927,0.5831,2,2,Y,5
410,Y,P,-3.928,0.1025,3.5,2,Y,5
410,Y,Q,-2.171,0.1888,1.5,2,Y,5
410,Y,R,-2.221,2.47,6,2,Y,5
410,Y,S,-4.121,0.1393,3,2,Y,5
410,Y,T,-4.738,0.3408,4,2,Y,5
410,Y,V,-1.072,0.28,4,2,Y,5
410,Y,W,0.06473,0.02009,2.5,2,Y,5
410,Y,Y,0,0,,2,Y,5
411,T,-,-0.02692,,3.5,1,T,5
411,T,A,-0.3647,0.3725,2,2,T,5
411,T,C,-0.3716,0.4906,4.5,2,T,5
411,T,D,-0.6231,1.014,4.5,2,T,5
411,T,E,-1.103,0.4855,4,2,T,5
411,T,F,-0.6706,0.6511,3,2,T,5
411,T,G,0.09686,0.08406,9,2,T,5
411,T,H,-0.3113,0.3567,8,2,T,5
411,T,I,-0.2654,0.3745,6.5,2,T,5
411,T,K,-0.7444,0.8819,3.5,2,T,5
411,T,L,-0.4744,0.5259,3.5,2,T,5
411,T,M,-0.02195,0.2276,3.5,2,T,5
411,T,N,-0.2643,0.03033,4,2,T,5
411,T,P,-0.01858,0.02758,7,2,T,5
411,T,Q,-0.1356,0.3877,5,2,T,5
411,T,R,-0.1775,0.1356,3.5,2,T,5
411,T,S,-0.912,1.26,7,2,T,5
411,T,T,0,0,,2,T,5
411,T,V,-0.2827,0.4384,7.5,2,T,5
411,T,W,-0.1995,0.3512,3.5,2,T,5
411,T,Y,0.02972,0.1014,4.5,2,T,5
412,I,-,-0.08808,,3,1,I,5
412,I,A,-1.022,0.193,4,2,I,5
412,I,C,-1.93,0.1584,8,2,I,5
412,I,D,-2.632,3.303,4.5,2,I,5
412,I,E,-3.165,2.418,2.5,2,I,5
412,I,F,-0.3847,0.1279,6.5,2,I,5
412,I,G,-4.579,0.1492,4,2,I,5
412,I,H,-4.916,0.02121,6,2,I,5
412,I,I,0,0,,2,I,5
412,I,K,-4.894,0.009192,2.5,2,I,5
412,I,L,-0.4118,0.543,6,2,I,5
412,I,M,-0.0114,0.1238,3,2,I,5
412,I,N,-4.718,0.1747,4,2,I,5
412,I,P,-4.942,,2.5,1,I,5
412,I,Q,-4.987,,1.5,1,I,5
412,I,R,-4.701,0.4257,9,2,I,5
412,I,S,-4.572,0.4914,5,2,I,5
412,I,T,-2.54,1.146,4,2,I,5
412,I,V,-0.02894,0.0604,3,2,I,5
412,I,W,-4.373,0.1867,4,2,I,5
412,I,Y,-1.644,0.2913,6,2,I,5
413,G,*,-3.191,,0.5,1,G,5
413,G,-,-0.1798,,3,1,G,5
413,G,A,-0.1687,0.4043,4.5,2,G,5
413,G,C,-4.491,0.2418,12.5,2,G,5
413,G,D,-3.232,0.3656,14.5,2,G,5
413,G,E,-4.745,0.01909,4.5,2,G,5
413,G,F,-4.229,0.927,2.5,2,G,5
413,G,G,0,0,,2,G,5
413,G,H,-2.346,0.164,4,2,G,5
413,G,I,-4.896,0.009192,5.5,2,G,5
413,G,K,-1.048,1.35,1.5,2,G,5
413,G,L,-4.707,0.3401,4,2,G,5
413,G,M,-4.556,0.5431,5,2,G,5
413,G,N,-4.36,0.413,2.5,2,G,5
413,G,P,-4.928,0.02899,2.5,2,G,5
413,G,Q,-1.446,1.102,5.5,2,G,5
413,G,R,-3.139,0.5911,5.5,2,G,5
413,G,S,-0.08016,0.1398,7,2,G,5
413,G,T,-4.014,1.304,5,2,G,5
413,G,V,-4.948,0.08344,11.5,2,G,5
413,G,W,-4.942,0.02687,9.5,2,G,5
413,G,Y,-4.94,0.04525,3,2,G,5
414,S,-,-0.0518,0.1335,3.5,2,T,5
414,S,A,-0.7163,0.7025,3.5,2,T,5
414,S,C,-0.1666,0.01676,4.5,2,T,5
414,S,D,-2.125,0.1945,4.5,2,T,5
414,S,E,-0.1557,0.2909,4.5,2,T,5
414,S,F,-0.0212,0.2683,3.5,2,T,5
414,S,G,-4.142,1.072,2.5,2,T,5
414,S,H,0.1218,0.05875,3.5,2,T,5
414,S,I,0.00779,0.03999,13.5,2,T,5
414,S,K,-1.831,0.84,2.5,2,T,5
414,S,L,-0.2248,0.4785,4,2,T,5
414,S,M,-0.4752,0.8256,2,2,T,5
414,S,N,-0.1362,0.1575,9.5,2,T,5
414,S,P,-4.507,,3.5,1,T,5
414,S,Q,-0.7902,,1,1,T,5
414,S,R,-0.6493,0.7321,4.5,2,T,5
414,S,S,0,0,,2,T,5
414,S,T,-0.2662,0.3915,3.5,2,T,5
414,S,V,0.1392,0.0285,4,2,T,5
414,S,W,-0.286,0.593,2,2,T,5
414,S,Y,-0.0993,0.3274,4,2,T,5
415,L,-,0.00688,0.1388,4,2,L,5
415,L,A,-3.446,0.1959,3,2,L,5
415,L,C,-1.986,0.3939,6.5,2,L,5
415,L,D,-4.771,0.2029,4.5,2,L,5
415,L,E,-4.971,0.05233,6,2,L,5
415,L,F,-0.6683,0.4678,5,2,L,5
415,L,G,-4.026,0.4702,3.5,2,L,5
415,L,H,-4.886,0.0502,3,2,L,5
415,L,I,-0.09131,0.04043,6.5,2,L,5
415,L,K,-4.919,0.03677,3.5,2,L,5
415,L,L,0,0,,2,L,5
415,L,M,-0.1867,0.4088,9.5,2,L,5
415,L,N,-4.748,0.2298,2.5,2,L,5
415,L,P,-4.931,0.1153,6,2,L,5
415,L,Q,-4.902,0.0601,4,2,L,5
415,L,R,-4.864,0.0799,6,2,L,5
415,L,S,-4.923,0.01697,6.5,2,L,5
415,L,T,-4.865,0.1131,2.5,2,L,5
415,L,V,-2.761,2.814,2.5,2,L,5
415,L,W,-4.939,0.07637,3,2,L,5
415,L,Y,-4.967,0.06364,5,2,L,5
416,Y,*,-3.723,1.644,4,2,Y,5
416,Y,-,-0.01223,0.1231,4,2,Y,5
416,Y,A,-0.1439,0.06237,5,2,Y,5
416,Y,C,-1.491,0.321,3.5,2,Y,5
416,Y,D,-2.842,0.9892,6,2,Y,5
416,Y,E,-1.642,1.42,2.5,2,Y,5
416,Y,F,-0.05891,0.1768,9,2,Y,5
416,Y,G,0.05895,0.1109,6,2,Y,5
416,Y,H,-0.1702,0.244,9,2,Y,5
416,Y,I,-1.78,1.296,4.5,2,Y,5
416,Y,K,-0.5493,0.3275,2.5,2,Y,5
416,Y,L,-2.067,0.9129,2.5,2,Y,5
416,Y,M,-0.1096,0.02203,3,2,Y,5
416,Y,N,-4.931,0.01909,3.5,2,Y,5
416,Y,P,-4.764,,3.5,1,Y,5
416,Y,Q,0.09974,0.005749,4.5,2,Y,5
416,Y,R,-0.2883,0.2209,4,2,Y,5
416,Y,S,-0.1021,0.1424,3.5,2,Y,5
416,Y,T,0.00195,0.1951,4.5,2,Y,5
416,Y,V,-1.201,0.06081,5,2,Y,5
416,Y,W,0.1497,0.03387,7,2,Y,5
416,Y,Y,0,0,,2,Y,5
417,V,-,0.0217,0.0576,3.5,2,V,5
417,V,A,-0.1667,0.3446,6.5,2,V,5
417,V,C,0.1228,,1,1,V,5
417,V,D,-4.95,0.05869,3.5,2,V,5
417,V,E,-4.914,0.116,3.5,2,V,5
417,V,F,-3.213,1.624,3.5,2,V,5
417,V,G,-4.795,0.2539,6,2,V,5
417,V,H,-4.881,,1.5,1,V,5
417,V,I,0.1098,0.007071,5.5,2,V,5
417,V,K,-4.896,0.01485,4.5,2,V,5
417,V,L,-0.7298,0.05127,10,2,V,5
417,V,M,-1.097,0.2747,8.5,2,V,5
417,V,N,-4.933,0.1117,5,2,V,5
417,V,P,-4.91,0.06647,5,2,V,5
417,V,Q,-4.979,0.04243,4,2,V,5
417,V,R,-2.49,3.5,3.5,2,V,5
417,V,S,-0.1188,0.3404,5.5,2,V,5
417,V,T,-0.1573,0.201,2,2,V,5
417,V,V,0,0,,2,V,5
417,V,W,0.02858,0.1337,6,2,V,5
417,V,Y,-4.86,0.1471,5,2,V,5
418,S,-,-0.2451,0.318,3.5,2,S,5
418,S,A,-0.07425,0.3043,3,2,S,5
418,S,C,-2.489,0.7658,4.5,2,S,5
418,S,D,0.1292,0.05732,4.5,2,S,5
418,S,E,0.1461,0.02786,3,2,S,5
418,S,F,0.05776,0.06427,9.5,2,S,5
418,S,G,-1.278,,5,1,S,5
418,S,H,-1.375,,0.5,1,S,5
418,S,I,-0.07843,0.08424,9,2,S,5
418,S,K,-2.378,0.4879,2,2,S,5
418,S,L,0.06226,0.1498,3.5,2,S,5
418,S,M,0.09793,0.02145,6,2,S,5
418,S,N,-2.575,0.2284,8,2,S,5
418,S,P,-4.861,0.05657,4,2,S,5
418,S,Q,0.1018,0.00577,1,2,S,5
418,S,R,-0.4396,0.8391,4.5,2,S,5
418,S,S,0,0,,2,S,5
418,S,T,-0.0565,0.2758,5,2,S,5
418,S,V,0.1488,,2,1,S,5
418,S,W,-0.8033,1.319,2,2,S,5
418,S,Y,-0.1572,0.1304,2.5,2,S,5
419,W,*,-4.956,0.02121,12,2,W,5
419,W,-,-0.5859,0.8006,4,2,W,5
419,W,A,-0.2402,0.4682,2.5,2,W,5
419,W,C,-0.3466,0.1565,12,2,W,5
419,W,D,-4.44,0.6619,2,2,W,5
419,W,E,-4.967,,3.5,1,W,5
419,W,F,-0.05175,0.2618,5,2,W,5
419,W,G,-1.05,0.1933,4,2,W,5
419,W,H,-1.322,1.98,2.5,2,W,5
419,W,I,-0.9891,0.6348,4,2,W,5
419,W,K,-2.271,0.618,5.5,2,W,5
419,W,L,-0.6046,1.013,8.5,2,W,5
419,W,M,-0.6718,0.3842,6.5,2,W,5
419,W,N,-1.532,1.206,4.5,2,W,5
419,W,P,-4.846,0.0495,8.5,2,W,5
419,W,Q,-1.173,0.05515,5.5,2,W,5
419,W,R,-3.554,1.78,11,2,W,5
419,W,S,-0.2169,0.5264,4,2,W,5
419,W,T,-0.1416,0.3912,6,2,W,5
419,W,V,-0.2306,0.2853,6,2,W,5
419,W,W,0,0,,2,W,5
419,W,Y,-0.0696,0.2903,4,2,W,5
420,S,-,-0.3456,0.01358,4,2,S,5
420,S,A,-0.7829,1.265,3.5,2,S,5
420,S,C,-0.5557,0.9833,4.5,2,S,5
420,S,D,0.1029,0.03823,3.5,2,S,5
420,S,E,-0.1638,0.4035,2.5,2,S,5
420,S,F,-0.3349,0.1146,7,2,S,5
420,S,G,0.04564,0.1333,8.5,2,S,5
420,S,H,-0.858,0.5416,6.5,2,S,5
420,S,I,0.07544,0.1247,5.5,2,S,5
420,S,K,0.09929,0.03764,1.5,2,S,5
420,S,L,-0.09984,0.2411,2,2,S,5
420,S,M,0.1355,0.05109,3.5,2,S,5
420,S,N,0.1316,0.004738,3,2,S,5
420,S,P,-4.992,0.02758,9,2,S,5
420,S,Q,-0.1854,0.447,4.5,2,S,5
420,S,R,0.01535,0.1634,2.5,2,S,5
420,S,S,0,0,,2,S,5
420,S,T,-0.2426,0.4493,4.5,2,S,5
420,S,V,0.1172,0.01937,2.5,2,S,5
420,S,W,-0.09082,0.2685,3,2,S,5
420,S,Y,-0.0565,0.2355,6,2,S,5
421,D,-,-1.295,0.5646,4,2,D,5
421,D,A,-0.1958,0.06449,6.5,2,D,5
421,D,C,-0.5668,0.4241,6.5,2,D,5
421,D,D,0,0,,2,D,5
421,D,E,-0.0687,0.1868,8,2,D,5
421,D,F,-0.187,0.1892,3,2,D,5
421,D,G,-0.6024,0.4289,7,2,D,5
421,D,H,-0.3086,0.1259,4.5,2,D,5
421,D,I,-0.3309,0.1929,3,2,D,5
421,D,K,-0.7372,1.124,5.5,2,D,5
421,D,L,-0.1589,0.02489,6.5,2,D,5
421,D,M,-0.2723,0.07722,3,2,D,5
421,D,N,-0.2406,0.3499,3.5,2,D,5
421,D,P,-0.0328,0.2075,4,2,D,5
421,D,Q,0.02172,0.05793,6,2,D,5
421,D,R,0.04877,,2.5,1,D,5
421,D,S,-0.6328,0.7696,4.5,2,D,5
421,D,T,-0.1709,0.1145,7.5,2,D,5
421,D,V,-0.2261,0.4675,8.5,2,D,5
421,D,W,-0.5823,0.05459,4.5,2,D,5
421,D,Y,-0.4509,0.4385,10,2,D,5
422,G,-,-0.4631,0.05325,5.5,2,G,5
422,G,A,-4.835,0.09546,5,2,G,5
422,G,C,-4.88,0.09263,13.5,2,G,5
422,G,D,-4.85,0.1329,11,2,G,5
422,G,E,-4.938,0.04455,2.5,2,G,5
422,G,F,-4.957,0.07142,7,2,G,5
422,G,G,0,0,,2,G,5
422,G,H,-4.893,0.02475,7.5,2,G,5
422,G,I,-4.709,0.2927,5.5,2,G,5
422,G,K,-4.939,0.05445,3.5,2,G,5
422,G,L,-4.913,0.0594,12.5,2,G,5
422,G,M,-4.96,0.003536,8,2,G,5
422,G,N,-4.935,0.02263,4.5,2,G,5
422,G,P,-4.925,0.04313,5.5,2,G,5
422,G,Q,-4.908,0.009899,3.5,2,G,5
422,G,R,-4.899,0.003536,3.5,2,G,5
422,G,S,-4.727,0.02263,9,2,G,5
422,G,T,-4.859,0.1754,5.5,2,G,5
422,G,V,-4.934,0.04455,7.5,2,G,5
422,G,W,-4.963,0.004243,3.5,2,G,5
422,G,Y,-4.987,0.03465,10,2,G,5
423,D,-,-0.09194,0.1042,4.5,2,D,5
423,D,A,0.04031,0.02147,4,2,D,5
423,D,C,-0.609,0.7241,2.5,2,D,5
423,D,D,0,0,,2,D,5
423,D,E,0.01145,0.1872,7,2,D,5
423,D,F,-0.0779,0.2386,7.5,2,D,5
423,D,G,-0.5099,0.09086,10,2,D,5
423,D,H,-0.01945,0.1269,3.5,2,D,5
423,D,I,-0.5659,0.6181,2.5,2,D,5
423,D,K,-0.4294,0.5646,5,2,D,5
423,D,L,-0.2289,0.008344,3,2,D,5
423,D,M,-0.5888,1.06,5.5,2,D,5
423,D,N,-0.04271,0.136,14,2,D,5
423,D,P,-0.6518,0.6819,7.5,2,D,5
423,D,Q,-0.2113,0.4921,2.5,2,D,5
423,D,R,-0.2551,0.2133,6,2,D,5
423,D,S,-0.9948,0.05685,4,2,D,5
423,D,T,-0.1488,0.351,3,2,D,5
423,D,V,-0.547,0.5651,4.5,2,D,5
423,D,W,-0.5744,0.9611,7.5,2,D,5
423,D,Y,0.01349,0.08455,16.5,2,D,5
424,V,-,0.05425,0.1013,4.5,2,G,5
424,V,A,0.03539,0.09292,8,2,G,5
424,V,C,-0.8632,0.8002,3,2,G,5
424,V,D,0.03211,0.128,4,2,G,5
424,V,E,-0.6594,1.131,2.5,2,G,5
424,V,F,-0.1361,0.3729,5.5,2,G,5
424,V,G,-0.2583,0.4911,6,2,G,5
424,V,H,-0.1672,0.02977,7,2,G,5
424,V,I,-0.252,0.3895,5.5,2,G,5
424,V,K,-0.234,0.2058,6.5,2,G,5
424,V,L,0.02336,0.0784,8,2,G,5
424,V,M,-0.6682,0.755,8,2,G,5
424,V,N,-4.431,0.02546,6,2,G,5
424,V,P,-1.144,0.7796,6.5,2,G,5
424,V,Q,0.06088,0.0829,6.5,2,G,5
424,V,R,-0.3498,0.515,3.5,2,G,5
424,V,S,-0.0334,0.2268,5.5,2,G,5
424,V,T,0.1432,0.004525,6,2,G,5
424,V,V,0,0,,2,G,5
424,V,W,0.1172,0.01464,2,2,G,5
424,V,Y,0.04412,0.1193,5,2,G,5
425,I,-,0.07239,0.05235,4.5,2,I,5
425,I,A,-1.446,2.189,2,2,I,5
425,I,C,-0.1832,0.05141,5,2,I,5
425,I,D,-4.892,0.01485,3,2,I,5
425,I,E,-4.929,0.04808,4,2,I,5
425,I,F,0.07157,0.03898,2.5,2,I,5
425,I,G,-4.934,0.06293,1.5,2,I,5
425,I,H,-0.4647,0.4699,7,2,I,5
425,I,I,0,0,,2,I,5
425,I,K,0.1396,0.01195,1.5,2,I,5
425,I,L,0.05391,0.1144,2,2,I,5
425,I,M,-0.2519,0.06696,7.5,2,I,5
425,I,N,-1.565,1.095,4,2,I,5
425,I,P,-4.933,0.03111,3,2,I,5
425,I,Q,-3.782,0.08556,5,2,I,5
425,I,R,-0.3969,0.2285,7,2,I,5
425,I,S,-0.9855,1.498,2.5,2,I,5
425,I,T,-0.4415,0.5182,5.5,2,I,5
425,I,V,-0.2926,0.1062,4.5,2,I,5
425,I,W,-4.944,0.0007071,4.5,2,I,5
425,I,Y,-0.1734,0.4817,2.5,2,I,5
426,T,-,-0.67,0.3896,3.5,2,T,5
426,T,A,-0.1397,0.4385,11,2,T,5
426,T,C,0.04695,0.1692,4.5,2,T,5
426,T,D,-4.971,0.002121,5,2,T,5
426,T,E,-2.237,,2,1,T,5
426,T,F,-1.951,0.5749,4.5,2,T,5
426,T,G,-0.765,0.6393,5,2,T,5
426,T,H,-1.123,1.678,4,2,T,5
426,T,I,-1.647,0.6781,9.5,2,T,5
426,T,K,-1.362,1.926,3.5,2,T,5
426,T,L,-2.383,0.9638,4.5,2,T,5
426,T,M,-0.2936,0.6309,6,2,T,5
426,T,N,-0.6391,0.06498,5,2,T,5
426,T,P,-4.723,0.2468,4.5,2,T,5
426,T,Q,-0.4193,0.5475,2.5,2,T,5
426,T,R,-0.2649,0.4234,5.5,2,T,5
426,T,S,-1.534,0.3917,3,2,T,5
426,T,T,0,0,,2,T,5
426,T,V,-0.6608,0.8078,1.5,2,T,5
426,T,W,-1.349,0.8397,5,2,T,5
426,T,Y,-4.518,0.2772,2.5,2,T,5
427,G,-,-2.864,2.761,4.5,2,G,5
427,G,A,-0.4579,0.5346,7,2,G,5
427,G,C,-3.543,,2,1,G,5
427,G,D,-4.942,0.02687,2.5,2,G,5
427,G,E,-4.693,0.379,9.5,2,G,5
427,G,F,-4.964,0.05586,6.5,2,G,5
427,G,G,0,0,,2,G,5
427,G,H,-4.905,0.02616,6,2,G,5
427,G,I,-4.774,0.1549,4,2,G,5
427,G,K,-4.917,0.06223,2.5,2,G,5
427,G,L,-4.806,0.2581,5.5,2,G,5
427,G,M,-4.918,0.01697,3,2,G,5
427,G,N,-4.787,0.1351,9,2,G,5
427,G,P,-4.822,0.2206,9.5,2,G,5
427,G,Q,-4.872,0.04384,4.5,2,G,5
427,G,R,-4.813,0.1273,12.5,2,G,5
427,G,S,-0.3562,0.6596,2.5,2,G,5
427,G,T,-3.424,0.4525,5,2,G,5
427,G,V,-4.976,0.005657,19,2,G,5
427,G,W,-4.966,0.002828,23.5,2,G,5
427,G,Y,-4.963,0.01131,8,2,G,5
428,V,-,0.04063,0.05284,4.5,2,V,5
428,V,A,-2.083,0.8422,4.5,2,V,5
428,V,C,-1.53,0.5926,3.5,2,V,5
428,V,D,-4.742,0.3224,4.5,2,V,5
428,V,E,-3.792,0.5247,3,2,V,5
428,V,F,-0.9473,0.134,5,2,V,5
428,V,G,-4.293,0.4094,8.5,2,V,5
428,V,H,-2.075,1.632,4.5,2,V,5
428,V,I,0.05149,0.0207,4.5,2,V,5
428,V,K,-4.75,0.2425,2.5,2,V,5
428,V,L,-1.719,0.5176,11,2,V,5
428,V,M,-0.7038,0.2921,10,2,V,5
428,V,N,-3.715,0.577,8.5,2,V,5
428,V,P,-4.902,0.01909,4.5,2,V,5
428,V,Q,-0.1791,0.1029,3.5,2,V,5
428,V,R,-1.428,0.7731,5,2,V,5
428,V,S,-4.605,0.5176,3,2,V,5
428,V,T,-0.8242,0.156,4,2,V,5
428,V,V,0,0,,2,V,5
428,V,W,-0.246,0.3168,6.5,2,V,5
428,V,Y,-1.323,0.1322,6.5,2,V,5
429,P,-,-0.05003,0.1322,5,2,P,5
429,P,A,-0.9683,0.8595,4.5,2,P,5
429,P,C,-4.151,0.367,5,2,P,5
429,P,D,-0.4793,0.08917,5,2,P,5
429,P,E,-0.6902,,2,1,P,5
429,P,F,-3.005,1.114,2,2,P,5
429,P,G,-0.8215,1.398,3.5,2,P,5
429,P,H,-0.1517,0.4069,3,2,P,5
429,P,I,-0.7349,0.2251,10,2,P,5
429,P,K,-1.306,0.1598,4,2,P,5
429,P,L,-0.6793,1.181,6.5,2,P,5
429,P,M,-1.845,0.8224,2,2,P,5
429,P,N,-0.8955,0.08549,5.5,2,P,5
429,P,P,0,0,,2,P,5
429,P,Q,-0.4509,0.4195,10,2,P,5
429,P,R,-1.251,0.4686,4,2,P,5
429,P,S,-0.1495,0.3917,7,2,P,5
429,P,T,-0.3855,0.4031,11,2,P,5
429,P,V,-1.299,,1.5,1,P,5
429,P,W,-0.587,0.5062,7,2,P,5
429,P,Y,-0.7831,0.08768,5.5,2,P,5
430,K,*,-0.6161,,0.5,1,Q,5
430,K,-,0.001335,0.08466,5,2,Q,5
430,K,A,0.0259,0.1368,3.5,2,Q,5
430,K,C,-0.2019,0.2314,3.5,2,Q,5
430,K,D,0.02935,0.2047,4.5,2,Q,5
430,K,E,0.1351,0.01888,4.5,2,Q,5
430,K,F,0.1321,0.03783,7.5,2,Q,5
430,K,G,-0.1454,0.03825,2.5,2,Q,5
430,K,H,0.0748,0.08145,5.5,2,Q,5
430,K,I,-0.3012,0.3368,4.5,2,Q,5
430,K,K,0,0,,2,Q,5
430,K,L,0.1332,0.05569,5.5,2,Q,5
430,K,M,-0.08985,0.3717,5,2,Q,5
430,K,N,0.02296,0.06114,14,2,Q,5
430,K,P,-3.73,0.1032,5,2,Q,5
430,K,Q,-0.5712,0.8426,5,2,Q,5
430,K,R,-0.05774,0.1244,6,2,Q,5
430,K,S,0.1184,0.01761,4,2,Q,5
430,K,T,0.1471,0.01485,5.5,2,Q,5
430,K,V,-0.4058,0.7702,5.5,2,Q,5
430,K,W,0.1461,0.009334,4.5,2,Q,5
430,K,Y,0.1454,0.01973,4.5,2,Q,5
431,P,-,0.08282,0.01322,5.5,2,P,5
431,P,A,0.1471,0.01336,1.5,2,P,5
431,P,C,-0.4909,0.6282,4.5,2,P,5
431,P,D,-1.068,1.622,5,2,P,5
431,P,E,-0.4499,0.745,3,2,P,5
431,P,F,-0.09735,0.2606,5,2,P,5
431,P,G,-0.3027,0.6094,4.5,2,P,5
431,P,H,0.06822,0.003161,6.5,2,P,5
431,P,I,-1.579,0.4483,5,2,P,5
431,P,K,-0.2093,0.4953,4.5,2,P,5
431,P,L,-0.4563,0.3502,7,2,P,5
431,P,M,-0.2992,0.6578,2.5,2,P,5
431,P,N,0.1413,0.03224,5.5,2,P,5
431,P,P,0,0,,2,P,5
431,P,Q,0.09825,0.1074,5.5,2,P,5
431,P,R,0.1276,0.02305,4,2,P,5
431,P,S,-0.1229,0.06722,5.5,2,P,5
431,P,T,-0.5479,0.71,10.5,2,P,5
431,P,V,-1.617,1.075,4.5,2,P,5
431,P,W,-0.708,0.4285,7,2,P,5
431,P,Y,-0.1559,0.1997,6.5,2,P,5
432,V,-,-0.4546,0.4273,6,2,V,5
432,V,A,-0.458,0.3483,4,2,V,5
432,V,C,-0.2118,0.2311,6,2,V,5
432,V,D,0.1521,0.0215,3.5,2,V,5
432,V,E,-0.08497,0.1167,6,2,V,5
432,V,F,-3.809,1.09,4,2,V,5
432,V,G,-0.03985,0.2709,3.5,2,V,5
432,V,H,0.1195,0.04054,7.5,2,V,5
432,V,I,-0.4278,0.7265,4.5,2,V,5
432,V,K,-0.175,0.4337,3,2,V,5
432,V,L,-0.2234,0.3091,8.5,2,V,5
432,V,M,0.06255,0.09284,12,2,V,5
432,V,N,0.02303,0.07259,4,2,V,5
432,V,P,-1,0.1089,3.5,2,V,5
432,V,Q,-0.6047,0.8885,7.5,2,V,5
432,V,R,-0.3781,0.4821,3,2,V,5
432,V,S,-0.2418,0.3411,2.5,2,V,5
432,V,T,-0.1781,0.3269,3.5,2,V,5
432,V,V,0,0,,2,V,5
432,V,W,-0.3524,0.03536,3,2,V,5
432,V,Y,-0.1972,0.4369,5,2,V,5
433,E,*,-4.865,0.193,7.5,2,E,5
433,E,-,-0.8579,0.7709,6,2,E,5
433,E,A,-0.1296,0.06132,3.5,2,E,5
433,E,C,-0.9889,1.088,4.5,2,E,5
433,E,D,-0.5645,0.1043,15.5,2,E,5
433,E,E,0,0,,2,E,5
433,E,F,-0.0042,0.1933,1.5,2,E,5
433,E,G,-0.5796,0.9962,4.5,2,E,5
433,E,H,-1.465,1.198,3.5,2,E,5
433,E,I,-0.2454,0.004667,10,2,E,5
433,E,K,-0.6457,0.341,11.5,2,E,5
433,E,L,-0.5269,0.3463,4.5,2,E,5
433,E,M,0.1422,0.00601,1.5,2,E,5
433,E,N,0.02251,0.1582,3.5,2,E,5
433,E,P,-1.147,0.1054,6.5,2,E,5
433,E,Q,-0.06098,0.06182,6,2,E,5
433,E,R,-0.4902,0.2714,4,2,E,5
433,E,S,0.01877,0.1021,3,2,E,5
433,E,T,-0.2168,0.226,8,2,E,5
433,E,V,-0.534,0.3708,5.5,2,E,5
433,E,W,-0.0716,0.2949,7,2,E,5
433,E,Y,-0.2868,0.638,1,2,E,5
434,G,-,-0.2257,0.005586,5,2,G,5
434,G,A,-3.578,0.4172,8.5,2,G,5
434,G,C,-3.99,1.053,14,2,G,5
434,G,D,-3.407,0.4808,10.5,2,G,5
434,G,E,-1.482,0.2751,5,2,G,5
434,G,F,-2.163,0.432,5.5,2,G,5
434,G,G,0,0,,2,G,5
434,G,H,-1.747,0.6378,7.5,2,G,5
434,G,I,-4.878,0.1895,7.5,2,G,5
434,G,K,-3.934,1.356,1.5,2,G,5
434,G,L,-4.082,0.1103,7.5,2,G,5
434,G,M,-2.703,0.1442,3.5,2,G,5
434,G,N,-2.562,0.4115,7,2,G,5
434,G,P,-1.493,0.2694,5.5,2,G,5
434,G,Q,-3.957,1.002,4.5,2,G,5
434,G,R,-4.578,0.1761,6.5,2,G,5
434,G,S,-1.865,0.03465,7.5,2,G,5
434,G,T,-0.567,1.039,5.5,2,G,5
434,G,V,-4.595,0.1973,8,2,G,5
434,G,W,-1.92,0.2786,6,2,G,5
434,G,Y,-1.842,0.3161,3.5,2,G,5
435,V,-,-2.11,0.6138,4,2,V,5
435,V,A,-1.042,1.189,2.5,2,V,5
435,V,C,-3.03,0.6371,4,2,V,5
435,V,D,-4.602,0.03394,6,2,V,5
435,V,E,-4.316,0.6654,4,2,V,5
435,V,F,-2.032,0.3868,8,2,V,5
435,V,G,-2.088,0.04667,7,2,V,5
435,V,H,-4.399,0.002121,7,2,V,5
435,V,I,-0.09935,0.3866,9.5,2,V,5
435,V,K,-3.707,0.3684,3,2,V,5
435,V,L,-1.177,0.8514,9,2,V,5
435,V,M,-1.109,0.05091,3.5,2,V,5
435,V,N,-4.874,0.02687,6.5,2,V,5
435,V,P,-3.573,1.698,4.5,2,V,5
435,V,Q,-4.271,0.8853,3.5,2,V,5
435,V,R,-3.857,1.46,4,2,V,5
435,V,S,-3.199,1.239,5.5,2,V,5
435,V,T,-1.364,0.8232,7,2,V,5
435,V,V,0,0,,2,V,5
435,V,W,-2.024,,2,1,V,5
435,V,Y,-2.192,0.2065,6,2,V,5