wildtype,mutant,effect,effect_std,times_seen,n_selections,site
L,-,-0.2455,1.355,1.5,4,292.0
L,A,-4.957,0.5829,6.75,4,292.0
L,C,-6.475,0.9221,5.5,4,292.0
L,D,-7.886,1.018,1.5,2,292.0
L,E,-5.639,1.678,7.75,4,292.0
L,F,-2.845,1.31,4.0,4,292.0
L,G,-5.885,1.486,4.0,4,292.0
L,H,-3.529,0.4668,5.5,4,292.0
L,I,-1.945,1.503,3.0,4,292.0
L,K,-6.095,1.347,3.5,4,292.0
L,L,0.0,0.0,,4,292.0
L,M,-0.2085,2.131,7.5,4,292.0
L,N,-4.406,0.3373,3.0,4,292.0
L,P,-5.047,0.4128,6.0,4,292.0
L,Q,-4.32,0.5483,3.0,4,292.0
L,R,-7.449,1.468,6.0,4,292.0
L,S,-4.378,0.2038,3.0,4,292.0
L,T,-4.333,0.3203,4.5,4,292.0
L,V,-3.401,0.184,4.25,4,292.0
L,W,-4.859,0.67,10.25,4,292.0
L,Y,-5.476,2.164,7.25,4,292.0
P,-,-2.258,0.9889,2.0,4,293.0
P,A,-3.101,3.267,5.0,4,293.0
P,C,-5.764,1.271,3.25,4,293.0
P,D,-5.288,1.592,1.5,2,293.0
P,E,-6.39,1.691,4.0,4,293.0
P,F,-3.543,1.306,4.0,4,293.0
P,G,-4.444,0.4317,4.75,4,293.0
P,H,-3.788,0.3067,10.25,4,293.0
P,I,-4.85,0.4344,6.75,4,293.0
P,K,-7.417,0.8737,2.5,4,293.0
P,L,-5.413,1.605,5.5,4,293.0
P,M,-4.78,1.649,4.0,4,293.0
P,N,-4.828,0.4958,8.75,4,293.0
P,P,0.0,0.0,,4,293.0
P,Q,-4.464,0.4916,5.5,4,293.0
P,R,-7.293,2.735,5.0,4,293.0
P,S,-4.367,0.6066,8.25,4,293.0
P,T,-4.47,2.376,5.0,4,293.0
P,V,-2.559,4.388,3.5,4,293.0
P,W,-3.694,1.184,4.0,4,293.0
P,Y,-3.2,0.5883,5.75,4,293.0
V,-,-2.032,0.7496,2.5,4,294.0
V,A,0.34,3.021,4.0,4,294.0
V,C,1.37,1.63,3.0,4,294.0
V,D,-3.425,0.2459,6.75,4,294.0
V,E,-2.187,0.5535,7.0,4,294.0
V,F,-3.173,0.9896,1.75,4,294.0
V,G,-3.615,0.9564,5.5,4,294.0
V,H,-0.1478,4.321,6.25,4,294.0
V,I,-2.58,0.957,4.0,4,294.0
V,K,-2.673,0.4985,2.25,4,294.0
V,L,-2.385,0.6898,8.75,4,294.0
V,M,0.1226,0.6759,11.25,4,294.0
V,N,-1.182,0.4272,1.0,2,294.0
V,P,-7.79,2.682,5.75,4,294.0
V,Q,1.594,3.111,4.0,4,294.0
V,R,-0.59,0.54,4.0,4,294.0
V,S,-0.9905,3.039,4.25,4,294.0
V,T,-0.9959,0.2692,7.5,4,294.0
V,V,0.0,0.0,,4,294.0
V,W,-3.246,1.717,6.75,4,294.0
V,Y,-3.223,0.6323,5.25,4,294.0
Y,*,-8.333,0.2998,1.25,2,295.0
Y,-,-1.507,1.096,2.5,4,295.0
Y,A,-3.633,1.877,6.75,4,295.0
Y,C,-3.365,0.5696,6.5,4,295.0
Y,D,-4.125,1.015,6.0,4,295.0
Y,E,-1.79,2.051,3.25,4,295.0
Y,F,-0.6564,2.948,3.25,4,295.0
Y,G,-3.465,0.634,5.0,4,295.0
Y,H,-1.489,0.9878,5.0,4,295.0
Y,I,0.5675,2.598,3.0,4,295.0
Y,K,-3.838,0.7855,2.75,4,295.0
Y,L,-0.4435,2.71,4.5,4,295.0
Y,M,-0.1299,1.757,4.25,4,295.0
Y,N,-2.316,0.8661,2.5,4,295.0
Y,P,-3.052,0.8564,6.0,4,295.0
Y,Q,-2.095,1.074,6.0,4,295.0
Y,R,-0.2905,3.035,3.5,4,295.0
Y,S,-3.656,0.9041,3.75,4,295.0
Y,T,-3.72,0.5261,5.75,4,295.0
Y,V,-1.964,0.4407,2.5,4,295.0
Y,W,-2.357,1.748,9.0,4,295.0
Y,Y,0.0,0.0,,4,295.0
H,-,-1.978,0.03111,2.0,2,296.0
H,A,-2.014,1.352,3.0,4,296.0
H,C,-2.433,0.5777,6.5,4,296.0
H,D,-2.747,0.2385,8.25,4,296.0
H,E,-3.217,0.3253,3.0,4,296.0
H,F,-1.602,2.471,6.25,4,296.0
H,G,-3.495,0.3881,4.0,4,296.0
H,H,0.0,0.0,,4,296.0
H,I,-4.152,2.639,2.25,4,296.0
H,K,-3.482,1.348,4.25,4,296.0
H,L,-0.5069,2.042,6.75,4,296.0
H,M,-1.3,1.04,3.75,4,296.0
H,N,1.718,1.986,12.5,4,296.0
H,P,-3.608,0.6808,6.0,4,296.0
H,Q,-2.768,0.6106,2.75,4,296.0
H,R,0.1065,2.618,7.25,4,296.0
H,S,3.651,1.318,5.75,4,296.0
H,T,-1.73,1.348,4.0,4,296.0
H,V,-1.351,1.147,9.75,4,296.0
H,W,-3.447,0.5963,6.75,4,296.0
H,Y,-0.9977,1.553,6.0,4,296.0
K,*,-0.0478,0.4104,0.5,2,297.0
K,-,-1.201,1.324,2.0,4,297.0
K,A,-0.3336,1.467,6.5,4,297.0
K,C,-2.794,0.5694,2.5,4,297.0
K,D,-0.03675,1.059,5.75,4,297.0
K,E,0.8234,0.9431,9.0,4,297.0
K,F,-0.7158,1.624,4.0,4,297.0
K,G,-0.395,1.175,3.25,4,297.0
K,H,0.9592,1.47,5.25,4,297.0
K,I,-0.7501,2.945,3.5,4,297.0
K,K,0.0,0.0,,4,297.0
K,L,1.566,1.609,3.0,4,297.0
K,M,-0.6709,2.121,5.25,4,297.0
K,N,-2.79,1.021,12.0,4,297.0
K,P,-3.621,0.5919,6.0,4,297.0
K,Q,3.556,3.047,4.0,4,297.0
K,R,-0.9404,2.658,5.75,4,297.0
K,S,-2.038,2.026,3.25,4,297.0
K,T,-1.306,1.272,3.0,4,297.0
K,V,0.2727,1.426,5.0,4,297.0
K,W,0.9078,1.629,6.5,4,297.0
K,Y,0.656,4.515,3.25,4,297.0
H,-,-2.066,0.591,2.0,4,298.0
H,A,-2.948,1.994,2.5,4,298.0
H,C,-3.34,0.8698,5.25,4,298.0
H,D,-8.024,1.389,5.25,4,298.0
H,E,-7.92,1.561,5.5,4,298.0
H,F,-3.139,0.6492,4.75,4,298.0
H,G,-7.715,2.664,1.75,3,298.0
H,H,0.0,0.0,,4,298.0
H,I,-3.753,2.922,4.0,4,298.0
H,K,-6.661,2.546,2.0,4,298.0
H,L,-3.462,2.941,2.25,4,298.0
H,M,0.1046,0.8069,5.5,4,298.0
H,N,-3.099,0.6851,10.5,4,298.0
H,P,-4.221,0.7939,4.25,4,298.0
H,Q,-3.2,0.3308,3.25,4,298.0
H,R,-5.128,0.527,6.5,4,298.0
H,S,-3.577,0.4252,3.5,4,298.0
H,T,-7.304,1.53,3.0,4,298.0
H,V,-2.789,1.799,3.5,4,298.0
H,W,-2.814,0.9849,3.0,4,298.0
H,Y,-4.088,1.103,7.5,4,298.0
T,-,-1.592,1.021,1.5,4,299.0
T,A,-1.609,1.207,3.5,4,299.0
T,C,-1.759,0.6244,5.5,4,299.0
T,D,-1.803,0.8694,2.0,4,299.0
T,E,1.543,2.205,2.0,4,299.0
T,F,-3.181,0.7357,5.0,4,299.0
T,G,-2.22,0.5865,5.5,4,299.0
T,H,-3.095,0.5232,5.5,4,299.0
T,I,-2.147,2.179,5.25,4,299.0
T,K,1.474,1.794,4.5,4,299.0
T,L,-1.624,0.6923,5.75,4,299.0
T,M,-2.106,0.7416,2.5,4,299.0
T,N,-2.147,0.7402,6.0,4,299.0
T,P,-8.022,4.125,5.0,4,299.0
T,Q,-0.3175,1.736,4.0,4,299.0
T,R,-1.769,1.211,5.0,4,299.0
T,S,-0.7351,1.573,4.0,4,299.0
T,T,0.0,0.0,,4,299.0
T,V,0.044,3.261,3.0,4,299.0
T,W,-4.585,2.168,4.0,4,299.0
T,Y,-3.543,1.386,3.5,4,299.0
F,-,-1.169,1.492,1.5,4,300.0
F,A,2.377,2.427,11.0,4,300.0
F,C,-0.2579,3.476,6.25,4,300.0
F,D,0.09505,2.442,6.0,4,300.0
F,E,-0.5839,2.911,4.0,4,300.0
F,F,0.0,0.0,,4,300.0
F,G,0.6703,2.037,3.0,4,300.0
F,H,2.333,1.623,4.5,4,300.0
F,I,-0.1709,1.572,2.75,4,300.0
F,K,-2.513,1.762,5.5,4,300.0
F,L,0.6519,2.046,10.75,4,300.0
F,M,0.2931,1.658,3.75,4,300.0
F,N,0.6945,1.494,3.0,4,300.0
F,P,-1.829,2.363,6.0,4,300.0
F,Q,2.85,4.98,6.25,4,300.0
F,R,-0.8975,0.7255,6.5,4,300.0
F,S,0.6449,0.5643,2.5,4,300.0
F,T,0.0567,0.9817,4.5,4,300.0
F,V,4.395,3.621,3.25,4,300.0
F,W,1.792,1.725,4.25,4,300.0
F,Y,-1.393,2.632,2.5,4,300.0
I,-,-0.6258,1.576,1.0,2,301.0
I,A,-8.056,3.109,1.75,4,301.0
I,C,-6.615,0.2287,4.5,4,301.0
I,D,-7.688,5.095,4.25,4,301.0
I,E,-8.093,0.8702,3.0,4,301.0
I,F,-4.713,1.361,6.5,4,301.0
I,G,-8.73,2.058,6.0,4,301.0
I,H,-6.914,0.5679,3.75,4,301.0
I,I,0.0,0.0,,4,301.0
I,K,-10.24,0.4713,6.75,4,301.0
I,L,0.657,3.603,1.0,4,301.0
I,M,0.467,2.362,3.5,4,301.0
I,N,-7.327,0.6464,5.75,4,301.0
I,P,-7.174,0.401,6.25,4,301.0
I,Q,-7.125,0.6969,2.5,4,301.0
I,R,-8.161,0.9336,4.5,4,301.0
I,S,-7.804,0.3902,9.25,4,301.0
I,T,-6.245,1.824,7.25,4,301.0
I,V,0.1945,2.487,7.75,4,301.0
I,W,-8.142,1.509,5.0,4,301.0
I,Y,-5.369,2.5,6.0,4,301.0
V,-,1.574,1.306,1.0,2,302.0
V,A,-1.786,2.625,6.25,4,302.0
V,C,-1.703,2.026,3.5,4,302.0
V,D,-0.9023,2.536,4.75,4,302.0
V,E,3.29,2.294,3.5,4,302.0
V,F,-1.583,1.298,6.5,4,302.0
V,G,1.998,2.476,3.5,4,302.0
V,H,-0.9617,1.804,3.5,4,302.0
V,I,-1.12,3.79,6.25,4,302.0
V,K,1.461,3.147,5.0,4,302.0
V,L,-1.566,1.502,4.0,4,302.0
V,M,0.2427,1.126,9.5,4,302.0
V,N,-0.4732,2.113,3.25,4,302.0
V,P,-2.847,0.238,1.75,4,302.0
V,Q,-1.397,1.532,7.0,4,302.0
V,R,-1.669,1.064,4.0,4,302.0
V,S,-0.6547,3.616,2.5,4,302.0
V,T,-0.1515,0.7006,12.5,4,302.0
V,V,0.0,0.0,,4,302.0
V,W,0.2285,2.023,6.75,4,302.0
V,Y,-0.7622,2.399,4.75,4,302.0
L,-,-3.433,0.7333,1.5,2,303.0
L,A,-3.868,0.4801,3.0,4,303.0
L,C,-4.032,1.815,3.0,4,303.0
L,D,-8.293,0.804,7.5,4,303.0
L,E,-8.13,0.7306,3.0,4,303.0
L,F,-7.117,3.446,7.5,4,303.0
L,G,-9.444,2.334,8.0,4,303.0
L,H,-7.628,3.28,4.0,4,303.0
L,I,-0.3018,1.296,4.0,4,303.0
L,K,-9.191,1.221,6.5,4,303.0
L,L,0.0,0.0,,4,303.0
L,M,-0.3245,3.736,0.75,2,303.0
L,N,-9.876,0.07,3.5,2,303.0
L,P,-4.844,5.904,3.0,4,303.0
L,Q,-8.278,0.9954,6.5,4,303.0
L,R,-7.098,1.499,1.5,4,303.0
L,S,-7.546,3.041,4.5,4,303.0
L,T,-3.026,1.187,0.5,2,303.0
L,V,3.228,2.916,2.0,4,303.0
L,W,-9.184,1.223,4.0,4,303.0
L,Y,-7.622,2.217,3.75,4,303.0
Y,*,-5.782,2.86,4.25,4,304.0
Y,-,-0.3292,2.134,1.5,4,304.0
Y,A,-1.815,1.286,2.25,4,304.0
Y,C,-1.228,0.9378,8.0,4,304.0
Y,D,-1.599,1.087,4.5,4,304.0
Y,E,0.5284,1.801,2.5,4,304.0
Y,F,2.116,2.844,4.0,4,304.0
Y,G,-0.7316,3.469,3.25,4,304.0
Y,H,0.1448,0.7529,4.75,4,304.0
Y,I,-1.277,1.761,6.0,4,304.0
Y,K,-1.988,2.495,7.0,4,304.0
Y,L,-0.2555,2.455,7.0,4,304.0
Y,M,-0.1586,1.958,4.75,4,304.0
Y,N,-0.7608,2.16,8.25,4,304.0
Y,P,-6.648,1.532,4.75,4,304.0
Y,Q,1.697,2.371,3.25,4,304.0
Y,R,-0.475,3.824,5.0,4,304.0
Y,S,3.935,2.505,1.0,2,304.0
Y,T,-2.079,4.47,3.5,4,304.0
Y,V,-0.8644,0.7626,3.75,4,304.0
Y,W,0.7041,2.642,4.75,4,304.0
Y,Y,0.0,0.0,,4,304.0
V,-,-0.0534,0.4473,1.5,4,305.0
V,A,0.02515,0.6287,5.75,4,305.0
V,C,-3.547,0.8039,7.25,4,305.0
V,D,-7.932,0.9354,5.5,4,305.0
V,E,-12.36,6.558,3.5,4,305.0
V,F,-8.767,1.179,8.0,4,305.0
V,G,-3.08,2.454,1.5,4,305.0
V,H,-7.322,0.9256,4.0,4,305.0
V,I,-2.194,0.7018,4.5,4,305.0
V,K,-9.028,0.4511,5.0,4,305.0
V,L,-3.003,0.7896,5.5,4,305.0
V,M,-6.467,1.79,8.5,4,305.0
V,N,-7.564,0.6999,11.0,4,305.0
V,P,-8.041,2.165,4.0,4,305.0
V,Q,-6.804,1.954,2.5,4,305.0
V,R,-7.711,0.9979,5.5,4,305.0
V,S,-2.03,0.3187,8.0,4,305.0
V,T,-2.008,0.6557,5.0,4,305.0
V,V,0.0,0.0,,4,305.0
V,W,-7.989,2.763,6.0,4,305.0
V,Y,-7.073,3.598,7.25,4,305.0
D,-,0.2885,0.5396,1.5,4,306.0
D,A,-1.875,0.9002,4.0,4,306.0
D,C,-4.502,0.4609,4.5,4,306.0
D,D,0.0,0.0,,4,306.0
D,E,-1.2,0.3823,4.0,4,306.0
D,F,-0.6934,1.665,2.5,4,306.0
D,G,-2.907,1.603,8.75,4,306.0
D,H,-1.107,1.611,2.0,4,306.0
D,I,-2.378,3.095,2.5,4,306.0
D,K,-2.129,1.24,7.5,4,306.0
D,L,-2.798,0.4794,2.0,2,306.0
D,M,-1.72,1.005,6.25,4,306.0
D,N,-0.07055,1.783,6.0,4,306.0
D,P,-8.507,5.417,4.0,4,306.0
D,Q,-0.6388,1.564,8.0,4,306.0
D,R,-2.664,0.2544,8.25,4,306.0
D,S,-0.1425,1.648,2.5,2,306.0
D,T,0.773,3.59,2.25,4,306.0
D,V,-1.593,0.6627,4.25,4,306.0
D,W,-1.982,1.935,2.0,4,306.0
D,Y,-2.737,1.006,11.5,4,306.0
F,-,-0.6853,0.2108,1.5,4,307.0
F,A,-2.891,0.213,5.25,4,307.0
F,C,-8.459,0.4582,3.0,2,307.0
F,D,-8.526,0.9179,7.5,4,307.0
F,E,-7.616,1.097,4.5,4,307.0
F,F,0.0,0.0,,4,307.0
F,G,-7.771,2.859,5.5,4,307.0
F,H,-4.497,1.256,4.75,4,307.0
F,I,-1.362,0.864,4.0,4,307.0
F,K,-8.187,0.8419,6.5,4,307.0
F,L,-1.839,0.2408,13.0,4,307.0
F,M,2.085,1.69,5.0,4,307.0
F,N,-8.188,0.4206,6.75,4,307.0
F,P,-4.581,3.212,2.5,4,307.0
F,Q,-7.939,1.815,3.75,4,307.0
F,R,-8.082,2.021,2.0,4,307.0
F,S,-6.578,1.657,3.75,4,307.0
F,T,-3.373,0.3873,3.5,4,307.0
F,V,-1.538,3.014,3.0,4,307.0
F,W,-1.41,0.7875,5.0,4,307.0
F,Y,-0.1006,1.357,2.0,4,307.0
K,-,0.6001,1.701,1.5,4,308.0
K,A,3.204,7.421,5.0,4,308.0
K,C,-2.885,0.7346,3.5,4,308.0
K,D,-0.27,2.087,2.5,4,308.0
K,E,0.334,1.509,6.5,4,308.0
K,F,-0.1753,1.638,2.0,4,308.0
K,G,-0.2799,1.307,6.75,4,308.0
K,H,-1.835,2.319,7.5,4,308.0
K,I,0.5921,2.039,5.5,4,308.0
K,K,0.0,0.0,,4,308.0
K,L,2.954,2.532,5.25,4,308.0
K,M,0.2517,0.7666,4.75,4,308.0
K,N,-1.323,1.707,11.75,4,308.0
K,P,-1.25,2.408,3.25,4,308.0
K,Q,2.146,2.782,5.0,4,308.0
K,R,-0.565,2.052,8.0,4,308.0
K,S,-2.152,1.515,7.25,4,308.0
K,T,-1.205,2.487,6.25,4,308.0
K,V,2.321,2.885,6.5,4,308.0
K,W,0.6865,1.785,3.25,4,308.0
K,Y,-0.4548,1.37,5.75,4,308.0
L,-,0.0337,2.895,2.5,4,309.0
L,A,-1.373,1.512,4.5,4,309.0
L,C,-3.243,1.317,9.25,4,309.0
L,D,-2.361,2.323,6.25,4,309.0
L,E,-0.3195,2.249,10.5,4,309.0
L,F,-0.4023,0.2124,4.75,4,309.0
L,G,0.6055,2.693,1.5,4,309.0
L,H,3.745,0.3292,1.5,4,309.0
L,I,0.6394,1.597,2.75,4,309.0
L,K,-1.029,2.574,3.5,4,309.0
L,L,0.0,0.0,,4,309.0
L,M,0.4454,0.893,6.5,4,309.0
L,N,-3.824,1.747,2.0,4,309.0
L,P,3.622,3.79,2.0,4,309.0
L,Q,-0.6739,1.753,4.0,4,309.0
L,R,-1.876,1.098,3.5,4,309.0
L,S,-0.7206,1.167,2.5,4,309.0
L,T,2.106,1.49,4.0,4,309.0
L,V,-0.8367,1.588,2.75,4,309.0
L,W,-2.685,0.7323,6.5,4,309.0
L,Y,-2.655,0.2993,2.0,4,309.0
Q,*,-7.713,2.083,3.0,4,310.0
Q,-,0.1695,0.7486,1.5,4,310.0
Q,A,3.782,1.421,5.25,4,310.0
Q,C,-4.197,0.4299,4.25,4,310.0
Q,D,0.8941,2.305,3.0,4,310.0
Q,E,3.333,1.726,2.0,4,310.0
Q,F,-1.805,0.881,5.0,4,310.0
Q,G,1.165,1.597,4.0,4,310.0
Q,H,-0.1902,0.7669,14.5,4,310.0
Q,I,-1.482,1.229,3.5,4,310.0
Q,K,-2.956,0.7534,5.5,4,310.0
Q,L,-1.413,1.278,5.5,4,310.0
Q,M,-0.972,0.6969,4.75,4,310.0
Q,N,1.9,0.2489,2.0,2,310.0
Q,P,-0.8253,2.696,3.5,4,310.0
Q,Q,0.0,0.0,,4,310.0
Q,R,-0.8277,2.182,3.5,4,310.0
Q,S,1.093,2.335,5.25,4,310.0
Q,T,-1.611,2.386,2.0,2,310.0
Q,V,-0.8659,1.024,6.0,4,310.0
Q,W,-2.407,0.06435,2.0,2,310.0
Q,Y,1.206,1.594,2.5,4,310.0
S,-,0.4685,1.196,1.5,4,311.0
S,A,-0.9891,0.9242,6.0,4,311.0
S,C,-7.83,3.084,5.25,4,311.0
S,D,-0.7606,0.9773,5.0,4,311.0
S,E,2.243,2.338,4.5,4,311.0
S,F,0.7925,2.886,4.5,4,311.0
S,G,-0.6694,1.679,6.5,4,311.0
S,H,-0.3166,2.419,4.25,4,311.0
S,I,0.9365,2.332,5.5,4,311.0
S,K,-2.059,0.8122,5.5,4,311.0
S,L,-0.4034,2.973,5.5,4,311.0
S,M,2.76,1.066,2.0,4,311.0
S,N,0.279,2.21,9.0,4,311.0
S,P,-2.347,1.609,8.25,4,311.0
S,Q,1.914,1.252,5.5,4,311.0
S,R,-2.002,0.6686,12.5,4,311.0
S,S,0.0,0.0,,4,311.0
S,T,0.614,0.9438,3.5,4,311.0
S,V,-1.053,1.203,4.5,4,311.0
S,W,0.7759,3.613,7.25,4,311.0
S,Y,0.2472,0.9338,5.75,4,311.0
G,-,0.2361,0.788,2.0,4,312.0
G,A,0.539,4.897,4.5,4,312.0
G,C,-5.774,1.387,15.25,4,312.0
G,D,-1.1,0.4664,7.5,4,312.0
G,E,-0.3092,1.613,4.75,4,312.0
G,F,-0.6222,1.556,4.25,4,312.0
G,G,0.0,0.0,,4,312.0
G,H,-1.323,1.232,4.0,4,312.0
G,I,-2.015,2.087,3.0,4,312.0
G,K,-0.0975,3.157,4.0,4,312.0
G,L,-1.376,2.107,4.5,4,312.0
G,M,-0.7254,1.25,6.25,4,312.0
G,N,0.1267,0.4934,3.0,4,312.0
G,P,-1.468,1.997,2.5,4,312.0
G,Q,-1.181,1.744,6.0,4,312.0
G,R,-2.271,0.9504,1.0,2,312.0
G,S,-0.1019,1.332,6.75,4,312.0
G,T,-1.326,1.009,5.5,4,312.0
G,V,-1.454,2.301,12.25,4,312.0
G,W,-1.406,0.6094,5.5,4,312.0
G,Y,-1.812,0.6843,5.25,4,312.0
V,-,0.6395,1.781,3.0,4,313.0
V,A,-0.8609,3.504,3.5,4,313.0
V,C,-5.672,2.147,3.0,4,313.0
V,D,-3.139,0.3654,4.5,4,313.0
V,E,-1.435,1.577,3.75,4,313.0
V,F,0.4113,1.278,2.5,2,313.0
V,G,-2.292,1.82,3.25,4,313.0
V,H,1.588,1.279,2.5,4,313.0
V,I,3.162,2.124,2.0,4,313.0
V,K,-2.492,1.659,4.5,4,313.0
V,L,-1.97,0.9988,8.5,4,313.0
V,M,-1.057,0.5158,9.0,4,313.0
V,N,1.132,3.534,4.0,4,313.0
V,P,1.147,1.222,6.0,4,313.0
V,Q,-1.12,2.049,2.5,4,313.0
V,R,-1.351,1.513,8.0,4,313.0
V,S,-1.308,1.01,9.5,4,313.0
V,T,-0.157,0.7522,5.5,4,313.0
V,V,0.0,0.0,,4,313.0
V,W,-0.9577,1.803,3.5,4,313.0
V,Y,0.3029,1.022,5.0,4,313.0
G,-,-0.6522,0.7264,3.0,4,314.0
G,A,-0.7562,1.858,5.5,4,314.0
G,C,-6.592,0.6537,11.0,4,314.0
G,D,-2.892,1.277,8.5,4,314.0
G,E,-2.367,3.793,3.0,4,314.0
G,F,-2.78,0.4788,6.5,4,314.0
G,G,0.0,0.0,,4,314.0
G,H,-2.104,1.129,4.5,4,314.0
G,I,-3.819,0.1911,4.5,4,314.0
G,K,-1.52,0.6039,4.5,4,314.0
G,L,-3.2,0.3419,5.5,4,314.0
G,M,-1.951,2.235,3.5,4,314.0
G,N,3.458,1.137,3.25,4,314.0
G,P,-1.768,0.8772,5.0,4,314.0
G,Q,-1.777,1.179,5.0,4,314.0
G,R,0.0499,2.499,3.75,4,314.0
G,S,1.909,2.586,4.75,4,314.0
G,T,-2.445,0.6655,5.5,4,314.0
G,V,-0.2345,1.988,8.25,4,314.0
G,W,-3.256,0.8043,4.0,4,314.0
G,Y,-1.888,1.158,8.5,4,314.0
R,*,-6.745,0.3479,0.5,2,315.0
R,-,-1.909,1.833,3.0,4,315.0
R,A,-0.413,2.469,3.5,4,315.0
R,C,-4.114,0.2778,5.0,4,315.0
R,D,-5.684,1.001,2.0,4,315.0
R,E,-6.813,1.125,4.75,4,315.0
R,F,-2.779,0.8063,4.0,4,315.0
R,G,-1.252,1.023,5.5,4,315.0
R,H,-0.762,1.226,4.0,4,315.0
R,I,-2.681,0.6671,9.75,4,315.0
R,K,-1.613,1.733,5.75,4,315.0
R,L,-0.0426,1.803,6.0,4,315.0
R,M,-2.361,0.5449,2.25,4,315.0
R,N,-4.279,3.191,3.0,4,315.0
R,P,-5.29,3.156,3.0,4,315.0
R,Q,-0.7803,2.228,2.75,4,315.0
R,R,0.0,0.0,,4,315.0
R,S,1.225,2.898,5.5,4,315.0
R,T,-1.062,1.482,6.25,4,315.0
R,V,-1.487,0.9916,1.5,2,315.0
R,W,-5.957,0.4624,3.0,4,315.0
R,Y,-3.571,0.4949,3.5,4,315.0
C,*,-7.168,0.2687,1.0,2,316.0
C,-,-0.4731,1.299,2.5,4,316.0
C,A,-8.315,2.117,4.25,4,316.0
C,C,0.0,0.0,,4,316.0
C,D,-7.316,1.814,3.0,4,316.0
C,E,-5.834,0.4716,4.75,4,316.0
C,F,-7.382,0.879,5.25,4,316.0
C,G,-9.118,1.368,4.5,4,316.0
C,H,-6.498,1.281,3.25,4,316.0
C,I,-6.597,1.259,4.0,4,316.0
C,K,-9.149,3.47,4.5,4,316.0
C,L,-7.707,1.322,3.5,4,316.0
C,M,-7.336,0.3145,9.5,4,316.0
C,N,-7.168,1.254,3.75,4,316.0
C,P,-7.363,0.9899,2.5,4,316.0
C,Q,-7.841,0.7644,3.75,4,316.0
C,R,-2.295,6.696,2.0,4,316.0
C,S,-7.447,1.374,6.75,4,316.0
C,T,-6.872,1.85,3.5,4,316.0
C,V,-7.09,0.4711,5.5,4,316.0
C,W,-7.835,4.009,5.5,4,316.0
C,Y,-8.786,1.226,6.75,4,316.0
F,-,-1.407,0.6892,3.5,4,317.0
F,A,-0.8065,3.019,3.75,4,317.0
F,C,-4.967,1.846,4.0,4,317.0
F,D,-6.965,0.7297,1.25,2,317.0
F,E,-5.72,1.794,2.0,4,317.0
F,F,0.0,0.0,,4,317.0
F,G,-1.213,3.016,3.5,2,317.0
F,H,1.968,1.871,4.5,4,317.0
F,I,3.04,2.048,2.75,4,317.0
F,K,-2.019,0.7335,7.25,4,317.0
F,L,-0.9696,0.4209,15.0,4,317.0
F,M,2.089,2.845,3.5,4,317.0
F,N,-4.652,0.2912,6.5,4,317.0
F,P,-8.488,0.7493,5.0,4,317.0
F,Q,-0.732,0.6511,5.5,4,317.0
F,R,-2.803,3.318,3.0,4,317.0
F,S,-2.204,2.238,9.5,4,317.0
F,T,-1.885,2.244,2.5,4,317.0
F,V,-1.907,0.5036,3.5,4,317.0
F,W,-0.7089,1.08,3.0,4,317.0
F,Y,0.2988,1.155,9.5,4,317.0
N,-,-0.9162,1.217,3.5,4,318.0
N,A,-6.417,1.834,2.0,4,318.0
N,C,-10.68,1.995,1.75,2,318.0
N,D,-8.302,1.729,7.25,4,318.0
N,E,-8.242,2.195,1.75,4,318.0
N,F,-8.27,0.8176,4.5,4,318.0
N,G,-6.969,0.9179,5.5,4,318.0
N,H,-9.613,1.576,6.0,4,318.0
N,I,-7.006,0.7435,2.5,4,318.0
N,K,-8.613,2.443,8.5,4,318.0
N,L,-9.585,2.009,8.75,4,318.0
N,M,-8.18,0.9265,3.5,4,318.0
N,N,0.0,0.0,,4,318.0
N,P,-7.598,4.422,4.25,4,318.0
N,Q,-8.149,1.197,5.5,4,318.0
N,R,-7.773,0.97,3.75,4,318.0
N,S,-2.32,1.272,5.5,4,318.0
N,T,-7.372,1.277,6.75,4,318.0
N,V,-7.054,1.991,3.5,4,318.0
N,W,-7.18,0.9363,7.0,4,318.0
N,Y,-6.698,0.7421,5.0,4,318.0
C,-,-1.391,1.1,3.5,4,319.0
C,A,-7.516,1.035,4.5,4,319.0
C,C,0.0,0.0,,4,319.0
C,D,-7.75,0.4032,4.0,4,319.0
C,E,-7.47,3.208,2.0,4,319.0
C,F,-8.767,3.187,8.5,4,319.0
C,G,-5.599,1.413,4.25,4,319.0
C,H,-8.286,0.9269,7.0,4,319.0
C,I,-7.342,1.049,2.5,4,319.0
C,K,-9.04,2.853,4.25,4,319.0
C,L,-7.748,0.3965,6.75,4,319.0
C,M,-6.874,2.193,3.5,4,319.0
C,N,-7.902,3.033,2.5,4,319.0
C,P,-9.538,0.5277,4.5,4,319.0
C,Q,-6.999,1.152,5.25,4,319.0
C,R,-8.183,0.5917,6.0,4,319.0
C,S,-9.902,2.311,5.5,4,319.0
C,T,-7.765,1.686,6.0,4,319.0
C,V,-8.672,1.843,2.5,4,319.0
C,W,-8.172,2.58,4.0,4,319.0
C,Y,-8.753,0.4854,7.75,4,319.0
R,-,-1.109,0.3458,3.5,4,320.0
R,A,-0.2763,0.8039,2.75,4,320.0
R,C,-3.793,1.74,3.5,4,320.0
R,D,-1.621,1.128,3.0,4,320.0
R,E,1.129,1.188,5.0,4,320.0
R,F,-0.04881,0.4854,4.0,4,320.0
R,G,-1.027,1.517,7.5,4,320.0
R,H,0.293,3.561,4.0,4,320.0
R,I,-0.4325,0.7349,10.0,4,320.0
R,K,0.1944,1.776,6.25,4,320.0
R,L,-1.57,1.94,4.0,4,320.0
R,M,-0.4842,0.6645,3.5,4,320.0
R,N,0.7873,2.75,5.25,4,320.0
R,P,0.2249,2.071,2.0,4,320.0
R,Q,-0.755,1.402,8.0,4,320.0
R,R,0.0,0.0,,4,320.0
R,S,-8.992,1.562,2.75,4,320.0
R,T,-8.585,1.568,2.0,2,320.0
R,V,-0.0055,2.592,4.0,4,320.0
R,W,-2.096,0.5136,6.0,4,320.0
R,Y,-1.195,2.103,4.0,4,320.0
P,-,-0.2876,0.7852,3.5,4,321.0
P,A,-4.098,1.793,5.5,4,321.0
P,C,-8.235,1.262,4.5,4,321.0
P,D,-10.7,1.0,11.5,4,321.0
P,E,-5.81,2.178,2.0,4,321.0
P,F,-6.704,1.259,5.5,4,321.0
P,G,-8.001,1.229,6.0,4,321.0
P,H,-10.39,5.757,9.0,4,321.0
P,I,-6.309,0.9923,1.75,3,321.0
P,K,-7.331,1.418,2.0,2,321.0
P,L,-8.727,1.718,5.25,4,321.0
P,M,-4.739,0.5485,3.5,4,321.0
P,N,-7.013,1.074,3.5,4,321.0
P,P,0.0,0.0,,4,321.0
P,Q,-7.597,2.077,4.0,4,321.0
P,R,-6.813,0.9118,5.25,4,321.0
P,S,-6.343,1.213,5.25,4,321.0
P,T,-6.7,0.7509,4.75,4,321.0
P,V,-4.795,2.579,5.5,4,321.0
P,W,-8.411,1.57,2.75,4,321.0
P,Y,-9.349,1.474,2.5,4,321.0
A,-,-2.042,1.032,4.0,4,322.0
A,A,0.0,0.0,,4,322.0
A,C,-2.173,0.6588,5.5,4,322.0
A,D,-1.849,1.676,5.0,4,322.0
A,E,0.6755,3.966,5.5,4,322.0
A,F,-3.043,1.625,1.5,4,322.0
A,G,1.139,1.159,5.0,4,322.0
A,H,0.9684,2.345,4.25,4,322.0
A,I,-0.4425,0.9656,5.0,4,322.0
A,K,0.967,1.63,1.5,4,322.0
A,L,0.4128,0.5174,3.25,4,322.0
A,M,-1.716,1.448,4.25,4,322.0
A,N,0.414,2.577,4.5,4,322.0
A,P,-1.957,1.106,5.0,4,322.0
A,Q,-0.5095,4.36,4.0,4,322.0
A,R,-0.4946,1.15,8.5,4,322.0
A,S,-1.735,1.341,9.75,4,322.0
A,T,-1.469,0.6695,9.25,4,322.0
A,V,-1.39,1.176,9.0,4,322.0
A,W,-1.283,2.013,2.0,4,322.0
A,Y,1.498,2.507,3.0,4,322.0
V,-,-0.8939,1.578,3.0,4,323.0
V,A,0.961,3.867,5.0,4,323.0
V,C,-2.516,0.9424,4.0,4,323.0
V,D,2.377,1.436,1.5,4,323.0
V,E,-0.44,4.16,6.0,4,323.0
V,F,0.434,0.8869,5.0,4,323.0
V,G,1.183,2.097,1.5,2,323.0
V,H,1.646,2.43,3.5,4,323.0
V,I,0.0261,1.357,6.75,4,323.0
V,K,-0.8618,0.4682,9.25,4,323.0
V,L,0.3018,1.025,7.75,4,323.0
V,M,0.2961,1.233,8.25,4,323.0
V,N,1.579,2.778,4.5,4,323.0
V,P,2.775,2.305,4.25,4,323.0
V,Q,1.755,2.656,4.5,4,323.0
V,R,-0.3802,0.5622,3.25,4,323.0
V,S,0.9891,1.154,4.75,4,323.0
V,T,-1.117,2.067,9.25,4,323.0
V,V,0.0,0.0,,4,323.0
V,W,1.603,1.156,4.5,4,323.0
V,Y,-1.173,3.131,4.5,4,323.0
V,-,-0.3702,0.8524,2.5,4,324.0
V,A,3.933,2.179,5.25,4,324.0
V,C,-0.8829,2.376,3.75,4,324.0
V,D,-2.116,0.2376,2.0,2,324.0
V,E,0.6447,1.869,7.75,4,324.0
V,F,-0.027,1.794,3.75,4,324.0
V,G,-2.094,0.3486,6.5,4,324.0
V,H,-1.477,2.718,2.5,4,324.0
V,I,-1.128,0.5301,8.25,4,324.0
V,K,0.308,2.342,4.5,4,324.0
V,L,-0.2858,2.337,6.75,4,324.0
V,M,-1.894,1.82,7.0,4,324.0
V,N,-1.492,2.985,6.75,4,324.0
V,P,-1.494,1.382,7.75,4,324.0
V,Q,0.1946,1.838,4.5,4,324.0
V,R,-2.558,0.5242,3.0,4,324.0
V,S,-1.258,0.9113,5.0,4,324.0
V,T,-1.593,1.41,5.0,4,324.0
V,V,0.0,0.0,,4,324.0
V,W,-0.4766,1.073,3.25,4,324.0
V,Y,-1.208,1.901,6.5,4,324.0
N,-,-0.9053,0.6224,2.5,4,325.0
N,A,-2.872,0.7077,1.5,4,325.0
N,C,-11.3,3.382,2.0,4,325.0
N,D,-2.013,1.489,6.5,4,325.0
N,E,2.045,2.797,2.25,4,325.0
N,F,-4.051,0.8044,8.0,4,325.0
N,G,-3.152,1.355,3.0,4,325.0
N,H,-2.697,0.5583,6.5,4,325.0
N,I,-4.297,0.9106,5.25,4,325.0
N,K,-3.189,0.4995,2.5,4,325.0
N,L,-5.351,1.714,9.75,4,325.0
N,M,-3.685,0.4359,3.5,4,325.0
N,N,0.0,0.0,,4,325.0
N,P,-7.502,4.841,4.5,4,325.0
N,Q,-3.599,0.6486,2.5,4,325.0
N,R,-4.144,3.906,1.5,4,325.0
N,S,-2.748,0.3358,5.5,4,325.0
N,T,-2.502,0.285,2.0,4,325.0
N,V,-3.971,0.825,4.0,4,325.0
N,W,-5.254,1.192,4.75,4,325.0
N,Y,-3.433,0.2625,6.0,4,325.0
I,-,-1.507,0.8613,3.0,4,326.0
I,A,-3.936,0.793,4.75,4,326.0
I,C,-3.015,0.3212,5.5,4,326.0
I,D,-8.917,2.252,3.0,4,326.0
I,E,-7.83,1.666,4.75,4,326.0
I,F,-3.575,0.419,4.0,4,326.0
I,G,-8.168,0.2277,3.0,2,326.0
I,H,-9.318,1.235,2.75,4,326.0
I,I,0.0,0.0,,4,326.0
I,K,-7.451,1.261,5.75,4,326.0
I,L,0.3747,1.608,2.75,4,326.0
I,M,-1.236,1.362,4.5,4,326.0
I,N,-6.646,1.796,6.5,4,326.0
I,P,-9.595,2.185,5.5,4,326.0
I,Q,-7.657,0.9457,2.5,4,326.0
I,R,-4.78,5.232,1.75,4,326.0
I,S,-8.352,0.7588,11.5,4,326.0
I,T,-2.43,0.5676,6.5,4,326.0
I,V,-0.474,0.5469,4.25,4,326.0
I,W,-7.584,1.412,5.75,4,326.0
I,Y,-4.738,1.914,6.75,4,326.0
T,-,-1.539,1.632,3.0,4,327.0
T,A,-1.293,2.668,4.5,4,327.0
T,C,-5.206,0.9737,5.25,4,327.0
T,D,-3.045,0.7314,4.5,4,327.0
T,E,-0.4837,1.916,2.5,4,327.0
T,F,-2.626,0.8329,4.0,4,327.0
T,G,-2.159,1.085,3.5,4,327.0
T,H,-1.377,2.076,2.0,4,327.0
T,I,-2.244,0.786,4.75,4,327.0
T,K,-2.618,0.2855,5.0,4,327.0
T,L,-2.199,0.5173,2.75,4,327.0
T,M,-0.4741,1.047,4.5,4,327.0
T,N,-2.662,0.8584,5.5,4,327.0
T,P,-9.68,2.408,6.25,4,327.0
T,Q,-1.99,1.801,3.25,4,327.0
T,R,-2.421,1.437,4.5,4,327.0
T,S,1.173,1.879,5.0,4,327.0
T,T,0.0,0.0,,4,327.0
T,V,-2.516,0.4928,4.25,4,327.0
T,W,-1.097,1.895,4.0,4,327.0
T,Y,-0.5865,3.027,4.75,4,327.0
L,-,-0.8552,1.949,3.0,4,328.0
L,A,-6.883,2.692,4.25,4,328.0
L,C,-8.783,1.553,4.5,4,328.0
L,D,-7.984,0.2827,5.5,4,328.0
L,E,-9.184,0.873,3.5,4,328.0
L,F,-2.673,0.4361,5.0,4,328.0
L,G,-6.931,3.986,3.75,4,328.0
L,H,-7.524,0.611,4.5,4,328.0
L,I,1.171,3.351,2.5,4,328.0
L,K,-9.34,1.914,3.5,4,328.0
L,L,0.0,0.0,,4,328.0
L,M,-1.197,2.162,8.0,4,328.0
L,N,-7.507,0.9658,2.75,4,328.0
L,P,-8.623,2.401,7.0,4,328.0
L,Q,-8.47,1.131,10.5,4,328.0
L,R,-9.214,1.741,7.5,4,328.0
L,S,-8.073,1.526,6.25,4,328.0
L,T,-4.075,4.027,5.5,4,328.0
L,V,-3.588,1.125,3.5,4,328.0
L,W,-7.091,1.099,3.0,4,328.0
L,Y,-7.896,3.363,6.75,4,328.0
A,-,-0.4956,1.063,2.0,4,329.0
A,A,0.0,0.0,,4,329.0
A,C,-0.026,2.887,2.5,4,329.0
A,D,1.978,2.129,4.75,4,329.0
A,E,0.2204,1.81,3.5,4,329.0
A,F,1.205,2.482,5.0,4,329.0
A,G,0.4014,3.793,4.0,4,329.0
A,H,-0.6214,1.276,5.0,4,329.0
A,I,-2.842,1.508,1.75,3,329.0
A,K,-0.8742,1.578,3.5,4,329.0
A,L,-1.213,1.19,9.5,4,329.0
A,M,-0.913,2.062,4.0,4,329.0
A,N,0.6141,2.217,6.75,4,329.0
A,P,-1.611,2.331,6.75,4,329.0
A,Q,-1.194,1.431,5.0,4,329.0
A,R,0.388,2.458,3.75,4,329.0
A,S,0.529,1.182,6.0,4,329.0
A,T,0.1442,1.453,12.25,4,329.0
A,V,-1.153,1.13,8.25,4,329.0
A,W,-0.4419,0.672,7.25,4,329.0
A,Y,0.7357,2.803,6.5,4,329.0
N,-,0.5774,0.5913,1.5,4,330.0
N,A,-1.189,1.126,3.0,4,330.0
N,C,-2.447,1.007,3.5,4,330.0
N,D,-1.078,1.907,6.75,4,330.0
N,E,-0.6654,1.095,6.75,4,330.0
N,F,-0.1105,1.9,4.0,4,330.0
N,G,-1.052,2.033,4.75,4,330.0
N,H,0.0968,0.6304,9.75,4,330.0
N,I,-2.915,0.5788,3.5,4,330.0
N,K,-1.074,2.161,10.5,4,330.0
N,L,-0.9868,4.005,6.75,4,330.0
N,M,-2.029,2.814,5.0,4,330.0
N,N,0.0,0.0,,4,330.0
N,P,-2.241,0.4755,4.5,4,330.0
N,Q,2.513,1.389,0.5,2,330.0
N,R,-1.695,0.54,7.25,4,330.0
N,S,0.9015,3.675,3.5,4,330.0
N,T,2.503,2.58,2.5,4,330.0
N,V,-2.196,0.102,6.5,4,330.0
N,W,-1.7,0.9843,8.5,4,330.0
N,Y,0.2588,0.7763,9.75,4,330.0
F,-,-0.6976,0.9755,2.0,4,331.0
F,A,3.04,1.501,4.0,4,331.0
F,C,-1.843,0.3062,6.0,4,331.0
F,D,-0.1069,1.878,7.5,4,331.0
F,E,3.913,3.736,4.0,4,331.0
F,F,0.0,0.0,,4,331.0
F,G,3.365,6.577,5.75,4,331.0
F,H,2.229,1.21,5.0,4,331.0
F,I,-2.29,0.9833,2.75,4,331.0
F,K,2.631,0.1697,2.0,2,331.0
F,L,-0.8069,0.7814,13.5,4,331.0
F,M,-1.897,1.083,4.5,4,331.0
F,N,0.3398,1.204,4.5,4,331.0
F,P,-0.8911,1.136,5.75,4,331.0
F,Q,-2.151,0.7517,2.0,2,331.0
F,R,-0.668,1.822,4.5,4,331.0
F,S,1.909,1.41,5.0,4,331.0
F,T,-1.051,0.6994,3.75,4,331.0
F,V,-1.046,1.02,4.5,4,331.0
F,W,3.75,2.789,4.5,4,331.0
F,Y,0.6807,0.7556,5.0,2,331.0
N,-,-0.2944,1.211,1.5,4,332.0
N,A,-0.1852,1.791,8.0,4,332.0
N,C,-2.176,1.139,2.75,4,332.0
N,D,1.409,3.064,11.5,4,332.0
N,E,2.954,3.653,6.25,4,332.0
N,F,0.9574,2.736,2.75,4,332.0
N,G,-0.6319,1.49,3.0,4,332.0
N,H,-1.028,1.931,3.5,4,332.0
N,I,-0.3155,1.934,3.25,4,332.0
N,K,-0.544,1.411,3.5,4,332.0
N,L,-0.01145,1.749,5.75,4,332.0
N,M,-0.1832,1.193,4.0,4,332.0
N,N,0.0,0.0,,4,332.0
N,P,-1.669,1.726,5.25,4,332.0
N,Q,-0.544,2.343,1.0,4,332.0
N,R,-2.26,0.8417,3.5,4,332.0
N,S,-1.297,1.982,4.0,4,332.0
N,T,2.535,1.274,1.5,2,332.0
N,V,2.469,1.821,5.5,4,332.0
N,W,0.648,1.289,7.5,4,332.0
N,Y,0.682,1.132,4.75,4,332.0
E,*,-8.681,1.792,10.75,4,333.0
E,-,0.2193,1.494,1.0,4,333.0
E,A,1.95,1.274,2.5,4,333.0
E,C,-2.103,0.4868,7.0,4,333.0
E,D,2.263,2.12,4.0,4,333.0
E,E,0.0,0.0,,4,333.0
E,F,0.597,2.231,6.0,4,333.0
E,G,-0.5531,0.7704,3.0,4,333.0
E,H,2.093,3.133,2.5,4,333.0
E,I,1.021,2.177,5.75,4,333.0
E,K,-0.8755,1.426,18.75,4,333.0
E,L,-1.198,2.477,3.25,4,333.0
E,M,-0.6323,1.818,4.0,4,333.0
E,N,1.416,2.021,4.5,4,333.0
E,P,-1.45,4.308,4.75,4,333.0
E,Q,0.5573,1.3,4.5,4,333.0
E,R,-0.8238,2.65,2.75,4,333.0
E,S,1.378,1.014,5.5,4,333.0
E,T,1.642,4.031,6.75,4,333.0
E,V,-0.1089,1.184,3.75,4,333.0
E,W,-0.0421,1.806,5.0,4,333.0
E,Y,0.243,1.365,13.0,4,333.0
T,-,0.1531,0.3644,1.0,4,334.0
T,A,-0.5635,0.5919,8.5,4,334.0
T,C,-3.743,3.411,6.0,4,334.0
T,D,-0.1959,0.8869,3.0,4,334.0
T,E,3.535,1.768,4.0,4,334.0
T,F,0.399,3.158,3.5,4,334.0
T,G,-1.415,0.7093,6.5,4,334.0
T,H,1.877,1.441,5.75,4,334.0
T,I,-0.0645,0.7615,10.25,4,334.0
T,K,2.622,2.694,2.0,4,334.0
T,L,1.422,1.895,4.5,4,334.0
T,M,-1.195,1.428,5.0,4,334.0
T,N,2.232,1.531,7.0,4,334.0
T,P,-0.9686,1.436,6.5,4,334.0
T,Q,3.056,1.364,4.0,4,334.0
T,R,2.013,1.395,7.0,4,334.0
T,S,-1.654,0.2291,3.0,2,334.0
T,T,0.0,0.0,,4,334.0
T,V,0.4862,0.9039,3.0,4,334.0
T,W,0.104,2.892,4.5,4,334.0
T,Y,1.501,3.107,3.5,4,334.0
K,-,1.689,1.024,0.5,2,335.0
K,A,3.692,0.62,4.0,4,335.0
K,C,-3.129,1.363,6.5,4,335.0
K,D,-1.18,2.409,4.0,4,335.0
K,E,1.102,1.996,8.75,4,335.0
K,F,1.669,2.068,3.5,4,335.0
K,G,-1.744,3.179,2.25,4,335.0
K,H,-1.205,0.8325,4.0,4,335.0
K,I,2.702,1.865,5.0,4,335.0
K,K,0.0,0.0,,4,335.0
K,L,0.7659,2.895,3.0,4,335.0
K,M,3.948,2.4,4.0,4,335.0
K,N,-0.8203,0.8351,7.5,4,335.0
K,P,2.416,0.2068,3.5,4,335.0
K,Q,-0.7513,0.3402,7.25,4,335.0
K,R,-0.7523,1.079,4.0,4,335.0
K,S,-1.163,2.383,6.25,4,335.0
K,T,0.7134,3.504,3.5,4,335.0
K,V,4.551,5.021,3.0,4,335.0
K,W,2.071,2.913,3.0,4,335.0
K,Y,0.4392,1.785,6.0,4,335.0
G,-,0.0361,1.465,0.5,2,336.0
G,A,2.939,3.312,4.0,4,336.0
G,C,-3.357,0.5107,12.0,4,336.0
G,D,-0.4995,4.018,3.75,4,336.0
G,E,-0.4372,1.418,5.5,4,336.0
G,F,-3.098,1.247,2.0,4,336.0
G,G,0.0,0.0,,4,336.0
G,H,-2.306,0.2466,5.75,4,336.0
G,I,-1.764,0.759,11.25,4,336.0
G,K,-2.34,0.7697,6.0,4,336.0
G,L,-2.288,0.4602,5.25,4,336.0
G,M,0.9977,2.056,2.0,4,336.0
G,N,-1.76,1.654,5.5,4,336.0
G,P,-1.791,2.324,3.0,4,336.0
G,Q,0.07741,2.408,5.0,4,336.0
G,R,-0.672,1.769,6.25,4,336.0
G,S,-1.494,1.357,7.75,4,336.0
G,T,-0.6238,3.073,4.75,4,336.0
G,V,-2.159,0.7075,8.5,4,336.0
G,W,-3.17,1.259,6.0,4,336.0
G,Y,-2.385,1.206,2.5,4,336.0
P,-,0.4551,1.224,0.5,2,337.0
P,A,-1.708,0.5188,7.25,4,337.0
P,C,-0.6693,1.408,3.75,4,337.0
P,D,-2.093,1.407,4.75,4,337.0
P,E,-0.7675,1.477,2.0,4,337.0
P,F,-1.606,0.7717,3.0,4,337.0
P,G,-1.329,2.24,9.5,4,337.0
P,H,-1.19,0.457,10.5,4,337.0
P,I,-1.253,0.3234,7.0,4,337.0
P,K,-3.053,1.922,4.75,4,337.0
P,L,0.06323,2.254,3.0,4,337.0
P,M,2.251,2.372,5.0,4,337.0
P,N,-1.576,1.924,3.5,4,337.0
P,P,0.0,0.0,,4,337.0
P,Q,0.5555,1.601,3.5,4,337.0
P,R,-1.796,0.8446,5.5,4,337.0
P,S,-1.498,1.657,2.75,4,337.0
P,T,0.568,0.9756,6.25,4,337.0
P,V,-0.6558,1.143,4.0,4,337.0
P,W,-3.062,0.984,4.75,4,337.0
P,Y,-2.226,0.5501,1.0,2,337.0
L,-,-0.504,1.192,1.0,4,338.0
L,A,-1.77,0.2743,5.0,4,338.0
L,C,-2.021,1.074,5.25,4,338.0
L,D,-6.431,0.4728,3.5,4,338.0
L,E,0.5185,3.714,2.75,4,338.0
L,F,-0.02534,1.616,4.75,4,338.0
L,G,-5.616,0.9209,3.5,4,338.0
L,H,-0.9078,0.8372,2.5,4,338.0
L,I,0.6645,2.41,4.5,4,338.0
L,K,-1.649,1.291,5.0,4,338.0
L,L,0.0,0.0,,4,338.0
L,M,-1.035,0.3693,5.0,4,338.0
L,N,1.121,1.783,2.5,4,338.0
L,P,-7.805,4.66,5.5,4,338.0
L,Q,-1.334,1.245,4.0,4,338.0
L,R,-3.064,1.845,5.0,4,338.0
L,S,-2.503,1.031,4.75,4,338.0
L,T,-2.819,2.171,4.5,4,338.0
L,V,0.3613,1.352,5.75,4,338.0
L,W,-1.989,0.8152,6.25,4,338.0
L,Y,-1.891,1.615,6.0,4,338.0
C,*,-5.45,4.111,3.0,4,339.0
C,-,-0.278,1.192,1.0,4,339.0
C,A,-7.291,0.8888,3.5,4,339.0
C,C,0.0,0.0,,4,339.0
C,D,-6.498,2.128,3.0,4,339.0
C,E,-6.136,1.349,7.75,4,339.0
C,F,-5.732,0.8293,9.0,4,339.0
C,G,-7.671,0.6679,6.75,4,339.0
C,H,-8.07,1.019,3.0,4,339.0
C,I,-10.09,2.459,6.25,4,339.0
C,K,-8.032,1.826,2.75,4,339.0
C,L,-8.698,0.6651,4.75,4,339.0
C,M,-7.15,1.708,6.0,4,339.0
C,N,-7.872,2.694,3.0,4,339.0
C,P,-7.921,1.136,8.5,4,339.0
C,Q,-7.924,2.543,14.5,4,339.0
C,R,-8.248,1.578,8.5,4,339.0
C,S,-9.364,1.185,4.5,4,339.0
C,T,-7.06,1.244,4.0,4,339.0
C,V,-8.621,0.8291,2.5,4,339.0
C,W,-7.302,0.6881,5.25,4,339.0
C,Y,-5.897,3.27,7.0,4,339.0
V,-,-0.2657,0.6598,1.0,4,340.0
V,A,-1.418,1.929,3.5,4,340.0
V,C,-1.843,2.007,1.0,4,340.0
V,D,-7.165,0.866,4.75,4,340.0
V,E,-8.822,1.067,4.0,4,340.0
V,F,-9.511,1.686,10.5,4,340.0
V,G,-12.88,5.234,5.75,4,340.0
V,H,-8.238,1.769,3.25,4,340.0
V,I,-1.681,1.753,8.25,4,340.0
V,K,-8.362,0.82,7.25,4,340.0
V,L,-0.2273,2.785,3.25,4,340.0
V,M,-4.001,2.541,2.0,4,340.0
V,N,-8.541,1.419,5.5,4,340.0
V,P,1.155,2.832,2.0,4,340.0
V,Q,-8.393,0.9448,4.75,4,340.0
V,R,-8.069,1.713,7.0,4,340.0
V,S,-7.142,0.9202,4.0,4,340.0
V,T,-6.731,4.198,5.5,4,340.0
V,V,0.0,0.0,,4,340.0
V,W,-7.187,1.116,3.5,4,340.0
V,Y,-7.308,1.294,5.5,4,340.0
D,-,-2.111,2.593,1.0,4,341.0
D,A,-0.6495,2.739,4.5,4,341.0
D,C,-2.705,0.4552,3.0,4,341.0
D,D,0.0,0.0,,4,341.0
D,E,-0.0437,0.7543,5.25,4,341.0
D,F,0.2455,3.288,5.75,4,341.0
D,G,0.04148,0.5144,7.75,4,341.0
D,H,-0.5185,0.4592,9.75,4,341.0
D,I,-1.053,1.361,1.5,4,341.0
D,K,-1.404,1.118,8.5,4,341.0
D,L,-1.106,0.4804,4.75,4,341.0
D,M,-0.08074,1.506,4.75,4,341.0
D,N,-1.264,1.858,6.25,4,341.0
D,P,-0.5286,2.487,5.0,4,341.0
D,Q,2.101,1.133,5.5,4,341.0
D,R,-1.676,1.675,6.0,4,341.0
D,S,1.433,0.7596,1.0,2,341.0
D,T,0.7677,2.161,8.5,4,341.0
D,V,-0.3503,3.089,5.0,4,341.0
D,W,-0.5758,0.8727,8.5,4,341.0
D,Y,-0.5797,0.3634,17.5,4,341.0
T,-,-0.4721,1.546,0.5,2,342.0
T,A,-2.93,0.4529,5.5,4,342.0
T,C,-3.269,0.3208,4.5,4,342.0
T,D,-3.013,0.5368,7.0,4,342.0
T,E,-1.853,0.572,3.5,4,342.0
T,F,-4.877,1.313,7.0,4,342.0
T,G,-2.298,1.443,2.0,4,342.0
T,H,-3.394,0.7478,2.0,4,342.0
T,I,-7.637,2.937,7.25,4,342.0
T,K,-1.438,0.8847,3.5,4,342.0
T,L,-5.62,0.8507,8.5,4,342.0
T,M,-7.121,2.84,2.0,2,342.0
T,N,-0.7577,1.131,3.0,4,342.0
T,P,-3.315,0.7065,2.0,4,342.0
T,Q,1.128,2.774,4.0,4,342.0
T,R,-3.358,0.7422,3.0,4,342.0
T,S,-2.336,0.5724,4.75,4,342.0
T,T,0.0,0.0,,4,342.0
T,V,-2.718,2.33,3.25,4,342.0
T,W,-8.341,3.287,4.25,4,342.0
T,Y,-2.738,1.073,6.0,4,342.0
S,-,-1.671,0.9765,1.0,4,343.0
S,A,-1.453,2.128,3.5,4,343.0
S,C,-5.08,1.695,5.0,4,343.0
S,D,4.279,1.259,2.5,2,343.0
S,E,-2.056,2.491,3.75,4,343.0
S,F,-3.282,0.9285,4.5,4,343.0
S,G,-4.234,2.177,6.5,4,343.0
S,H,-3.091,1.032,5.0,4,343.0
S,I,-3.925,0.8031,15.25,4,343.0
S,K,-3.646,1.009,7.0,4,343.0
S,L,-1.921,0.8875,2.5,4,343.0
S,M,-2.319,2.559,2.5,4,343.0
S,N,-3.032,0.8232,6.25,4,343.0
S,P,-3.328,0.7605,2.5,4,343.0
S,Q,-2.974,1.174,5.75,4,343.0
S,R,-2.646,1.032,6.5,4,343.0
S,S,0.0,0.0,,4,343.0
S,T,0.02589,0.2692,4.0,4,343.0
S,V,-3.447,0.4092,4.5,4,343.0
S,W,-4.352,0.6509,4.75,4,343.0
S,Y,-4.432,2.257,4.0,4,343.0
H,-,-2.906,1.135,1.5,4,344.0
H,A,-2.461,0.5774,1.0,4,344.0
H,C,-3.159,0.8569,6.75,4,344.0
H,D,-1.657,1.023,5.0,4,344.0
H,E,-3.397,0.5797,4.0,4,344.0
H,F,-5.584,1.631,4.25,4,344.0
H,G,-1.969,1.025,4.5,4,344.0
H,H,0.0,0.0,,4,344.0
H,I,0.196,3.914,7.75,4,344.0
H,K,-2.264,0.5328,5.0,4,344.0
H,L,-2.356,2.136,3.5,4,344.0
H,M,-2.145,0.3493,1.0,2,344.0
H,N,-6.492,0.9147,13.5,4,344.0
H,P,-9.747,2.758,5.75,4,344.0
H,Q,-1.816,1.328,8.5,4,344.0
H,R,-0.1965,1.775,6.0,4,344.0
H,S,-2.582,0.8558,5.25,4,344.0
H,T,-1.338,1.955,2.5,4,344.0
H,V,-1.221,1.367,5.75,4,344.0
H,W,-3.186,1.68,2.5,4,344.0
H,Y,-2.834,0.4002,10.0,4,344.0
F,-,-1.699,1.709,1.5,4,345.0
F,A,-7.171,1.982,5.0,4,345.0
F,C,-5.806,0.5675,4.75,4,345.0
F,D,-8.123,0.2149,8.25,4,345.0
F,E,-6.457,2.55,5.0,4,345.0
F,F,0.0,0.0,,4,345.0
F,G,-7.722,2.071,4.0,4,345.0
F,H,-8.144,3.237,3.5,4,345.0
F,I,-1.337,1.663,2.75,4,345.0
F,K,-7.7,1.065,4.5,4,345.0
F,L,-2.119,0.5677,9.0,4,345.0
F,M,-0.8589,0.8993,4.0,4,345.0
F,N,-8.063,0.7991,6.25,4,345.0
F,P,-8.305,1.917,4.5,4,345.0
F,Q,-7.115,1.168,3.75,4,345.0
F,R,-8.319,0.9692,3.0,4,345.0
F,S,-8.401,1.02,5.5,4,345.0
F,T,-7.2,1.398,4.0,4,345.0
F,V,-0.6404,1.143,4.5,4,345.0
F,W,-7.011,2.117,7.5,4,345.0
F,Y,-0.382,1.797,4.75,4,345.0
T,-,-3.447,0.6569,1.5,2,346.0
T,A,-7.758,0.7648,8.5,4,346.0
T,C,-7.279,1.112,2.5,4,346.0
T,D,-7.486,0.8521,5.0,4,346.0
T,E,-6.671,2.004,2.25,4,346.0
T,F,-8.11,0.6993,3.75,4,346.0
T,G,-4.71,0.354,3.0,4,346.0
T,H,-5.485,0.5817,13.25,4,346.0
T,I,-7.004,0.8685,12.0,4,346.0
T,K,-7.712,1.312,5.5,4,346.0
T,L,-8.351,0.6552,6.5,4,346.0
T,M,-7.212,1.646,8.25,4,346.0
T,N,-4.823,1.512,3.0,4,346.0
T,P,-8.782,1.805,3.0,4,346.0
T,Q,-5.083,0.3256,8.5,4,346.0
T,R,-6.652,1.71,3.0,2,346.0
T,S,-1.111,1.265,4.0,4,346.0
T,T,0.0,0.0,,4,346.0
T,V,-7.792,1.109,8.25,4,346.0
T,W,-6.675,0.691,4.5,4,346.0
T,Y,-7.462,1.071,3.5,4,346.0
T,-,-0.5064,0.1088,0.5,2,347.0
T,A,0.7963,2.171,5.0,4,347.0
T,C,-3.146,4.286,3.5,4,347.0
T,D,-7.845,0.7523,7.0,4,347.0
T,E,-8.346,0.9648,3.5,4,347.0
T,F,-6.94,1.042,4.5,4,347.0
T,G,-3.799,1.326,3.5,4,347.0
T,H,-5.309,2.107,3.0,4,347.0
T,I,-3.031,0.1639,10.5,4,347.0
T,K,-7.989,1.822,4.5,4,347.0
T,L,-2.663,1.012,4.75,4,347.0
T,M,-1.912,3.737,5.0,4,347.0
T,N,-3.155,0.2577,9.0,4,347.0
T,P,-7.873,0.9971,5.5,4,347.0
T,Q,-7.688,0.4214,6.0,4,347.0
T,R,-7.712,2.405,3.5,4,347.0
T,S,1.185,2.787,4.5,4,347.0
T,T,0.0,0.0,,4,347.0
T,V,-0.559,0.8055,6.5,4,347.0
T,W,-7.959,1.064,5.5,4,347.0
T,Y,-7.105,1.266,4.75,4,347.0
K,*,-6.098,0.02333,1.0,2,348.0
K,-,-2.068,4.358,0.75,3,348.0
K,A,0.8414,1.429,5.5,4,348.0
K,C,-3.423,1.53,2.25,4,348.0
K,D,0.1357,1.707,4.5,4,348.0
K,E,0.5049,1.122,5.0,4,348.0
K,F,-1.627,0.2895,7.0,4,348.0
K,G,-2.264,7.008,5.0,4,348.0
K,H,1.791,1.554,7.0,4,348.0
K,I,-0.4035,2.825,5.5,4,348.0
K,K,0.0,0.0,,4,348.0
K,L,2.261,1.001,2.5,4,348.0
K,M,0.3237,1.285,7.0,4,348.0
K,N,0.3135,1.754,12.0,4,348.0
K,P,-7.76,1.58,6.0,4,348.0
K,Q,-2.159,1.189,6.0,4,348.0
K,R,-1.42,3.597,2.0,4,348.0
K,S,-0.0045,2.332,2.0,4,348.0
K,T,2.231,0.9295,8.25,4,348.0
K,V,0.2717,2.002,6.5,4,348.0
K,W,1.077,2.735,5.25,4,348.0
K,Y,-1.911,0.2663,6.75,4,348.0
F,-,-3.32,3.465,0.75,3,349.0
F,A,-3.979,1.768,1.25,2,349.0
F,C,-5.271,0.4027,3.0,4,349.0
F,D,-7.463,1.573,1.75,4,349.0
F,E,-8.089,0.8034,2.0,4,349.0
F,F,0.0,0.0,,4,349.0
F,G,-4.22,3.523,2.5,4,349.0
F,H,-4.363,1.495,3.0,4,349.0
F,I,-0.5171,1.14,3.75,4,349.0
F,K,-7.494,2.88,4.0,4,349.0
F,L,-0.9098,1.005,14.25,4,349.0
F,M,0.7498,2.267,2.5,4,349.0
F,N,-8.821,2.47,3.0,4,349.0
F,P,-8.898,1.421,3.0,4,349.0
F,Q,-3.713,0.4083,4.0,4,349.0
F,R,-7.091,1.429,2.5,4,349.0
F,S,-6.952,1.538,6.5,4,349.0
F,T,-3.062,0.3922,3.0,4,349.0
F,V,-2.997,2.634,4.0,4,349.0
F,W,-0.4619,1.41,3.0,4,349.0
F,Y,-1.811,1.197,3.0,4,349.0
V,-,-1.243,3.571,0.75,3,350.0
V,A,-1.936,2.841,3.5,4,350.0
V,C,1.405,1.234,3.0,4,350.0
V,D,-1.925,0.4873,6.5,4,350.0
V,E,-1.076,1.502,3.25,4,350.0
V,F,-2.489,1.185,1.75,4,350.0
V,G,-3.467,0.9497,2.0,4,350.0
V,H,2.708,2.014,5.0,4,350.0
V,I,0.3645,1.794,2.75,4,350.0
V,K,-2.098,1.359,5.5,4,350.0
V,L,-1.156,2.371,7.75,4,350.0
V,M,1.695,2.975,10.0,4,350.0
V,N,3.099,1.314,2.5,4,350.0
V,P,-7.587,3.587,6.0,4,350.0
V,Q,1.639,2.12,5.75,4,350.0
V,R,0.144,1.739,2.0,4,350.0
V,S,-0.07956,1.969,4.5,4,350.0
V,T,1.024,1.244,3.5,4,350.0
V,V,0.0,0.0,,4,350.0
V,W,0.05835,1.088,7.0,4,350.0
V,Y,0.4096,2.812,3.0,4,350.0
G,*,-9.04,2.029,11.5,4,351.0
G,-,-0.5316,0.1408,0.5,2,351.0
G,A,0.0156,2.164,5.0,4,351.0
G,C,-2.5,2.209,8.5,4,351.0
G,D,-1.837,0.6364,13.25,4,351.0
G,E,-1.413,1.006,13.0,4,351.0
G,F,-0.4262,2.717,5.0,4,351.0
G,G,0.0,0.0,,4,351.0
G,H,3.45,3.638,4.5,4,351.0
G,I,-2.317,0.2988,7.5,4,351.0
G,K,-2.364,1.585,2.5,4,351.0
G,L,-2.308,0.2738,5.0,4,351.0
G,M,-1.263,0.8898,5.0,4,351.0
G,N,-1.336,1.634,6.25,4,351.0
G,P,1.361,3.459,4.0,4,351.0
G,Q,-2.178,2.34,3.25,4,351.0
G,R,1.322,6.161,10.25,4,351.0
G,S,-0.3185,2.111,5.0,4,351.0
G,T,0.6742,3.466,6.0,4,351.0
G,V,-1.631,0.4734,14.75,4,351.0
G,W,-1.795,2.979,2.75,4,351.0
G,Y,-2.024,0.5556,3.0,4,351.0
A,-,-1.308,0.09687,0.5,2,352.0
A,A,0.0,0.0,,4,352.0
A,C,-2.133,0.6274,3.75,4,352.0
A,D,-1.75,3.231,2.5,4,352.0
A,E,0.5216,2.201,5.0,4,352.0
A,F,-1.759,3.386,4.5,4,352.0
A,G,-1.945,0.8398,4.5,4,352.0
A,H,-1.508,2.015,5.5,4,352.0
A,I,-0.4493,1.556,4.25,4,352.0
A,K,-0.8737,1.215,4.0,4,352.0
A,L,-0.3221,1.239,8.75,4,352.0
A,M,1.372,1.392,3.5,4,352.0
A,N,0.1547,0.9966,18.0,4,352.0
A,P,0.3847,1.649,5.25,4,352.0
A,Q,0.4257,1.78,5.5,4,352.0
A,R,-0.759,1.379,10.0,4,352.0
A,S,1.07,1.747,8.75,4,352.0
A,T,0.2187,1.256,7.5,4,352.0
A,V,-0.8044,0.1782,9.5,4,352.0
A,W,-1.628,2.002,5.5,4,352.0
A,Y,0.2185,2.055,6.5,4,352.0
N,A,0.4828,1.975,2.0,2,353.0
N,C,-0.8628,1.918,5.0,4,353.0
N,D,-1.276,0.9592,6.5,4,353.0
N,E,0.295,2.595,4.5,4,353.0
N,F,-0.35,3.746,2.5,4,353.0
N,G,-1.657,1.221,3.25,4,353.0
N,H,-0.2697,0.6339,6.0,4,353.0
N,I,-0.07215,1.619,7.0,4,353.0
N,K,-1.744,1.448,6.5,4,353.0
N,L,2.105,2.17,6.0,4,353.0
N,M,0.4621,0.6502,5.5,4,353.0
N,N,0.0,0.0,,4,353.0
N,P,-2.25,0.8876,5.5,4,353.0
N,Q,-1.242,1.622,5.5,4,353.0
N,R,-0.6891,0.8347,8.75,4,353.0
N,S,1.449,1.609,4.75,4,353.0
N,T,-0.8606,0.8436,3.5,4,353.0
N,V,1.499,1.952,4.5,4,353.0
N,W,0.5158,1.769,5.75,4,353.0
N,Y,-1.168,0.1574,3.75,4,353.0
F,A,-1.258,2.919,6.75,4,354.0
F,C,-2.835,0.9358,2.5,4,354.0
F,D,-1.881,1.317,3.5,4,354.0
F,E,2.148,2.404,1.5,4,354.0
F,F,0.0,0.0,,4,354.0
F,G,-3.314,3.393,1.0,4,354.0
F,H,-1.016,2.669,4.0,4,354.0
F,I,1.376,3.077,6.5,4,354.0
F,K,0.3619,1.736,4.0,4,354.0
F,L,0.7938,1.667,6.0,4,354.0
F,M,0.037,3.633,5.5,4,354.0
F,N,1.096,1.992,3.0,4,354.0
F,P,0.47,2.967,3.5,4,354.0
F,Q,-2.661,2.84,1.0,2,354.0
F,R,-1.575,1.7,3.0,4,354.0
F,S,-0.4486,1.162,3.5,4,354.0
F,T,-0.2735,2.807,1.5,4,354.0
F,V,0.9405,1.907,4.0,4,354.0
F,W,1.106,1.976,4.0,4,354.0
F,Y,0.8211,0.7293,5.0,4,354.0
G,A,2.412,1.706,5.0,4,355.0
G,C,-3.009,0.3792,15.5,4,355.0
G,D,1.387,3.165,7.25,4,355.0
G,E,0.4127,2.455,7.0,4,355.0
G,F,-1.212,0.8366,3.0,4,355.0
G,G,0.0,0.0,,4,355.0
G,H,-1.873,1.257,8.25,4,355.0
G,I,-1.188,2.069,4.0,4,355.0
G,K,-1.96,0.6719,3.25,4,355.0
G,L,-2.127,3.016,3.5,4,355.0
G,M,-0.7123,0.709,3.5,4,355.0
G,N,0.7582,2.655,3.5,4,355.0
G,P,1.25,2.595,3.5,4,355.0
G,Q,0.427,1.959,4.5,4,355.0
G,R,-0.1498,1.627,6.5,4,355.0
G,S,-0.2777,1.371,9.25,4,355.0
G,T,-0.0075,2.837,3.0,4,355.0
G,V,-1.401,1.029,10.5,4,355.0
G,W,-2.47,0.7199,4.5,4,355.0
G,Y,-1.068,2.343,2.5,4,355.0
R,A,-8.624,2.345,4.0,4,356.0
R,C,-7.169,0.9695,10.5,4,356.0
R,D,-7.094,1.002,3.5,4,356.0
R,E,-7.152,1.878,3.25,4,356.0
R,F,-8.758,1.743,5.75,4,356.0
R,G,-7.531,4.622,4.0,4,356.0
R,H,-4.981,0.7892,8.0,4,356.0
R,I,-8.077,1.591,6.0,4,356.0
R,K,-2.396,0.6409,5.0,4,356.0
R,L,-8.103,1.708,4.5,4,356.0
R,M,-7.732,0.5532,5.5,4,356.0
R,N,-8.238,1.166,5.75,4,356.0
R,P,-7.843,1.574,5.5,4,356.0
R,Q,-8.355,1.246,6.0,4,356.0
R,R,0.0,0.0,,4,356.0
R,S,-6.606,0.7534,4.0,4,356.0
R,T,-5.466,1.46,3.0,4,356.0
R,V,-7.104,1.261,3.75,4,356.0
R,W,-8.659,1.259,3.5,4,356.0
R,Y,-7.992,0.8724,4.75,4,356.0
W,*,-9.122,3.119,14.5,4,357.0
W,A,-7.726,1.806,6.75,4,357.0
W,C,-8.476,2.074,14.75,4,357.0
W,D,-8.49,1.598,1.5,4,357.0
W,E,-9.286,4.543,3.5,4,357.0
W,F,-2.606,1.734,2.5,4,357.0
W,G,-8.372,1.495,3.5,4,357.0
W,H,-2.862,1.446,3.0,4,357.0
W,I,-6.183,1.672,4.5,4,357.0
W,K,-6.435,0.5056,5.5,4,357.0
W,L,-5.998,1.462,11.0,4,357.0
W,M,-8.212,2.471,4.5,4,357.0
W,N,-7.929,1.636,3.75,4,357.0
W,P,-5.312,3.644,2.5,4,357.0
W,Q,-9.138,2.157,1.5,4,357.0
W,R,-8.184,3.146,7.25,4,357.0
W,S,-9.777,3.819,4.5,4,357.0
W,T,-7.329,1.579,5.5,4,357.0
W,V,-3.978,0.9146,1.5,4,357.0
W,W,0.0,0.0,,4,357.0
W,Y,-4.869,2.911,1.5,4,357.0
S,-,-3.057,0.9334,0.5,2,358.0
S,A,2.163,1.203,1.5,4,358.0
S,C,-3.348,0.8419,6.0,4,358.0
S,D,1.024,1.212,3.0,4,358.0
S,E,0.502,0.7765,4.5,4,358.0
S,F,-0.7085,0.6975,5.0,4,358.0
S,G,2.587,2.113,6.5,4,358.0
S,H,-0.5252,0.3494,8.75,4,358.0
S,I,-0.1645,1.733,7.0,4,358.0
S,K,-0.0726,2.627,4.25,4,358.0
S,L,-1.003,1.242,12.25,4,358.0
S,M,1.783,1.855,3.0,4,358.0
S,N,-2.664,3.045,4.5,4,358.0
S,P,-7.096,0.2291,3.0,2,358.0
S,Q,-0.1645,0.7242,7.75,4,358.0
S,R,-0.6153,1.056,8.75,4,358.0
S,S,0.0,0.0,,4,358.0
S,T,1.019,1.874,3.75,4,358.0
S,V,-0.4378,1.752,5.5,4,358.0
S,W,-1.671,0.8255,3.5,4,358.0
S,Y,-0.4066,1.123,6.0,4,358.0
A,-,-5.489,2.044,1.0,2,359.0
A,A,0.0,0.0,,4,359.0
A,C,-2.501,0.731,8.0,4,359.0
A,D,-8.514,2.61,9.5,4,359.0
A,E,-8.027,1.283,3.25,4,359.0
A,F,-3.476,0.2626,6.25,4,359.0
A,G,-2.411,0.7986,4.5,4,359.0
A,H,-3.907,0.2501,4.75,4,359.0
A,I,-2.186,1.006,4.25,4,359.0
A,K,-6.817,1.367,5.0,4,359.0
A,L,-1.87,1.649,5.75,4,359.0
A,M,-2.151,0.4395,6.0,4,359.0
A,N,-3.469,0.5143,4.5,4,359.0
A,P,1.395,3.743,4.75,4,359.0
A,Q,-4.333,0.6444,5.25,4,359.0
A,R,-7.837,0.4691,7.0,4,359.0
A,S,-0.7775,1.11,10.5,4,359.0
A,T,-0.5684,1.362,7.0,4,359.0
A,V,-1.573,2.753,6.0,4,359.0
A,W,-3.678,0.2083,4.5,4,359.0
A,Y,-3.383,0.617,2.75,4,359.0
S,A,0.0453,1.822,3.5,4,360.0
S,C,-2.542,3.389,3.0,4,360.0
S,D,1.196,1.74,2.0,4,360.0
S,E,0.8475,1.516,3.25,4,360.0
S,F,-1.696,0.9441,4.75,4,360.0
S,G,-0.8535,0.8195,6.5,4,360.0
S,H,-0.5391,2.444,1.5,4,360.0
S,I,-1.386,0.6642,11.5,4,360.0
S,K,1.952,1.846,5.5,4,360.0
S,L,-2.048,2.707,1.0,4,360.0
S,M,-1.517,2.191,2.5,4,360.0
S,N,0.5861,0.8227,8.0,4,360.0
S,P,-8.556,1.776,3.5,4,360.0
S,Q,0.9295,2.185,2.5,4,360.0
S,R,-1.446,0.4395,6.5,4,360.0
S,S,0.0,0.0,,4,360.0
S,T,-2.446,0.793,4.0,4,360.0
S,V,1.228,1.694,5.75,4,360.0
S,W,-0.1713,1.45,3.5,4,360.0
S,Y,0.2616,1.647,4.75,4,360.0
I,-,-0.8447,0.3414,1.25,3,361.0
I,A,-5.683,1.07,4.0,4,361.0
I,C,-3.791,0.7458,7.0,4,361.0
I,D,-8.929,1.042,4.75,4,361.0
I,E,-6.431,0.7365,4.0,4,361.0
I,F,-6.64,1.87,5.0,4,361.0
I,G,-4.41,5.861,4.5,4,361.0
I,H,-8.289,0.8972,7.25,4,361.0
I,I,0.0,0.0,,4,361.0
I,K,-7.582,0.917,6.0,4,361.0
I,L,2.629,6.148,3.0,4,361.0
I,M,-1.279,2.75,6.5,4,361.0
I,N,-7.462,2.682,2.5,4,361.0
I,P,-6.893,1.37,3.0,4,361.0
I,Q,-7.052,1.962,1.5,4,361.0
I,R,-7.195,0.6697,5.5,4,361.0
I,S,-8.456,0.9953,3.0,4,361.0
I,T,-3.744,0.2167,9.5,4,361.0
I,V,-0.07165,2.174,5.25,4,361.0
I,W,-8.567,2.828,2.5,4,361.0
I,Y,-7.3,1.789,4.75,4,361.0
N,-,1.24,1.348,1.25,3,362.0
N,A,1.429,2.898,6.0,4,362.0
N,C,-1.944,0.8552,3.0,4,362.0
N,D,-2.06,1.476,7.0,4,362.0
N,E,-0.6681,1.593,8.0,4,362.0
N,F,-1.24,0.9613,3.25,4,362.0
N,G,-0.9057,0.5968,9.25,4,362.0
N,H,1.35,2.612,2.0,4,362.0
N,I,-2.045,0.3719,2.5,4,362.0
N,K,-0.0399,2.452,8.25,4,362.0
N,L,2.013,4.141,4.25,4,362.0
N,M,0.9373,1.275,2.5,4,362.0
N,N,0.0,0.0,,4,362.0
N,P,-3.335,0.2041,7.0,4,362.0
N,Q,1.81,1.358,5.5,4,362.0
N,R,-1.787,2.522,3.75,4,362.0
N,S,-0.3449,2.804,4.75,4,362.0
N,T,0.6306,1.403,4.25,4,362.0
N,V,1.206,2.299,5.25,4,362.0
N,W,-1.008,1.275,1.5,4,362.0
N,Y,0.676,2.746,1.0,2,362.0
T,-,-1.5,0.5915,1.25,3,363.0
T,A,-2.611,0.8057,3.5,4,363.0
T,C,0.8663,2.615,6.5,4,363.0
T,D,-7.517,4.442,2.5,4,363.0
T,E,-6.595,1.746,5.75,4,363.0
T,F,-4.604,0.8026,3.0,4,363.0
T,G,0.7891,1.906,2.75,4,363.0
T,H,-4.918,0.7429,3.75,4,363.0
T,I,-4.338,0.5632,11.0,4,363.0
T,K,-7.198,0.8553,7.0,4,363.0
T,L,-4.845,1.188,3.0,4,363.0
T,M,-1.726,1.651,3.0,4,363.0
T,N,-2.676,0.749,8.25,4,363.0
T,P,-3.077,0.9749,3.0,4,363.0
T,Q,-2.938,0.5351,4.5,4,363.0
T,R,-1.514,3.359,2.0,4,363.0
T,S,-0.4619,1.993,5.25,4,363.0
T,T,0.0,0.0,,4,363.0
T,V,-3.305,0.4151,4.0,4,363.0
T,W,-7.805,1.604,6.0,4,363.0
T,Y,-3.106,1.902,1.0,4,363.0
G,-,-0.8,2.425,1.75,4,364.0
G,A,-4.396,0.3804,6.75,4,364.0
G,C,-8.71,0.8606,12.5,4,364.0
G,D,-5.213,0.9325,10.75,4,364.0
G,E,-5.407,1.068,3.5,4,364.0
G,F,-5.879,0.7348,6.0,4,364.0
G,G,0.0,0.0,,4,364.0
G,H,-4.956,0.9834,4.5,4,364.0
G,I,-5.946,1.704,3.5,4,364.0
G,K,-5.364,0.5369,6.0,4,364.0
G,L,-4.481,1.423,6.5,4,364.0
G,M,-6.41,0.6457,7.0,4,364.0
G,N,-4.296,0.4733,7.5,4,364.0
G,P,-8.743,1.261,3.5,4,364.0
G,Q,-3.974,2.976,2.5,4,364.0
G,R,-6.7,1.705,4.0,4,364.0
G,S,-8.892,1.846,6.5,4,364.0
G,T,-7.987,1.375,7.25,4,364.0
G,V,-6.889,1.522,6.0,4,364.0
G,W,-7.794,1.458,1.25,4,364.0
G,Y,-4.635,1.222,4.0,4,364.0
N,-,-2.036,1.485,1.75,4,365.0
N,A,-0.4178,1.148,6.75,4,365.0
N,C,-3.788,3.1,3.0,4,365.0
N,D,0.5628,0.9606,6.75,4,365.0
N,E,0.3277,1.525,3.75,4,365.0
N,F,-3.479,1.124,2.0,2,365.0
N,G,-1.22,1.656,7.5,4,365.0
N,H,-3.003,0.8493,7.75,4,365.0
N,I,-0.3708,1.743,2.0,4,365.0
N,K,-1.419,1.33,4.5,4,365.0
N,L,-2.464,0.9987,5.25,4,365.0
N,M,-1.523,1.959,2.5,4,365.0
N,N,0.0,0.0,,4,365.0
N,P,-2.086,2.177,5.0,4,365.0
N,Q,-0.1593,0.5226,9.25,4,365.0
N,R,-0.9586,1.69,3.0,4,365.0
N,S,-0.9508,2.4,8.25,4,365.0
N,T,-0.7749,1.133,5.75,4,365.0
N,V,-1.139,1.269,5.0,4,365.0
N,W,-3.587,0.2591,3.5,4,365.0
N,Y,-2.305,1.138,2.5,4,365.0
C,*,-6.017,0.8803,1.0,2,366.0
C,-,-0.3587,0.2773,1.25,3,366.0
C,A,-7.947,2.148,5.25,4,366.0
C,C,0.0,0.0,,4,366.0
C,D,-9.003,1.72,2.25,4,366.0
C,E,-7.755,0.9685,6.0,4,366.0
C,F,-9.613,2.46,13.5,4,366.0
C,G,-8.967,2.614,2.5,4,366.0
C,H,-7.653,1.567,4.75,4,366.0
C,I,-8.767,1.727,10.5,4,366.0
C,K,-7.646,2.393,8.5,4,366.0
C,L,-8.028,0.8041,5.25,4,366.0
C,M,-7.204,2.28,3.0,4,366.0
C,N,-9.578,2.227,6.25,4,366.0
C,P,-9.454,1.947,3.75,4,366.0
C,Q,-7.444,1.755,5.0,4,366.0
C,R,-7.878,1.819,3.5,4,366.0
C,S,-7.528,0.7671,3.5,4,366.0
C,T,-7.391,1.892,8.75,4,366.0
C,V,-9.084,2.712,12.25,4,366.0
C,W,-8.442,0.5133,5.25,4,366.0
C,Y,-9.649,3.641,11.0,4,366.0
P,-,0.003123,0.5157,1.25,3,367.0
P,A,-1.092,1.4,2.5,4,367.0
P,C,-7.034,0.9925,4.0,4,367.0
P,D,-2.377,1.452,6.5,4,367.0
P,E,0.9628,2.775,6.0,4,367.0
P,F,-3.628,0.799,2.0,2,367.0
P,G,-0.6205,1.236,2.0,4,367.0
P,H,-1.208,1.196,12.75,4,367.0
P,I,-2.327,0.4282,7.5,4,367.0
P,K,-2.78,0.6216,7.0,4,367.0
P,L,-1.641,0.6222,6.75,4,367.0
P,M,-2.05,0.4566,3.25,4,367.0
P,N,-4.043,0.8094,4.5,4,367.0
P,P,0.0,0.0,,4,367.0
P,Q,-1.365,0.3685,6.75,4,367.0
P,R,-1.813,1.083,3.0,4,367.0
P,S,-3.18,1.565,5.75,4,367.0
P,T,-2.986,0.2697,11.0,4,367.0
P,V,-2.403,0.1131,1.75,2,367.0
P,W,-1.713,2.107,1.0,4,367.0
P,Y,-3.029,0.7958,4.5,4,367.0
F,-,-0.4175,0.7145,1.25,3,368.0
F,A,-6.94,2.129,5.0,4,368.0
F,C,-7.619,2.698,7.5,4,368.0
F,D,-6.19,1.236,3.5,4,368.0
F,E,-9.907,1.584,7.5,4,368.0
F,F,0.0,0.0,,4,368.0
F,G,-8.49,0.5314,2.5,4,368.0
F,H,-8.632,0.777,4.75,4,368.0
F,I,-2.604,1.983,4.5,4,368.0
F,K,-7.648,3.669,3.5,4,368.0
F,L,-5.421,1.166,5.0,4,368.0
F,M,-1.7,1.137,8.0,4,368.0
F,N,-7.816,2.113,6.0,4,368.0
F,P,-6.826,1.239,3.5,4,368.0
F,Q,-6.855,2.007,2.0,4,368.0
F,R,-8.279,2.401,7.5,4,368.0
F,S,-6.624,1.713,1.75,4,368.0
F,T,-3.623,2.472,2.0,4,368.0
F,V,-2.721,0.3123,3.5,4,368.0
F,W,-6.531,2.873,4.0,4,368.0
F,Y,-3.134,0.4344,4.75,4,368.0
S,-,-1.414,2.212,1.0,2,369.0
S,A,-0.435,1.376,4.0,4,369.0
S,C,-3.623,0.5949,8.5,4,369.0
S,D,-3.556,3.695,2.0,4,369.0
S,E,-3.832,0.8521,5.0,4,369.0
S,F,-7.203,0.5341,4.0,4,369.0
S,G,-3.569,0.7745,10.0,4,369.0
S,H,-2.811,0.3298,4.0,4,369.0
S,I,-6.358,0.9195,10.0,4,369.0
S,K,-5.186,2.035,3.0,4,369.0
S,L,-4.36,2.633,4.75,4,369.0
S,M,-2.797,0.3344,5.5,4,369.0
S,N,-2.613,0.752,10.75,4,369.0
S,P,-3.997,0.8385,7.0,4,369.0
S,Q,-1.859,0.14,0.5,2,369.0
S,R,-5.442,1.197,6.75,4,369.0
S,S,0.0,0.0,,4,369.0
S,T,1.234,1.452,5.0,4,369.0
S,V,-3.729,0.4647,5.25,4,369.0
S,W,-7.856,2.583,3.0,4,369.0
S,Y,-5.755,1.134,5.0,4,369.0
F,-,-1.294,0.3394,1.0,2,370.0
F,A,-7.37,1.724,4.0,4,370.0
F,C,-8.068,0.752,4.25,4,370.0
F,D,-7.047,1.244,4.5,4,370.0
F,E,-7.912,4.897,3.0,4,370.0
F,F,0.0,0.0,,4,370.0
F,G,-7.311,1.311,3.0,4,370.0
F,H,-7.337,1.492,4.0,4,370.0
F,I,-7.37,1.597,6.25,4,370.0
F,K,-8.617,1.322,3.0,4,370.0
F,L,-3.301,0.6965,9.75,4,370.0
F,M,-2.905,0.8845,3.5,4,370.0
F,N,-7.505,3.18,4.5,4,370.0
F,P,-7.47,1.287,6.0,4,370.0
F,Q,-7.425,0.9581,3.0,4,370.0
F,R,-8.041,1.329,3.5,4,370.0
F,S,-8.361,2.04,5.25,4,370.0
F,T,-7.394,6.234,2.5,4,370.0
F,V,-8.433,2.94,4.75,4,370.0
F,W,0.3278,1.16,3.5,4,370.0
F,Y,6.389,3.211,5.25,4,370.0
G,-,-0.6848,1.592,1.5,4,371.0
G,A,1.303,1.22,8.0,4,371.0
G,C,-0.9101,0.5719,17.75,4,371.0
G,D,-0.103,3.78,3.5,4,371.0
G,E,-0.6274,1.95,3.0,4,371.0
G,F,-1.726,1.083,3.25,4,371.0
G,G,0.0,0.0,,4,371.0
G,H,-2.924,2.658,4.0,4,371.0
G,I,-0.67,4.128,8.5,4,371.0
G,K,0.6698,0.4559,2.0,2,371.0
G,L,2.237,3.462,6.0,4,371.0
G,M,0.5865,2.705,3.5,4,371.0
G,N,0.123,1.378,1.5,4,371.0
G,P,0.8498,1.867,5.75,4,371.0
G,Q,-0.7742,1.793,5.25,4,371.0
G,R,-0.4326,2.135,7.0,4,371.0
G,S,1.638,2.076,9.0,4,371.0
G,T,0.5837,1.329,7.5,4,371.0
G,V,-1.368,1.324,9.5,4,371.0
G,W,-3.284,0.649,3.5,4,371.0
G,Y,-0.8241,0.9525,3.0,4,371.0
K,-,-1.335,1.526,2.0,4,372.0
K,A,-7.687,2.314,3.5,4,372.0
K,C,-4.421,1.195,6.0,4,372.0
K,D,-7.757,1.495,7.25,4,372.0
K,E,-6.561,0.8828,6.5,4,372.0
K,F,-7.082,0.4652,8.5,4,372.0
K,G,-3.24,0.3438,2.5,4,372.0
K,H,-3.606,1.161,2.0,4,372.0
K,I,-7.806,0.8298,3.75,4,372.0
K,K,0.0,0.0,,4,372.0
K,L,-1.858,0.7897,3.5,4,372.0
K,M,-4.121,0.2753,5.25,4,372.0
K,N,-8.288,1.553,11.5,4,372.0
K,P,-3.846,0.3527,4.0,4,372.0
K,Q,-6.708,1.818,2.75,2,372.0
K,R,2.417,0.9335,6.0,4,372.0
K,S,-7.56,0.09051,2.5,2,372.0
K,T,-7.216,3.505,6.5,4,372.0
K,V,-7.534,0.915,4.5,4,372.0
K,W,-7.274,0.9791,4.75,4,372.0
K,Y,-9.003,2.033,2.5,4,372.0
V,-,-0.8151,0.6696,2.5,4,373.0
V,A,0.671,1.24,9.75,4,373.0
V,C,-1.292,0.6646,6.75,4,373.0
V,D,-8.158,1.348,5.5,4,373.0
V,E,-9.09,2.776,5.75,4,373.0
V,F,-3.071,0.5344,4.5,4,373.0
V,G,-5.906,0.8497,4.5,4,373.0
V,H,-6.544,3.451,2.0,4,373.0
V,I,-0.5708,1.295,4.0,4,373.0
V,K,-4.526,2.964,3.0,4,373.0
V,L,-0.5772,1.094,8.25,4,373.0
V,M,0.9787,1.644,6.5,4,373.0
V,N,-6.664,2.062,4.75,4,373.0
V,P,-8.22,2.139,5.0,4,373.0
V,Q,-2.873,0.9649,5.0,4,373.0
V,R,-7.053,1.965,4.5,4,373.0
V,S,-0.3852,1.808,4.0,4,373.0
V,T,-2.363,2.581,3.0,4,373.0
V,V,0.0,0.0,,4,373.0
V,W,-6.614,0.9875,5.75,4,373.0
V,Y,-6.459,0.7107,7.0,4,373.0
N,-,-0.9227,1.347,2.0,4,374.0
N,A,-2.134,3.069,6.75,4,374.0
N,C,-2.416,1.478,3.5,4,374.0
N,D,-3.742,0.4024,7.0,4,374.0
N,E,-3.625,0.4119,5.0,4,374.0
N,F,-6.219,1.341,6.75,4,374.0
N,G,0.1145,2.267,6.0,4,374.0
N,H,-3.708,0.3657,5.75,4,374.0
N,I,1.519,1.811,4.0,4,374.0
N,K,-2.236,0.2766,9.0,4,374.0
N,L,-4.261,1.137,5.0,4,374.0
N,M,-5.727,1.303,6.5,4,374.0
N,N,0.0,0.0,,4,374.0
N,P,-5.244,0.3775,6.5,4,374.0
N,Q,-1.775,0.7405,6.0,4,374.0
N,R,-2.455,0.4295,5.25,4,374.0
N,S,-0.6458,0.9103,6.75,4,374.0
N,T,-0.9268,2.072,2.5,4,374.0
N,V,0.941,3.147,2.5,4,374.0
N,W,-7.838,1.397,4.5,4,374.0
N,Y,-7.335,3.661,4.0,4,374.0
N,-,-0.6699,2.119,1.5,4,375.0
N,A,-3.835,1.153,3.75,4,375.0
N,C,-6.293,1.125,2.5,4,375.0
N,D,-6.132,2.027,4.25,4,375.0
N,E,-8.079,3.874,4.25,4,375.0
N,F,-2.811,0.1358,1.0,2,375.0
N,G,-2.748,4.713,0.75,2,375.0
N,H,-3.907,0.2328,8.0,4,375.0
N,I,-5.39,0.6006,6.75,4,375.0
N,K,-6.295,1.497,5.5,4,375.0
N,L,-6.393,0.8061,4.0,4,375.0
N,M,-4.033,0.1853,5.5,4,375.0
N,N,0.0,0.0,,4,375.0
N,P,-8.128,1.724,4.25,4,375.0
N,Q,-3.819,1.093,2.75,4,375.0
N,R,-5.486,1.117,3.5,4,375.0
N,S,-1.69,1.082,3.5,4,375.0
N,T,-3.418,0.2462,6.0,4,375.0
N,V,-5.739,0.2834,8.25,4,375.0
N,W,-1.97,0.3707,4.75,4,375.0
N,Y,-3.79,2.081,8.5,4,375.0
F,-,-0.7203,2.318,1.5,4,376.0
F,A,-3.725,2.004,5.5,4,376.0
F,C,-4.636,1.589,4.5,4,376.0
F,D,-8.908,1.254,6.0,4,376.0
F,E,-7.912,1.355,2.0,4,376.0
F,F,0.0,0.0,,4,376.0
F,G,-3.343,2.468,2.0,4,376.0
F,H,-1.557,1.681,4.5,4,376.0
F,I,-3.343,1.222,4.0,4,376.0
F,K,-5.623,0.8687,5.0,4,376.0
F,L,-1.938,0.6851,13.25,4,376.0
F,M,1.557,1.689,6.5,4,376.0
F,N,-3.669,0.5635,4.25,4,376.0
F,P,-8.552,2.551,6.0,4,376.0
F,Q,-6.143,2.028,1.75,4,376.0
F,R,-2.864,0.6785,2.5,4,376.0
F,S,-8.09,2.421,7.0,4,376.0
F,T,-7.736,2.011,5.0,4,376.0
F,V,-3.789,1.185,2.5,4,376.0
F,W,1.054,2.113,2.5,4,376.0
F,Y,1.622,4.231,3.75,4,376.0
V,-,-0.4968,3.793,1.5,4,377.0
V,A,-1.904,1.407,4.5,4,377.0
V,C,-1.175,0.6182,3.25,4,377.0
V,D,-7.557,0.9569,4.0,4,377.0
V,E,-6.271,0.5488,6.0,4,377.0
V,F,-6.447,1.973,3.75,4,377.0
V,G,-3.407,0.5862,8.5,4,377.0
V,H,-3.806,0.5812,3.75,4,377.0
V,I,-0.6169,1.212,5.5,4,377.0
V,K,-8.742,2.772,3.5,4,377.0
V,L,-1.575,0.5376,8.0,4,377.0
V,M,-5.01,3.767,6.0,4,377.0
V,N,-3.484,1.676,1.0,2,377.0
V,P,-9.072,4.212,1.5,2,377.0
V,Q,-0.7522,2.012,4.5,4,377.0
V,R,-5.386,2.121,3.0,4,377.0
V,S,-4.897,0.3984,4.75,4,377.0
V,T,-8.385,0.9118,4.0,4,377.0
V,V,0.0,0.0,,4,377.0
V,W,-2.304,1.404,4.0,4,377.0
V,Y,-4.429,0.9412,7.0,4,377.0
K,-,0.08225,0.959,1.0,4,378.0
K,A,-2.344,0.4273,5.0,4,378.0
K,C,-8.928,0.8805,5.25,4,378.0
K,D,-5.031,1.759,4.5,4,378.0
K,E,-4.401,1.115,7.0,4,378.0
K,F,-4.122,0.7805,2.5,4,378.0
K,G,-2.98,0.7666,4.0,4,378.0
K,H,-1.672,2.717,3.5,4,378.0
K,I,-3.343,1.302,4.0,4,378.0
K,K,0.0,0.0,,4,378.0
K,L,-1.82,2.581,5.0,4,378.0
K,M,-2.938,0.3177,3.5,4,378.0
K,N,-2.676,0.4939,11.0,4,378.0
K,P,-2.085,1.318,6.25,4,378.0
K,Q,-1.666,2.173,6.0,4,378.0
K,R,-1.701,1.203,9.0,4,378.0
K,S,-2.129,0.4115,1.25,2,378.0
K,T,-0.5187,2.306,4.5,4,378.0
K,V,-6.663,5.974,4.5,4,378.0
K,W,-5.034,1.902,3.0,4,378.0
K,Y,3.062,3.449,3.5,4,378.0
F,-,-1.357,1.023,1.0,4,379.0
F,A,-6.015,2.004,2.5,4,379.0
F,C,-8.185,0.8042,4.0,4,379.0
F,D,-5.931,1.073,3.75,4,379.0
F,E,-7.614,0.647,3.75,4,379.0
F,F,0.0,0.0,,4,379.0
F,G,-7.75,3.845,1.25,3,379.0
F,H,-8.734,1.496,6.5,4,379.0
F,I,-2.719,3.512,5.5,4,379.0
F,K,-8.542,1.184,6.5,4,379.0
F,L,-0.471,0.7454,9.5,4,379.0
F,M,-1.502,0.6819,6.5,4,379.0
F,N,-7.438,1.09,3.5,4,379.0
F,P,-8.038,1.413,5.5,4,379.0
F,Q,-9.316,2.079,5.75,4,379.0
F,R,-7.531,0.8433,3.5,4,379.0
F,S,-7.596,7.334,5.0,4,379.0
F,T,-7.636,1.357,3.5,4,379.0
F,V,-2.926,1.428,4.25,4,379.0
F,W,-1.589,2.795,4.25,4,379.0
F,Y,-3.116,0.7991,6.0,4,379.0
G,-,0.374,1.224,1.0,4,380.0
G,A,0.113,2.006,5.0,4,380.0
G,C,-3.648,0.1852,15.5,4,380.0
G,D,0.2496,5.17,10.0,4,380.0
G,E,-1.033,1.033,5.75,4,380.0
G,F,2.408,2.166,5.0,4,380.0
G,G,0.0,0.0,,4,380.0
G,H,-1.217,0.3217,6.0,4,380.0
G,I,-5.907,1.431,4.5,4,380.0
G,K,-1.152,2.091,6.75,4,380.0
G,L,-2.071,1.551,6.0,4,380.0
G,M,-0.1878,2.125,5.25,4,380.0
G,N,0.01535,1.549,4.0,4,380.0
G,P,-8.104,2.139,6.5,4,380.0
G,Q,-0.3293,1.361,4.5,4,380.0
G,R,-0.9515,1.405,3.0,4,380.0
G,S,0.6171,1.168,7.75,4,380.0
G,T,-1.001,0.4519,6.5,4,380.0
G,V,-4.46,1.025,7.0,4,380.0
G,W,-2.268,1.642,1.25,4,380.0
G,Y,-1.164,0.7437,4.0,4,380.0
S,-,0.4177,1.857,1.0,4,381.0
S,A,-1.193,1.417,5.0,4,381.0
S,C,-2.826,5.067,2.75,4,381.0
S,D,-2.005,1.191,4.5,2,381.0
S,E,0.00355,0.6124,9.25,4,381.0
S,F,-0.7232,2.364,3.0,4,381.0
S,G,3.442,2.913,1.75,2,381.0
S,H,1.676,2.039,5.25,4,381.0
S,I,-1.965,0.2461,10.5,4,381.0
S,K,-0.674,2.841,2.0,4,381.0
S,L,-2.471,1.392,5.5,4,381.0
S,M,-1.431,1.315,4.0,4,381.0
S,N,-1.532,0.7645,10.25,4,381.0
S,P,-7.553,1.562,5.0,4,381.0
S,Q,1.406,3.138,4.0,4,381.0
S,R,-0.7829,1.344,9.0,4,381.0
S,S,0.0,0.0,,4,381.0
S,T,0.6263,2.596,6.75,4,381.0
S,V,0.0105,3.393,3.5,4,381.0
S,W,0.5471,1.721,5.75,4,381.0
S,Y,-1.891,2.424,8.75,4,381.0
V,-,-0.62,2.092,0.5,2,382.0
V,A,-1.497,1.837,6.0,4,382.0
V,C,-1.039,1.584,2.75,4,382.0
V,D,-7.865,1.197,5.0,4,382.0
V,E,-8.613,0.8148,4.0,4,382.0
V,F,-2.51,1.184,12.75,4,382.0
V,G,-6.773,1.258,4.25,4,382.0
V,H,-7.234,0.2944,3.25,3,382.0
V,I,3.408,1.717,7.75,4,382.0
V,K,-7.821,1.957,5.5,4,382.0
V,L,2.024,1.765,4.5,4,382.0
V,M,-0.9408,1.096,6.0,4,382.0
V,N,-7.628,1.174,3.0,4,382.0
V,P,-7.194,1.663,5.0,4,382.0
V,Q,-7.969,1.577,6.5,4,382.0
V,R,-6.997,0.01131,0.5,2,382.0
V,S,-6.086,1.819,4.75,4,382.0
V,T,-2.269,0.358,7.0,4,382.0
V,V,0.0,0.0,,4,382.0
V,W,-7.371,3.193,5.0,4,382.0
V,Y,-6.437,0.6923,5.75,4,382.0
C,-,-2.446,0.1294,0.5,2,383.0
C,A,-4.761,3.903,4.5,4,383.0
C,C,0.0,0.0,,4,383.0
C,D,-10.28,2.25,6.0,4,383.0
C,E,-6.607,2.537,3.0,4,383.0
C,F,-9.06,1.781,12.0,4,383.0
C,G,-7.79,1.357,4.5,4,383.0
C,H,-8.794,1.583,4.0,4,383.0
C,I,-7.378,1.93,9.5,4,383.0
C,K,-8.465,0.625,5.5,4,383.0
C,L,-7.917,0.6079,6.0,4,383.0
C,M,-7.345,0.5647,4.25,4,383.0
C,N,-8.517,1.183,1.5,2,383.0
C,P,-9.566,1.258,4.5,4,383.0
C,Q,-6.957,3.762,4.5,4,383.0
C,R,-8.572,3.808,11.25,4,383.0
C,S,-5.253,3.117,4.0,4,383.0
C,T,-7.296,1.187,6.25,4,383.0
C,V,-10.59,1.485,2.75,4,383.0
C,W,-8.607,1.525,3.0,4,383.0
C,Y,-8.206,2.323,10.75,4,383.0
F,-,-0.4795,1.097,0.5,2,384.0
F,A,-6.531,0.5545,5.0,4,384.0
F,C,-7.547,0.967,3.5,4,384.0
F,D,-7.569,3.702,4.5,4,384.0
F,E,-8.21,1.057,2.0,4,384.0
F,F,0.0,0.0,,4,384.0
F,G,-10.68,1.035,9.5,4,384.0
F,H,-7.615,0.8646,5.0,4,384.0
F,I,-5.752,0.6534,5.75,4,384.0
F,K,-7.72,0.8799,5.5,4,384.0
F,L,-2.519,0.4276,12.25,4,384.0
F,M,-0.8678,1.65,4.5,4,384.0
F,N,-7.494,0.9662,5.75,4,384.0
F,P,-9.081,1.42,7.75,4,384.0
F,Q,-8.628,1.627,1.0,2,384.0
F,R,-6.992,1.349,6.0,4,384.0
F,S,-6.828,1.268,3.25,4,384.0
F,T,-7.891,0.6837,3.25,4,384.0
F,V,-1.184,1.712,2.5,4,384.0
F,W,-0.4426,1.202,4.0,4,384.0
F,Y,-1.062,1.019,3.5,4,384.0
S,-,-2.297,3.023,1.0,4,385.0
S,A,-0.2273,1.345,5.0,4,385.0
S,C,-4.53,0.8816,6.25,4,385.0
S,D,0.1095,1.833,4.0,4,385.0
S,E,-8.319,0.4763,6.5,4,385.0
S,F,-3.172,4.443,2.5,4,385.0
S,G,0.8785,3.459,5.5,4,385.0
S,H,-2.904,1.258,7.0,4,385.0
S,I,-7.848,1.192,8.75,4,385.0
S,K,-8.628,1.215,3.5,2,385.0
S,L,-8.163,0.5849,7.5,4,385.0
S,M,-8.431,1.478,3.5,4,385.0
S,N,-2.861,0.8368,8.25,4,385.0
S,P,-7.894,0.1612,3.0,2,385.0
S,Q,-4.593,1.488,4.5,4,385.0
S,R,-7.078,1.807,7.25,4,385.0
S,S,0.0,0.0,,4,385.0
S,T,-1.35,1.226,6.5,4,385.0
S,V,-6.894,2.275,6.0,4,385.0
S,W,-6.813,0.316,3.0,4,385.0
S,Y,-9.541,2.441,7.0,4,385.0
L,-,0.08499,3.033,1.0,4,386.0
L,A,-2.971,0.7211,4.75,4,386.0
L,C,-5.808,0.7415,8.0,4,386.0
L,D,-7.643,0.9528,5.75,4,386.0
L,E,0.3589,2.193,4.5,4,386.0
L,F,-3.03,0.7007,2.75,2,386.0
L,G,-6.272,1.843,3.5,4,386.0
L,H,-4.429,1.821,4.5,4,386.0
L,I,-1.335,2.44,2.75,4,386.0
L,K,2.755,1.935,2.75,4,386.0
L,L,0.0,0.0,,4,386.0
L,M,0.03003,2.067,6.5,4,386.0
L,N,-3.41,1.955,3.75,4,386.0
L,P,0.3968,1.154,9.75,4,386.0
L,Q,-1.276,1.919,8.25,4,386.0
L,R,-3.133,0.5842,3.75,4,386.0
L,S,-3.716,0.6993,3.5,4,386.0
L,T,2.24,2.412,3.5,4,386.0
L,V,-0.7902,1.106,3.0,4,386.0
L,W,-10.34,0.0495,3.75,2,386.0
L,Y,-4.191,0.4333,4.25,4,386.0
K,-,-1.624,2.336,2.0,4,387.0
K,A,1.682,1.827,5.25,4,387.0
K,C,-2.631,1.754,2.0,4,387.0
K,D,3.131,3.186,3.5,4,387.0
K,E,-0.3143,3.245,5.25,4,387.0
K,F,-0.6905,0.8294,5.5,4,387.0
K,G,0.8932,1.881,3.5,4,387.0
K,H,1.23,1.518,7.5,4,387.0
K,I,-0.2048,0.6208,2.25,2,387.0
K,K,0.0,0.0,,4,387.0
K,L,4.958,2.591,7.0,4,387.0
K,M,-1.404,0.4282,3.5,4,387.0
K,N,-0.5375,1.156,13.0,4,387.0
K,P,-8.177,1.152,4.0,4,387.0
K,Q,1.931,1.533,3.25,4,387.0
K,R,0.4036,0.7878,3.0,4,387.0
K,S,-0.186,2.734,3.0,4,387.0
K,T,-0.8212,2.453,2.25,4,387.0
K,V,0.9729,2.555,5.25,4,387.0
K,W,-1.355,0.6603,2.5,4,387.0
K,Y,1.216,3.592,3.0,4,387.0
D,-,-0.8993,2.868,2.0,4,388.0
D,A,-1.933,0.9266,8.75,4,388.0
D,C,-2.462,0.611,2.0,4,388.0
D,D,0.0,0.0,,4,388.0
D,E,-2.047,1.868,5.25,4,388.0
D,F,-0.8015,1.702,7.25,4,388.0
D,G,-1.584,1.389,4.5,4,388.0
D,H,0.0912,1.06,4.5,4,388.0
D,I,0.1435,4.694,1.0,2,388.0
D,K,-2.51,2.107,5.0,4,388.0
D,L,-0.00895,1.413,3.0,4,388.0
D,M,-1.509,0.8132,4.0,4,388.0
D,N,-0.8954,1.245,20.5,4,388.0
D,P,-0.6309,1.158,9.75,4,388.0
D,Q,1.077,2.174,5.0,4,388.0
D,R,-2.652,4.35,4.75,4,388.0
D,S,1.422,3.632,6.5,4,388.0
D,T,-0.2142,0.04483,2.5,2,388.0
D,V,-0.2015,1.273,4.0,4,388.0
D,W,0.1282,1.417,3.5,4,388.0
D,Y,-1.327,0.9046,8.0,4,388.0
I,-,-1.778,2.096,2.0,4,389.0
I,A,-0.9873,1.309,3.5,4,389.0
I,C,-3.58,0.2943,5.25,4,389.0
I,D,-1.554,0.4205,9.0,4,389.0
I,E,0.0414,1.593,1.5,4,389.0
I,F,-0.3361,0.6594,7.0,4,389.0
I,G,-1.302,1.084,6.25,4,389.0
I,H,-2.135,2.127,4.0,4,389.0
I,I,0.0,0.0,,4,389.0
I,K,-1.577,0.4735,6.5,4,389.0
I,L,3.394,1.78,4.0,4,389.0
I,M,3.177,5.743,3.75,4,389.0
I,N,-0.9685,2.895,7.0,4,389.0
I,P,-3.555,0.3944,8.0,4,389.0
I,Q,-0.5368,1.616,3.25,3,389.0
I,R,-1.849,1.161,2.5,4,389.0
I,S,-2.959,1.978,3.5,4,389.0
I,T,-0.6119,1.22,7.5,4,389.0
I,V,0.5345,1.282,4.0,4,389.0
I,W,-2.292,0.4583,6.5,4,389.0
I,Y,-0.7531,1.495,3.75,4,389.0
P,-,0.3297,1.232,1.5,4,390.0
P,A,0.624,1.249,4.5,2,390.0
P,C,-2.94,0.6892,7.75,4,390.0
P,D,-0.4349,1.295,5.5,4,390.0
P,E,-3.199,0.2448,1.5,4,390.0
P,F,-0.0902,2.458,3.5,4,390.0
P,G,3.394,0.6741,4.0,4,390.0
P,H,-1.112,0.8919,18.0,4,390.0
P,I,-0.3599,1.003,6.0,4,390.0
P,K,-0.8902,1.765,2.5,4,390.0
P,L,3.53,2.764,9.5,4,390.0
P,M,-3.301,1.148,1.5,4,390.0
P,N,-1.666,1.501,7.0,4,390.0
P,P,0.0,0.0,,4,390.0
P,Q,1.049,0.0198,4.0,2,390.0
P,R,-2.172,0.4859,4.5,4,390.0
P,S,-1.02,1.206,7.5,4,390.0
P,T,-0.0986,1.11,12.5,4,390.0
P,V,-0.6936,0.7747,6.0,4,390.0
P,W,-7.809,1.017,1.0,2,390.0
P,Y,-0.2495,1.432,2.0,4,390.0
G,-,1.319,1.386,1.5,4,391.0
G,A,-2.561,3.084,4.5,4,391.0
G,C,-2.438,0.4613,21.25,4,391.0
G,D,-2.925,1.074,5.25,4,391.0
G,E,-2.325,0.5959,2.25,4,391.0
G,F,0.4645,2.028,3.0,4,391.0
G,G,0.0,0.0,,4,391.0
G,H,1.355,1.5,6.25,4,391.0
G,I,-0.4073,2.3,5.0,4,391.0
G,K,-4.021,1.073,3.0,4,391.0
G,L,-2.171,0.6329,2.0,4,391.0
G,M,-2.474,1.086,7.0,4,391.0
G,N,-1.706,1.654,5.0,4,391.0
G,P,-3.195,0.3953,3.5,4,391.0
G,Q,-2.76,0.4074,2.5,4,391.0
G,R,0.3626,2.686,1.5,4,391.0
G,S,0.0115,1.703,11.0,4,391.0
G,T,1.134,1.668,4.0,4,391.0
G,V,-1.399,1.128,7.5,4,391.0
G,W,-3.002,0.9813,4.5,4,391.0
G,Y,0.5187,2.716,5.5,4,391.0
G,*,-8.499,3.673,13.0,4,392.0
G,-,-0.5194,1.04,1.5,4,392.0
G,A,-0.9038,1.37,9.0,4,392.0
G,C,-0.6892,1.876,5.25,4,392.0
G,D,-2.179,0.8649,5.5,4,392.0
G,E,-7.182,1.604,13.5,4,392.0
G,F,-0.4103,2.29,6.25,4,392.0
G,G,0.0,0.0,,4,392.0
G,H,-3.062,0.8738,2.25,4,392.0
G,I,-7.358,4.288,5.0,4,392.0
G,K,-1.937,1.057,4.0,4,392.0
G,L,-5.495,0.4377,6.5,4,392.0
G,M,-4.155,0.8239,4.0,4,392.0
G,N,-1.982,2.584,3.5,4,392.0
G,P,-8.861,2.072,3.5,4,392.0
G,Q,-1.786,0.6934,5.0,4,392.0
G,R,-2.402,0.6109,12.75,4,392.0
G,S,3.289,3.537,2.0,4,392.0
G,T,-1.333,1.358,9.0,4,392.0
G,V,-3.399,0.3637,11.5,4,392.0
G,W,-1.912,0.6106,2.5,4,392.0
G,Y,-1.486,0.4979,5.0,4,392.0
C,*,-8.119,1.076,2.5,4,393.0
C,-,-0.2115,1.239,1.5,4,393.0
C,A,-7.476,2.965,4.5,4,393.0
C,C,0.0,0.0,,4,393.0
C,D,-7.829,0.7641,15.0,4,393.0
C,E,-7.283,1.139,3.0,4,393.0
C,F,-7.746,1.689,5.5,4,393.0
C,G,-8.057,0.4962,6.25,4,393.0
C,H,-8.45,0.3109,5.5,4,393.0
C,I,-7.722,0.8384,4.0,4,393.0
C,K,-8.429,1.81,2.0,4,393.0
C,L,-7.744,0.828,3.0,4,393.0
C,M,-8.837,1.001,5.75,4,393.0
C,N,-6.038,2.736,3.0,4,393.0
C,P,-8.362,1.493,4.0,4,393.0
C,Q,-7.875,1.0,5.0,4,393.0
C,R,-5.038,3.478,2.0,4,393.0
C,S,-7.596,2.137,8.5,4,393.0
C,T,-8.14,0.7773,3.25,4,393.0
C,V,-7.934,1.534,5.0,4,393.0
C,W,-3.315,4.604,3.5,4,393.0
C,Y,-8.882,1.184,7.25,4,393.0
A,-,-0.578,0.8584,1.5,4,394.0
A,A,0.0,0.0,,4,394.0
A,C,-0.09705,1.908,7.25,4,394.0
A,D,0.6047,2.116,5.5,4,394.0
A,E,-0.6976,2.324,2.75,4,394.0
A,F,0.7274,2.254,8.0,4,394.0
A,G,-0.186,3.473,4.0,4,394.0
A,H,-1.137,0.3695,2.5,4,394.0
A,I,0.4724,0.7059,8.5,4,394.0
A,K,-1.984,0.6285,2.5,4,394.0
A,L,-1.027,0.7534,3.0,4,394.0
A,M,-1.887,0.6686,2.0,4,394.0
A,N,1.708,2.947,6.0,4,394.0
A,P,-3.583,0.3548,6.0,4,394.0
A,Q,-0.5779,1.91,2.75,4,394.0
A,R,-1.245,0.5478,7.25,4,394.0
A,S,-0.3422,2.84,7.5,4,394.0
A,T,-0.0028,0.7285,24.75,4,394.0
A,V,-0.1161,0.8125,13.5,4,394.0
A,W,1.055,1.371,2.25,4,394.0
A,Y,-1.353,0.4413,6.0,4,394.0
M,-,-0.119,0.8707,1.5,4,395.0
M,A,-5.206,0.6591,4.5,4,395.0
M,C,-8.102,1.856,4.0,4,395.0
M,D,-8.409,1.816,4.0,4,395.0
M,E,-4.735,6.395,4.5,4,395.0
M,F,-1.977,1.065,7.0,4,395.0
M,G,-7.26,1.605,7.5,4,395.0
M,H,-2.178,0.4393,6.5,4,395.0
M,I,-9.185,2.203,17.75,4,395.0
M,K,-7.351,0.8947,3.75,4,395.0
M,L,-1.311,3.2,7.0,4,395.0
M,M,0.0,0.0,,4,395.0
M,N,-7.673,0.3467,7.0,4,395.0
M,P,-7.217,0.6342,5.0,4,395.0
M,Q,-3.0,1.066,5.0,4,395.0
M,R,-7.59,0.9196,4.0,4,395.0
M,S,-6.199,0.8396,5.75,4,395.0
M,T,-8.242,1.549,5.0,4,395.0
M,V,-7.78,1.326,7.0,4,395.0
M,W,-1.887,2.507,4.5,4,395.0
M,Y,-0.7129,0.826,1.5,2,395.0
P,-,-0.2644,0.6823,2.0,4,396.0
P,A,-1.8,1.628,9.5,4,396.0
P,C,-5.617,1.283,6.5,4,396.0
P,D,-4.536,0.8535,4.5,4,396.0
P,E,-3.801,0.6358,5.25,4,396.0
P,F,-3.699,0.4963,2.5,4,396.0
P,G,0.906,2.959,4.0,4,396.0
P,H,-3.269,0.2804,6.0,4,396.0
P,I,-3.194,2.472,4.25,4,396.0
P,K,-3.113,0.5681,4.0,4,396.0
P,L,0.9025,5.768,2.75,4,396.0
P,M,-1.597,1.051,1.75,3,396.0
P,N,-2.885,1.828,1.0,4,396.0
P,P,0.0,0.0,,4,396.0
P,Q,-2.297,0.6479,6.5,4,396.0
P,R,-2.452,1.103,5.5,4,396.0
P,S,-2.889,0.7984,11.25,4,396.0
P,T,-2.472,0.5682,6.5,4,396.0
P,V,-2.545,1.64,3.25,4,396.0
P,W,-3.282,0.4225,3.5,4,396.0
P,Y,-2.88,1.191,2.75,4,396.0
I,-,-0.9131,0.8785,2.5,4,397.0
I,A,-8.18,3.037,3.0,4,397.0
I,C,-5.304,0.3907,6.0,4,397.0
I,D,-7.548,1.054,6.5,4,397.0
I,E,-6.747,0.8594,6.25,4,397.0
I,F,-7.829,1.824,3.0,4,397.0
I,G,-6.789,2.878,3.5,4,397.0
I,H,-7.276,1.339,4.5,4,397.0
I,I,0.0,0.0,,4,397.0
I,K,-10.66,5.224,3.5,4,397.0
I,L,-0.2996,0.6884,7.0,4,397.0
I,M,-2.17,0.2455,2.5,4,397.0
I,N,-8.682,0.88,7.25,4,397.0
I,P,-7.58,0.6688,6.75,4,397.0
I,Q,-7.725,2.165,4.5,4,397.0
I,R,-7.952,0.4563,6.25,4,397.0
I,S,-7.702,0.5074,3.75,4,397.0
I,T,-7.605,0.4405,8.5,4,397.0
I,V,-3.65,3.442,1.75,3,397.0
I,W,-8.131,1.13,6.0,4,397.0
I,Y,-8.999,3.275,3.5,4,397.0
V,-,0.68,1.343,2.0,2,398.0
V,A,-0.5877,1.749,7.75,4,398.0
V,C,-2.125,0.9942,1.75,2,398.0
V,D,0.202,0.8522,4.5,4,398.0
V,E,-0.2949,0.7822,3.0,4,398.0
V,F,-0.6069,8.366,2.75,3,398.0
V,G,1.832,1.614,2.5,4,398.0
V,H,3.692,2.093,2.0,4,398.0
V,I,-2.262,1.454,5.25,4,398.0
V,K,-0.5525,1.76,4.25,4,398.0
V,L,-2.796,0.6559,5.25,4,398.0
V,M,0.9459,2.401,9.75,4,398.0
V,N,1.661,1.588,3.25,4,398.0
V,P,-10.53,1.856,8.25,4,398.0
V,Q,0.2959,1.952,4.0,4,398.0
V,R,-1.526,0.4818,3.0,4,398.0
V,S,-1.216,0.6526,4.5,4,398.0
V,T,-0.7151,0.8167,2.5,4,398.0
V,V,0.0,0.0,,4,398.0
V,W,-1.045,2.068,6.25,4,398.0
V,Y,3.577,2.126,5.0,4,398.0
A,-,0.3686,0.7945,1.5,2,399.0
A,A,0.0,0.0,,4,399.0
A,C,-3.007,0.6381,9.5,4,399.0
A,D,-6.717,1.052,6.0,4,399.0
A,E,-7.03,1.243,4.0,4,399.0
A,F,-2.513,0.7411,5.5,4,399.0
A,G,-0.06,1.872,1.75,2,399.0
A,H,-6.957,1.149,3.0,4,399.0
A,I,-2.471,0.3439,4.0,4,399.0
A,K,-8.273,1.598,6.0,4,399.0
A,L,-1.162,2.996,7.0,4,399.0
A,M,-2.659,1.028,4.0,4,399.0
A,N,-2.889,1.35,9.5,4,399.0
A,P,-6.481,8.184,3.75,4,399.0
A,Q,-4.831,0.5994,1.5,4,399.0
A,R,-8.915,2.731,6.75,4,399.0
A,S,-1.902,1.792,8.0,4,399.0
A,T,-2.122,0.7026,10.75,4,399.0
A,V,-0.0495,2.951,6.5,4,399.0
A,W,-6.425,0.6039,5.0,4,399.0
A,Y,-2.721,3.102,3.0,4,399.0
N,-,0.6887,0.8999,1.5,2,400.0
N,A,-1.605,2.452,2.5,4,400.0
N,C,-2.067,1.7,1.75,4,400.0
N,D,-0.1649,2.321,6.0,4,400.0
N,E,1.312,2.544,3.5,4,400.0
N,F,-1.841,0.9573,4.75,4,400.0
N,G,0.5578,1.926,4.75,4,400.0
N,H,-0.5602,0.8962,6.5,4,400.0
N,I,1.27,1.773,3.5,4,400.0
N,K,-3.357,1.309,6.5,4,400.0
N,L,-1.163,2.769,4.0,4,400.0
N,M,-1.765,1.076,5.0,4,400.0
N,N,0.0,0.0,,4,400.0
N,P,-6.745,0.3189,6.0,4,400.0
N,Q,-1.224,0.7955,5.5,4,400.0
N,R,0.2537,0.534,5.0,4,400.0
N,S,1.747,2.913,9.0,4,400.0
N,T,1.094,3.418,4.5,4,400.0
N,V,-0.1997,1.888,2.5,4,400.0
N,W,-2.434,0.7166,5.25,4,400.0
N,Y,-0.615,2.47,3.5,4,400.0
L,-,-1.06,0.06788,2.0,2,401.0
L,A,-2.253,0.5818,3.0,4,401.0
L,C,-4.083,1.924,7.25,4,401.0
L,D,-7.995,1.317,5.0,4,401.0
L,E,-7.405,2.135,2.5,4,401.0
L,F,-0.3496,2.284,3.5,4,401.0
L,G,-7.206,1.211,3.75,4,401.0
L,H,-4.401,0.469,2.5,4,401.0
L,I,-0.5302,0.6154,6.25,4,401.0
L,K,-7.1,2.495,4.5,4,401.0
L,L,0.0,0.0,,4,401.0
L,M,1.083,2.41,5.0,4,401.0
L,N,-6.11,0.7231,5.75,4,401.0
L,P,-3.014,4.235,4.5,4,401.0
L,Q,-7.911,0.8097,2.75,4,401.0
L,R,-3.247,1.1,5.0,4,401.0
L,S,-7.219,1.578,5.75,4,401.0
L,T,-4.036,3.27,2.5,4,401.0
L,V,-1.998,1.359,2.25,4,401.0
L,W,-1.555,3.466,2.0,4,401.0
L,Y,1.213,2.354,3.5,4,401.0
A,-,-0.2651,0.1449,2.0,2,402.0
A,A,0.0,0.0,,4,402.0
A,C,-2.95,0.2634,7.0,4,402.0
A,D,0.4337,4.053,9.0,4,402.0
A,E,-2.097,1.748,6.5,4,402.0
A,F,-3.046,0.9911,7.5,4,402.0
A,G,-2.31,3.19,7.25,4,402.0
A,H,2.142,2.174,5.75,4,402.0
A,I,1.551,3.296,3.5,4,402.0
A,K,0.0985,3.614,4.25,4,402.0
A,L,2.49,0.7971,3.0,4,402.0
A,M,-0.1772,2.148,5.5,4,402.0
A,N,-1.173,1.808,2.5,4,402.0
A,P,-0.07145,1.202,4.5,4,402.0
A,Q,-0.8543,2.162,6.5,4,402.0
A,R,-2.904,1.67,2.5,4,402.0
A,S,-4.815,1.38,6.75,4,402.0
A,T,-4.28,0.2114,14.75,4,402.0
A,V,-1.209,1.009,6.0,4,402.0
A,W,-2.456,1.042,4.5,4,402.0
A,Y,0.5637,0.6056,3.0,4,402.0
Y,*,-6.226,1.779,2.75,4,403.0
Y,-,0.08974,0.223,2.0,2,403.0
Y,A,-1.417,1.956,5.0,4,403.0
Y,C,-0.5641,0.4486,8.0,4,403.0
Y,D,-0.4724,2.81,3.0,4,403.0
Y,E,3.004,2.078,3.0,4,403.0
Y,F,-0.6789,3.782,5.75,4,403.0
Y,G,2.072,2.161,4.25,4,403.0
Y,H,-2.093,1.568,2.5,4,403.0
Y,I,-0.6807,1.215,3.0,4,403.0
Y,K,-2.17,1.883,4.25,4,403.0
Y,L,-0.8086,0.4493,3.25,4,403.0
Y,M,-0.8884,0.7522,5.0,4,403.0
Y,N,0.83,0.7805,3.5,4,403.0
Y,P,0.2595,0.9608,3.75,4,403.0
Y,Q,-0.9374,0.478,5.25,4,403.0
Y,R,-3.983,1.971,5.5,4,403.0
Y,S,-0.0739,0.8772,1.5,4,403.0
Y,T,-0.8433,0.7958,3.75,3,403.0
Y,V,1.263,2.956,1.75,3,403.0
Y,W,0.1265,1.693,3.0,4,403.0
Y,Y,0.0,0.0,,4,403.0
L,-,-0.6118,0.5999,1.75,2,404.0
L,A,0.4795,2.816,4.5,4,404.0
L,C,-7.321,1.988,4.0,4,404.0
L,D,-1.622,2.679,3.5,4,404.0
L,E,-2.006,2.549,4.5,4,404.0
L,F,1.04,1.566,4.5,4,404.0
L,G,1.473,1.889,2.5,4,404.0
L,H,-0.1081,1.618,8.0,4,404.0
L,I,1.226,6.202,3.25,4,404.0
L,K,-4.454,1.902,5.25,4,404.0
L,L,0.0,0.0,,4,404.0
L,M,-1.631,1.549,10.0,4,404.0
L,N,-4.247,4.379,1.0,4,404.0
L,P,-4.242,0.6608,10.25,4,404.0
L,Q,0.05719,0.5663,2.5,4,404.0
L,R,-3.067,0.3737,6.5,4,404.0
L,S,-1.335,3.562,4.0,4,404.0
L,T,0.1829,2.031,5.75,4,404.0
L,V,3.676,2.639,3.5,4,404.0
L,W,-2.837,1.495,2.25,4,404.0
L,Y,-0.3277,1.116,3.75,4,404.0
N,-,-0.3074,0.837,2.25,2,405.0
N,A,-1.053,1.57,3.5,4,405.0
N,C,-5.747,0.7751,3.5,4,405.0
N,D,0.7691,1.674,6.0,4,405.0
N,E,-2.059,0.7046,7.0,4,405.0
N,F,-3.921,0.5055,3.5,4,405.0
N,G,-0.5353,1.783,4.0,4,405.0
N,H,-0.8006,1.524,4.5,4,405.0
N,I,-2.291,1.037,5.75,4,405.0
N,K,-1.065,1.159,8.0,4,405.0
N,L,-2.499,0.3422,2.5,2,405.0
N,M,1.78,1.34,5.5,4,405.0
N,N,0.0,0.0,,4,405.0
N,P,-4.027,0.8216,3.25,4,405.0
N,Q,2.106,5.288,1.75,3,405.0
N,R,0.4769,1.386,1.5,4,405.0
N,S,1.236,2.454,6.0,4,405.0
N,T,-0.0958,1.178,2.0,4,405.0
N,V,-0.3403,1.742,4.0,4,405.0
N,W,-3.001,0.918,7.0,4,405.0
N,Y,-3.251,0.6282,5.5,4,405.0
S,-,-0.604,2.493,2.75,2,406.0
S,A,-1.441,2.732,4.25,4,406.0
S,C,-2.566,0.5993,4.5,4,406.0
S,D,3.493,0.5597,4.25,4,406.0
S,E,2.078,1.713,6.0,4,406.0
S,F,-1.035,1.337,8.75,4,406.0
S,G,-0.016,2.172,3.0,4,406.0
S,H,-0.2075,2.123,4.25,4,406.0
S,I,-0.9288,1.508,4.0,4,406.0
S,K,-0.9053,0.6057,8.0,4,406.0
S,L,-1.974,2.868,4.5,4,406.0
S,M,2.563,3.809,3.25,4,406.0
S,N,-6.851,2.914,3.5,4,406.0
S,P,-2.203,0.7158,7.0,4,406.0
S,Q,1.259,4.255,2.75,4,406.0
S,R,-2.364,0.1089,2.0,2,406.0
S,S,0.0,0.0,,4,406.0
S,T,-0.8588,0.5805,4.25,4,406.0
S,V,-2.29,2.222,4.5,4,406.0
S,W,-1.027,0.8916,6.5,4,406.0
S,Y,-0.1545,1.547,10.75,4,406.0
Y,*,-1.325,0.2369,0.5,2,407.0
Y,-,-0.02825,1.211,2.75,2,407.0
Y,A,-1.475,0.5272,4.5,4,407.0
Y,C,-7.951,0.7683,9.75,4,407.0
Y,D,-3.087,2.037,5.5,4,407.0
Y,E,1.782,2.806,1.25,2,407.0
Y,F,0.5512,2.261,5.0,4,407.0
Y,G,-5.62,0.8968,3.0,4,407.0
Y,H,-0.9624,2.957,9.25,4,407.0
Y,I,-2.197,1.728,6.5,4,407.0
Y,K,-3.543,0.4562,6.75,4,407.0
Y,L,-2.774,2.805,4.0,4,407.0
Y,M,-1.959,2.706,2.0,4,407.0
Y,N,-1.536,2.609,2.0,4,407.0
Y,P,-5.12,0.871,3.75,4,407.0
Y,Q,-3.483,0.2475,1.5,4,407.0
Y,R,-3.156,1.704,6.0,4,407.0
Y,S,-4.336,0.8831,2.75,4,407.0
Y,T,-5.016,1.862,4.0,4,407.0
Y,V,-2.309,0.5062,4.0,4,407.0
Y,W,-0.3137,1.102,2.5,4,407.0
Y,Y,0.0,0.0,,4,407.0
T,-,-0.8106,0.5281,3.25,2,408.0
T,A,-0.6522,3.245,2.0,4,408.0
T,C,-2.2,1.2,4.5,4,408.0
T,D,-0.124,2.127,4.25,4,408.0
T,E,-2.57,3.024,4.0,4,408.0
T,F,-2.155,1.036,3.0,4,408.0
T,G,1.317,2.439,9.0,4,408.0
T,H,-2.102,1.173,8.0,4,408.0
T,I,-0.7741,1.68,6.25,4,408.0
T,K,-1.563,3.138,3.25,4,408.0
T,L,-0.658,0.8894,3.5,4,408.0
T,M,-1.682,4.224,3.75,4,408.0
T,N,-1.084,2.391,3.75,4,408.0
T,P,-0.1253,1.883,6.75,4,408.0
T,Q,-1.758,2.461,5.0,4,408.0
T,R,-0.2654,2.043,3.5,4,408.0
T,S,-1.193,1.285,6.75,4,408.0
T,T,0.0,0.0,,4,408.0
T,V,-0.5295,2.697,6.75,4,408.0
T,W,-0.5977,2.52,3.5,4,408.0
T,Y,0.6944,1.085,4.5,4,408.0
I,-,0.9022,0.01747,3.0,2,409.0
I,A,-2.274,0.4703,4.0,4,409.0
I,C,-3.124,1.987,8.25,4,409.0
I,D,-7.076,4.511,4.5,4,409.0
I,E,-7.183,2.868,2.5,4,409.0
I,F,-1.55,0.2856,6.5,4,409.0
I,G,-5.954,1.535,4.0,4,409.0
I,H,-7.584,1.603,5.75,4,409.0
I,I,0.0,0.0,,4,409.0
I,K,-8.511,1.762,2.5,4,409.0
I,L,-1.025,1.495,5.5,4,409.0
I,M,1.233,1.916,3.0,4,409.0
I,N,-7.105,1.353,4.25,4,409.0
I,P,-7.559,1.283,2.5,2,409.0
I,Q,-11.09,4.13,1.5,2,409.0
I,R,-9.072,2.053,9.0,4,409.0
I,S,-6.585,1.94,5.0,4,409.0
I,T,-3.044,0.6744,4.0,4,409.0
I,V,-0.1842,0.9289,3.0,4,409.0
I,W,-5.255,0.6931,4.0,4,409.0
I,Y,-3.202,0.9105,5.75,4,409.0
G,*,-2.736,2.005,0.5,2,410.0
G,-,-0.4696,0.5788,3.0,2,410.0
G,A,0.246,3.503,4.5,4,410.0
G,C,-6.087,0.538,12.5,4,410.0
G,D,-4.079,0.3644,14.5,4,410.0
G,E,-6.087,0.9979,4.25,4,410.0
G,F,-6.663,2.062,2.5,4,410.0
G,G,0.0,0.0,,4,410.0
G,H,-3.736,0.4156,4.0,4,410.0
G,I,-7.517,2.02,5.25,4,410.0
G,K,-3.33,1.968,1.25,3,410.0
G,L,-7.122,1.004,4.0,4,410.0
G,M,-7.982,2.673,5.0,4,410.0
G,N,-4.886,0.7402,2.5,4,410.0
G,P,-8.186,2.429,2.5,4,410.0
G,Q,-2.498,1.612,5.5,4,410.0
G,R,-3.868,0.3927,5.25,4,410.0
G,S,-0.0371,0.5636,7.0,4,410.0
G,T,-4.071,2.508,5.0,4,410.0
G,V,-8.209,1.896,11.5,4,410.0
G,W,-8.768,1.724,9.5,4,410.0
G,Y,-7.031,0.9832,2.75,4,410.0
S,-,-0.7891,0.3005,3.5,4,411.0
S,A,-2.3,1.378,3.5,4,411.0
S,C,-0.7026,0.6523,4.25,4,411.0
S,D,-2.823,2.276,4.5,4,411.0
S,E,-1.055,1.172,4.5,4,411.0
S,F,-0.4193,2.479,3.5,4,411.0
S,G,-4.606,1.61,2.25,4,411.0
S,H,0.513,1.539,3.5,4,411.0
S,I,0.2404,1.521,13.75,4,411.0
S,K,-2.591,1.823,2.25,4,411.0
S,L,-1.475,1.758,4.25,4,411.0
S,M,1.468,1.906,1.75,4,411.0
S,N,-0.1325,1.556,9.25,4,411.0
S,P,-6.074,0.6824,3.5,2,411.0
S,Q,-1.817,0.4624,1.0,2,411.0
S,R,-1.616,3.197,4.5,4,411.0
S,S,0.0,0.0,,4,411.0
S,T,-0.925,0.6311,3.5,4,411.0
S,V,1.513,1.167,4.0,4,411.0
S,W,0.6505,3.309,2.0,4,411.0
S,Y,-0.9759,2.088,4.0,4,411.0
L,-,-0.2624,0.6539,4.0,4,412.0
L,A,-4.796,0.5202,3.0,4,412.0
L,C,-3.633,4.279,6.0,4,412.0
L,D,-7.321,0.9184,4.25,4,412.0
L,E,-8.111,1.475,6.0,4,412.0
L,F,-1.528,0.4677,5.0,4,412.0
L,G,-6.588,2.121,3.25,4,412.0
L,H,-7.766,0.7093,3.0,4,412.0
L,I,-0.4999,1.276,6.5,4,412.0
L,K,-8.041,0.737,3.5,4,412.0
L,L,0.0,0.0,,4,412.0
L,M,-0.439,0.9476,9.5,4,412.0
L,N,-7.136,1.412,2.5,4,412.0
L,P,-11.35,1.251,6.0,4,412.0
L,Q,-7.476,3.027,4.0,4,412.0
L,R,-6.812,0.6109,6.0,4,412.0
L,S,-8.594,0.9021,6.5,4,412.0
L,T,-7.335,1.619,2.25,4,412.0
L,V,-3.508,2.223,2.75,4,412.0
L,W,-7.293,1.532,2.75,4,412.0
L,Y,-10.07,2.322,5.0,4,412.0
Y,*,-5.527,1.828,3.75,4,413.0
Y,-,0.1687,0.7528,4.0,4,413.0
Y,A,-0.6826,0.7039,5.0,4,413.0
Y,C,-2.475,1.783,3.5,4,413.0
Y,D,-4.257,0.6308,5.75,4,413.0
Y,E,-4.018,2.794,2.75,4,413.0
Y,F,-0.2273,1.008,9.0,4,413.0
Y,G,0.604,2.792,6.0,4,413.0
Y,H,-0.7116,1.206,8.5,4,413.0
Y,I,-3.476,1.067,4.5,4,413.0
Y,K,-1.588,0.7941,2.5,4,413.0
Y,L,-3.247,1.377,2.25,4,413.0
Y,M,-0.7304,1.657,3.0,4,413.0
Y,N,-7.823,0.3519,3.5,4,413.0
Y,P,-7.596,1.178,3.0,2,413.0
Y,Q,-0.475,2.484,4.25,4,413.0
Y,R,-1.371,0.9,3.75,4,413.0
Y,S,0.067,0.9323,3.5,4,413.0
Y,T,-1.079,4.14,4.5,4,413.0
Y,V,-2.726,1.318,5.0,4,413.0
Y,W,3.26,2.189,7.25,4,413.0
Y,Y,0.0,0.0,,4,413.0
V,-,-0.5511,0.9055,3.5,4,414.0
V,A,-0.3126,2.624,6.5,4,414.0
V,C,2.731,0.792,1.0,2,414.0
V,D,-8.255,0.7405,3.75,4,414.0
V,E,-8.305,0.7404,3.5,4,414.0
V,F,-3.492,1.449,3.5,4,414.0
V,G,-7.259,1.072,5.75,4,414.0
V,H,-6.843,0.3741,1.5,2,414.0
V,I,1.398,0.295,5.25,4,414.0
V,K,-7.196,1.043,4.5,4,414.0
V,L,-1.645,0.3839,10.0,4,414.0
V,M,-2.349,0.4489,8.5,4,414.0
V,N,-7.204,3.521,5.0,4,414.0
V,P,-7.867,0.747,4.75,4,414.0
V,Q,-8.373,1.744,4.0,4,414.0
V,R,-5.074,4.055,3.25,4,414.0
V,S,1.088,2.75,5.0,4,414.0
V,T,-1.48,1.248,2.0,4,414.0
V,V,0.0,0.0,,4,414.0
V,W,-0.4275,1.536,6.0,4,414.0
V,Y,-7.556,3.187,5.0,4,414.0
S,-,-1.095,0.8357,3.5,4,415.0
S,A,0.5821,2.751,3.0,4,415.0
S,C,-2.491,3.457,4.5,4,415.0
S,D,2.448,3.686,4.5,4,415.0
S,E,2.187,2.399,2.75,4,415.0
S,F,1.341,2.847,9.25,4,415.0
S,G,-3.183,1.099,5.0,2,415.0
S,H,-2.886,0.1492,0.5,2,415.0
S,I,-0.2274,1.581,8.5,4,415.0
S,K,-3.139,3.115,2.0,4,415.0
S,L,0.9432,1.737,3.25,4,415.0
S,M,0.08475,0.7902,6.0,4,415.0
S,N,-3.131,0.9375,8.0,4,415.0
S,P,-7.11,1.413,4.0,4,415.0
S,Q,1.274,4.569,0.75,3,415.0
S,R,-1.484,2.676,4.5,4,415.0
S,S,0.0,0.0,,4,415.0
S,T,1.824,2.279,5.0,4,415.0
S,V,2.248,0.3896,2.0,2,415.0
S,W,-2.484,1.957,2.0,4,415.0
S,Y,-0.6386,1.085,2.5,4,415.0
W,*,-8.588,0.6688,11.75,4,416.0
W,-,-0.3328,1.371,4.0,4,416.0
W,A,-1.226,1.291,2.5,4,416.0
W,C,-1.266,3.136,11.75,4,416.0
W,D,-6.588,1.652,2.0,4,416.0
W,E,-8.948,1.685,3.75,2,416.0
W,F,1.739,2.066,5.0,4,416.0
W,G,-2.902,0.8018,4.0,4,416.0
W,H,-1.057,2.205,2.5,4,416.0
W,I,-1.306,1.771,3.75,4,416.0
W,K,-3.759,0.5412,5.25,4,416.0
W,L,-0.43,3.205,8.25,4,416.0
W,M,-1.78,1.025,6.75,4,416.0
W,N,-3.495,0.9886,4.5,4,416.0
W,P,-7.018,0.9308,8.25,4,416.0
W,Q,-2.604,0.4108,5.25,4,416.0
W,R,-7.985,2.902,10.5,4,416.0
W,S,-1.229,2.149,4.0,4,416.0
W,T,0.0125,2.735,5.75,4,416.0
W,V,-0.864,0.8725,6.0,4,416.0
W,W,0.0,0.0,,4,416.0
W,Y,-1.617,1.728,4.0,4,416.0
S,-,-1.549,1.964,4.0,4,417.0
S,A,0.8169,1.998,3.5,4,417.0
S,C,-0.9658,3.768,4.25,4,417.0
S,D,1.868,1.502,3.5,4,417.0
S,E,-0.0765,2.175,2.25,4,417.0
S,F,-1.253,0.9987,7.0,4,417.0
S,G,2.7,5.178,8.5,4,417.0
S,H,-3.104,1.086,6.5,4,417.0
S,I,1.778,1.4,5.5,4,417.0
S,K,1.086,1.362,1.5,4,417.0
S,L,-0.3526,1.413,1.75,4,417.0
S,M,2.76,2.023,3.5,4,417.0
S,N,0.7842,2.225,3.0,4,417.0
S,P,-13.93,3.392,9.0,4,417.0
S,Q,-1.457,2.191,4.5,4,417.0
S,R,-1.059,1.495,2.5,4,417.0
S,S,0.0,0.0,,4,417.0
S,T,-1.051,1.734,4.5,4,417.0
S,V,-0.5025,4.508,2.75,4,417.0
S,W,-0.202,1.744,3.0,4,417.0
S,Y,-0.0388,1.208,5.75,4,417.0
D,-,-1.418,1.309,4.0,4,418.0
D,A,0.0771,1.044,6.25,4,418.0
D,C,-1.572,2.641,6.5,4,418.0
D,D,0.0,0.0,,4,418.0
D,E,-0.4725,1.534,8.0,4,418.0
D,F,-0.8221,1.678,2.75,4,418.0
D,G,-1.591,0.9049,6.75,4,418.0
D,H,-0.5859,0.9706,4.5,4,418.0
D,I,-1.134,1.123,3.0,4,418.0
D,K,-1.73,1.5,5.25,4,418.0
D,L,0.245,1.345,6.5,4,418.0
D,M,-0.2485,1.193,3.0,4,418.0
D,N,-0.9697,1.421,3.5,4,418.0
D,P,0.4784,2.167,4.25,4,418.0
D,Q,0.2003,1.709,6.0,4,418.0
D,R,0.4807,4.485,2.75,3,418.0
D,S,-2.681,1.344,4.5,4,418.0
D,T,-0.5614,1.957,7.25,4,418.0
D,V,-0.3884,1.801,8.5,4,418.0
D,W,-1.693,2.493,4.5,4,418.0
D,Y,-1.305,0.8757,9.75,4,418.0
G,-,-1.768,0.6276,5.5,4,419.0
G,A,-6.478,0.9474,4.75,4,419.0
G,C,-8.273,1.21,13.25,4,419.0
G,D,-7.121,1.091,11.0,4,419.0
G,E,-7.956,1.338,2.5,4,419.0
G,F,-9.085,2.319,7.0,4,419.0
G,G,0.0,0.0,,4,419.0
G,H,-7.313,0.8136,7.5,4,419.0
G,I,-8.603,1.924,5.5,4,419.0
G,K,-6.785,2.83,3.5,4,419.0
G,L,-8.901,1.371,12.25,4,419.0
G,M,-7.886,1.169,7.75,4,419.0
G,N,-8.018,1.361,4.5,4,419.0
G,P,-8.308,0.4532,5.25,4,419.0
G,Q,-7.702,4.181,3.5,4,419.0
G,R,-8.587,0.822,3.75,4,419.0
G,S,-6.892,0.5288,8.75,4,419.0
G,T,-7.613,2.148,5.25,4,419.0
G,V,-8.201,0.7394,7.5,4,419.0
G,W,-8.275,1.667,3.5,4,419.0
G,Y,-9.352,0.8472,9.75,4,419.0
D,-,-0.1867,0.04207,4.5,4,420.0
D,A,-0.01595,0.4983,4.0,4,420.0
D,C,-1.97,1.09,2.5,4,420.0
D,D,0.0,0.0,,4,420.0
D,E,0.8537,1.139,7.0,4,420.0
D,F,-0.3797,1.01,7.5,4,420.0
D,G,-1.697,0.2109,10.0,4,420.0
D,H,-0.0653,1.728,3.5,4,420.0
D,I,-1.374,1.615,2.5,4,420.0
D,K,0.177,2.315,5.0,4,420.0
D,L,-1.013,2.823,3.25,4,420.0
D,M,0.5911,2.226,5.5,4,420.0
D,N,-0.7602,0.6913,14.0,4,420.0
D,P,-2.154,0.9719,7.25,4,420.0
D,Q,-1.537,1.62,2.5,4,420.0
D,R,-0.9194,1.235,6.0,4,420.0
D,S,-2.258,1.368,3.5,4,420.0
D,T,-0.304,2.387,3.0,4,420.0
D,V,-1.442,1.59,4.5,4,420.0
D,W,-1.181,2.164,6.75,4,420.0
D,Y,-0.1232,0.7007,16.5,4,420.0
V,-,0.1611,1.322,4.5,4,421.0
V,A,-0.1895,1.368,8.0,4,421.0
V,C,-0.3708,1.623,3.0,4,421.0
V,D,1.622,2.138,4.0,4,421.0
V,E,-0.469,3.201,2.5,4,421.0
V,F,-0.8394,2.088,5.0,4,421.0
V,G,0.4956,1.581,5.75,4,421.0
V,H,-1.281,0.6544,6.5,4,421.0
V,I,-1.043,1.018,5.5,4,421.0
V,K,-0.8908,1.429,6.25,4,421.0
V,L,0.5872,0.666,8.0,4,421.0
V,M,-1.515,2.087,8.0,4,421.0
V,N,-5.39,0.212,5.5,4,421.0
V,P,-2.586,0.8835,6.25,4,421.0
V,Q,0.3921,1.008,6.25,4,421.0
V,R,-0.974,1.732,3.5,4,421.0
V,S,0.6867,1.41,5.5,4,421.0
V,T,2.128,2.144,5.75,4,421.0
V,V,0.0,0.0,,4,421.0
V,W,1.469,1.118,2.0,4,421.0
V,Y,1.627,1.307,5.0,4,421.0
I,-,0.2384,1.758,4.5,4,422.0
I,A,-1.992,2.987,2.25,4,422.0
I,C,-0.7982,1.691,5.0,4,422.0
I,D,-7.495,0.8412,3.0,4,422.0
I,E,-6.982,1.735,4.0,4,422.0
I,F,-0.3054,1.678,2.5,4,422.0
I,G,-7.21,1.459,1.5,4,422.0
I,H,-0.0226,1.431,6.75,4,422.0
I,I,0.0,0.0,,4,422.0
I,K,0.9213,2.279,1.5,4,422.0
I,L,-0.792,0.9892,1.75,4,422.0
I,M,-1.031,0.7724,7.25,4,422.0
I,N,-3.014,0.763,4.25,4,422.0
I,P,-9.344,0.9041,3.0,4,422.0
I,Q,-4.905,0.2873,5.0,4,422.0
I,R,-1.449,0.5406,7.0,4,422.0
I,S,-2.21,1.787,2.5,4,422.0
I,T,-1.122,2.126,5.5,4,422.0
I,V,-0.5958,1.294,4.5,4,422.0
I,W,-7.586,1.727,4.5,4,422.0
I,Y,0.54,3.004,2.5,4,422.0
T,-,-1.554,1.197,3.5,4,423.0
T,A,0.744,3.301,10.75,4,423.0
T,C,1.404,3.021,4.0,4,423.0
T,D,-7.921,1.652,4.75,4,423.0
T,E,-2.99,0.3288,2.0,2,423.0
T,F,-3.168,0.3948,4.5,4,423.0
T,G,-1.81,1.412,5.0,4,423.0
T,H,-1.797,2.775,4.0,4,423.0
T,I,-2.859,1.867,9.0,4,423.0
T,K,-1.635,3.01,3.25,4,423.0
T,L,-3.075,0.8099,4.5,4,423.0
T,M,-0.5693,2.263,6.0,4,423.0
T,N,-2.156,0.4131,4.75,4,423.0
T,P,-6.886,1.109,4.5,4,423.0
T,Q,-2.173,1.305,1.75,3,423.0
T,R,-0.6268,1.701,5.25,4,423.0
T,S,-1.75,1.461,3.0,4,423.0
T,T,0.0,0.0,,4,423.0
T,V,-1.161,2.884,1.5,4,423.0
T,W,-2.662,0.6839,5.0,4,423.0
T,Y,-6.441,1.767,2.5,4,423.0
G,-,-2.306,2.59,4.5,4,424.0
G,A,-1.554,1.017,7.25,4,424.0
G,C,-4.886,0.7262,2.0,2,424.0
G,D,-8.44,2.068,2.5,4,424.0
G,E,-7.559,1.153,9.5,4,424.0
G,F,-8.997,2.616,6.5,4,424.0
G,G,0.0,0.0,,4,424.0
G,H,-7.582,1.518,5.5,4,424.0
G,I,-8.183,2.157,4.0,4,424.0
G,K,-8.518,1.579,2.5,4,424.0
G,L,-7.531,2.321,5.5,4,424.0
G,M,-8.137,0.5746,2.75,4,424.0
G,N,-7.311,1.444,8.5,4,424.0
G,P,-8.601,2.667,9.5,4,424.0
G,Q,-7.206,1.332,4.5,4,424.0
G,R,-6.754,1.06,12.0,4,424.0
G,S,-1.361,1.717,2.5,4,424.0
G,T,-4.356,0.48,5.0,4,424.0
G,V,-10.67,2.902,18.75,4,424.0
G,W,-10.5,1.685,23.25,4,424.0
G,Y,-9.138,0.8117,7.75,4,424.0
V,-,-0.3694,0.9679,4.5,4,425.0
V,A,-3.205,0.5973,4.5,4,425.0
V,C,-2.643,0.394,3.5,4,425.0
V,D,-9.294,2.07,4.5,4,425.0
V,E,-5.877,1.277,3.0,4,425.0
V,F,-2.323,0.517,5.0,4,425.0
V,G,-4.678,0.7832,8.5,4,425.0
V,H,-2.726,1.382,4.25,4,425.0
V,I,0.2806,0.8197,4.5,4,425.0
V,K,-7.628,2.398,2.5,4,425.0
V,L,-2.939,0.6856,10.75,4,425.0
V,M,-1.369,0.4366,9.75,4,425.0
V,N,-4.0,1.254,8.0,4,425.0
V,P,-7.494,5.678,4.5,4,425.0
V,Q,-0.8107,0.191,3.5,4,425.0
V,R,-2.928,1.262,5.0,4,425.0
V,S,-6.905,2.544,3.0,4,425.0
V,T,-2.053,0.9532,3.75,4,425.0
V,V,0.0,0.0,,4,425.0
V,W,-0.8603,1.466,6.5,4,425.0
V,Y,-0.8399,2.386,6.25,4,425.0
P,-,-0.7535,0.9735,5.0,4,426.0
P,A,-1.914,3.633,4.5,4,426.0
P,C,-4.982,0.5377,4.75,4,426.0
P,D,-1.507,1.364,4.75,4,426.0
P,E,1.049,3.956,2.0,2,426.0
P,F,-3.282,3.308,2.0,4,426.0
P,G,0.2415,3.879,3.5,4,426.0
P,H,1.275,3.122,3.25,4,426.0
P,I,-1.82,0.7227,9.75,4,426.0
P,K,-2.555,2.63,4.0,4,426.0
P,L,-0.2095,4.18,6.0,4,426.0
P,M,-2.847,1.165,2.0,4,426.0
P,N,-2.183,0.2007,5.0,4,426.0
P,P,0.0,0.0,,4,426.0
P,Q,-1.762,0.7,9.5,4,426.0
P,R,-2.45,2.26,3.75,4,426.0
P,S,2.646,2.105,7.0,4,426.0
P,T,-0.9955,0.8661,10.0,4,426.0
P,V,-1.775,0.9178,1.5,2,426.0
P,W,-1.611,1.614,7.0,4,426.0
P,Y,-2.0,2.6,5.5,4,426.0
K,*,-2.904,1.586,0.5,2,427.0
K,-,-1.143,1.643,5.0,4,427.0
K,A,-0.6305,1.513,3.5,4,427.0
K,C,-1.067,0.413,3.25,4,427.0
K,D,3.376,3.462,4.5,4,427.0
K,E,2.978,0.9393,4.5,4,427.0
K,F,2.87,2.616,7.5,4,427.0
K,G,0.4702,1.561,2.5,4,427.0
K,H,1.261,2.843,5.25,4,427.0
K,I,-1.06,2.228,4.5,4,427.0
K,K,0.0,0.0,,4,427.0
K,L,-0.8013,3.309,5.75,4,427.0
K,M,4.306,3.361,5.0,4,427.0
K,N,0.2465,1.184,14.0,4,427.0
K,P,-4.652,0.7313,5.0,4,427.0
K,Q,-1.637,1.698,4.75,4,427.0
K,R,0.0094,0.4521,5.75,4,427.0
K,S,1.769,2.105,4.0,4,427.0
K,T,1.615,2.677,5.25,4,427.0
K,V,1.305,4.015,5.5,4,427.0
K,W,4.294,1.486,4.25,4,427.0
K,Y,2.79,1.457,4.25,4,427.0
P,-,-0.9495,2.015,5.5,4,428.0
P,A,2.732,1.703,1.5,4,428.0
P,C,-1.675,0.7915,4.5,4,428.0
P,D,0.0488,3.346,5.0,4,428.0
P,E,-0.168,1.293,3.0,4,428.0
P,F,-0.01005,2.764,5.0,4,428.0
P,G,-0.9785,2.257,4.5,4,428.0
P,H,0.6813,1.059,6.5,4,428.0
P,I,-3.039,0.2114,5.0,4,428.0
P,K,-0.0565,2.624,4.5,4,428.0
P,L,-0.4861,1.143,6.75,4,428.0
P,M,-1.674,2.744,2.5,4,428.0
P,N,2.353,5.22,5.5,4,428.0
P,P,0.0,0.0,,4,428.0
P,Q,4.385,5.261,5.5,4,428.0
P,R,1.79,2.324,4.0,4,428.0
P,S,-0.619,0.9614,5.5,4,428.0
P,T,-0.8551,1.077,10.5,4,428.0
P,V,-3.447,0.7269,4.5,4,428.0
P,W,-2.108,0.8195,6.75,4,428.0
P,Y,-0.689,0.5058,6.5,4,428.0
V,-,-0.1858,1.116,6.0,4,429.0
V,A,-1.372,1.754,4.0,4,429.0
V,C,-0.728,0.6308,6.0,4,429.0
V,D,2.803,0.8496,3.5,4,429.0
V,E,-0.6536,1.031,6.0,4,429.0
V,F,-4.406,3.06,4.0,4,429.0
V,G,0.464,3.027,3.5,4,429.0
V,H,1.132,1.908,7.5,4,429.0
V,I,-0.5952,1.909,4.5,4,429.0
V,K,0.768,2.63,3.0,4,429.0
V,L,-0.7181,1.754,8.25,4,429.0
V,M,-0.1275,2.686,12.0,4,429.0
V,N,0.3168,1.528,4.0,4,429.0
V,P,-2.284,1.154,3.5,4,429.0
V,Q,-2.187,1.439,7.0,4,429.0
V,R,-0.8078,1.203,2.75,4,429.0
V,S,-0.8953,1.016,2.5,4,429.0
V,T,-1.722,0.8359,3.5,4,429.0
V,V,0.0,0.0,,4,429.0
V,W,-2.009,3.891,3.0,4,429.0
V,Y,-0.4003,1.791,5.0,4,429.0
E,*,-10.42,2.584,7.25,4,430.0
E,-,-1.249,1.672,6.0,4,430.0
E,A,-0.9961,1.041,3.5,4,430.0
E,C,-1.512,0.9919,4.25,4,430.0
E,D,-1.668,1.709,15.25,4,430.0
E,E,0.0,0.0,,4,430.0
E,F,1.281,2.244,1.5,4,430.0
E,G,-1.035,4.62,4.5,4,430.0
E,H,-2.564,3.144,3.5,4,430.0
E,I,-1.022,0.2962,9.75,4,430.0
E,K,-1.726,1.12,11.75,4,430.0
E,L,-2.66,1.051,4.5,4,430.0
E,M,1.955,2.912,1.5,4,430.0
E,N,-0.9317,2.465,3.25,4,430.0
E,P,-2.827,0.5211,6.25,4,430.0
E,Q,-0.2998,0.6247,6.0,4,430.0
E,R,-2.395,0.8681,4.0,4,430.0
E,S,-0.6178,1.456,2.5,4,430.0
E,T,-0.7363,0.8876,8.0,4,430.0
E,V,-1.551,2.74,5.25,4,430.0
E,W,0.7747,2.102,7.0,4,430.0
E,Y,0.3335,2.766,1.0,4,430.0
G,-,-1.315,1.721,5.0,4,431.0
G,A,-4.715,0.466,8.5,4,431.0
G,C,-4.943,1.101,14.25,4,431.0
G,D,-4.764,1.008,10.25,4,431.0
G,E,-3.054,0.5377,5.0,4,431.0
G,F,-3.543,0.3921,5.25,4,431.0
G,G,0.0,0.0,,4,431.0
G,H,-3.445,0.6975,7.0,4,431.0
G,I,-7.994,2.508,7.25,4,431.0
G,K,-6.54,2.138,1.5,4,431.0
G,L,-5.018,0.8403,7.5,4,431.0
G,M,-3.726,0.9931,3.5,4,431.0
G,N,-4.158,0.6313,7.0,4,431.0
G,P,-2.754,1.807,5.5,4,431.0
G,Q,-4.91,0.9773,4.25,4,431.0
G,R,-6.127,0.1954,6.5,4,431.0
G,S,-3.077,1.542,7.5,4,431.0
G,T,-3.758,0.8493,5.5,4,431.0
G,V,-5.924,0.7729,8.0,4,431.0
G,W,-3.101,0.7344,6.0,4,431.0
G,Y,-3.614,0.8769,3.5,4,431.0
V,-,-2.604,1.501,4.0,4,432.0
V,A,-4.745,2.903,2.5,4,432.0
V,C,-4.857,0.9026,4.0,4,432.0
V,D,-5.978,1.529,6.0,4,432.0
V,E,-5.656,0.95,4.0,4,432.0
V,F,-3.629,0.768,8.0,4,432.0
V,G,-3.644,0.6701,7.0,4,432.0
V,H,-5.557,1.377,6.75,4,432.0
V,I,1.636,3.661,9.5,4,432.0
V,K,-4.456,0.4142,2.5,4,432.0
V,L,-2.434,1.126,8.75,4,432.0
V,M,-2.553,0.8014,3.5,4,432.0
V,N,-7.44,1.985,6.5,4,432.0
V,P,-4.921,1.332,4.5,4,432.0
V,Q,-9.451,2.726,3.5,4,432.0
V,R,-5.638,2.432,4.25,4,432.0
V,S,-4.404,0.8044,5.25,4,432.0
V,T,-3.143,0.8294,6.75,4,432.0
V,V,0.0,0.0,,4,432.0
V,W,-3.63,0.8429,2.0,2,432.0
V,Y,-3.555,0.4181,6.0,4,432.0
