site,wildtype,mutant,effect,effect_std,times_seen_x,n_selections,referance_aa,region,epitope,mutation,APN binding_mean,APN binding_median,APN binding_std,n_models,times_seen_y,frac_models,FS_A-human-APN,FS_A-human-APN_no_2IC99,FS_A-human-APN_no_IC50,FS_A-human-APN_no_IC80
184,G,-,0.1481,,0.5,1,G,3,1,G184-,0.4098,0.3958,0.2462,4,1,1,0.3902,0.4014,0.1229,0.7247
184,G,A,-4.143,0.9256,6.0,2,G,3,1,G184A,-1.697,-1.687,0.06146,4,6,1,-1.718,-1.774,-1.657,-1.639
184,G,C,-0.6069,0.2182,8.5,2,G,3,1,G184C,-0.4447,-0.4454,0.05123,4,15,1,-0.4875,-0.4904,-0.4033,-0.3974
184,G,D,-1.508,0.009192,9.0,2,G,3,1,G184D,-1.597,-1.588,0.1487,4,9,1,-1.581,-1.787,-1.594,-1.424
184,G,E,-3.098,,1.5,1,G,3,1,G184E,-0.8567,-0.907,0.1205,4,3,1,-0.9318,-0.6794,-0.8823,-0.9332
184,G,F,-4.903,0.06223,3.5,2,G,3,1,G184F,-0.1664,-0.1995,0.1048,4,2,1,-0.1845,-0.01467,-0.2144,-0.252
184,G,H,-2.156,0.09334,8.5,2,G,3,1,G184H,-1.195,-1.208,0.05678,4,10,1,-1.247,-1.116,-1.195,-1.22
184,G,I,-4.83,0.05515,6.0,2,G,3,1,G184I,0.158,0.2075,0.1639,4,7,1,0.1791,0.2946,0.2359,-0.07746
184,G,K,-2.643,1.824,5.5,2,G,3,1,G184K,-2.133,-2.152,0.1682,4,3,1,-2.255,-1.938,-2.049,-2.29
184,G,L,-3.62,0.5254,2.5,2,G,3,1,G184L,-0.1859,-0.1684,0.07157,4,2,1,-0.1852,-0.121,-0.1517,-0.2858
184,G,M,-4.861,0.04738,8.0,2,G,3,1,G184M,-0.01836,-0.06637,0.2696,4,6,1,-0.06892,-0.06383,0.3527,-0.2934
184,G,N,-2.446,3.487,4.5,2,G,3,1,G184N,0.2749,0.2655,0.08713,4,2,1,0.2383,0.2926,0.182,0.3867
184,G,P,-3.651,0.6795,2.0,2,G,3,1,G184P,-0.7281,-0.7961,0.2551,4,3,1,-0.8408,-0.3663,-0.7515,-0.954
184,G,Q,-1.079,1.251,3.5,2,G,3,1,G184Q,-1.281,-1.347,0.1921,4,5,1,-1.43,-0.9987,-1.339,-1.355
184,G,R,-2.107,1.034,10.5,2,G,3,1,G184R,-3.307,-3.288,0.06442,4,14,1,-3.301,-3.275,-3.399,-3.252
184,G,S,-0.6818,0.3112,7.0,2,G,3,1,G184S,-1.111,-1.157,0.1457,4,6,1,-1.23,-0.8985,-1.16,-1.154
184,G,T,-0.1435,0.02008,4.0,2,G,3,1,G184T,-1.92,-1.973,0.335,4,5,1,-1.94,-1.464,-2.006,-2.268
184,G,V,-4.944,0.08273,7.0,2,G,3,1,G184V,0.8036,0.7515,0.4389,4,6,1,0.7788,0.7242,1.388,0.3239
184,G,W,-2.648,3.297,2.0,2,G,3,1,G184W,1.355,1.675,0.7389,4,2,1,1.715,1.817,1.635,0.2518
184,G,Y,-4.934,,1.5,1,G,3,1,G184Y,0.4962,0.4782,0.2349,4,2,1,0.444,0.5124,0.7988,0.2297
185,A,-,-0.1327,,0.5,1,A,3,1,A185-,0.3832,0.3515,0.2272,4,1,1,0.3875,0.3154,0.1426,0.6871
185,A,C,0.1407,0.0116,3.5,2,A,3,1,A185C,0.06628,0.07273,0.02853,4,3,1,0.06366,0.02734,0.08179,0.09232
185,A,D,-2.829,0.9376,6.5,2,A,3,1,A185D,-1.028,-1.1,0.1743,4,11,1,-1.111,-0.7687,-1.143,-1.089
185,A,E,-0.05485,0.12,2.0,2,A,3,1,A185E,-2.16,-2.28,0.3142,4,1,1,-2.372,-1.706,-2.189,-2.371
185,A,F,0.1046,0.05095,7.0,2,A,3,1,A185F,-2.805,-2.983,0.6083,4,8,1,-3.303,-1.948,-2.803,-3.163
185,A,G,-0.6185,0.3686,4.5,2,A,3,1,A185G,-2.029,-1.907,0.3414,4,5,1,-1.953,-2.53,-1.861,-1.774
185,A,H,-0.6737,1.145,2.5,2,A,3,1,A185H,-2.356,-2.446,0.3098,4,4,1,-2.582,-1.935,-2.311,-2.596
185,A,I,-0.1541,0.1978,6.0,2,A,3,1,A185I,1.402,1.584,0.4166,4,7,1,1.536,1.657,1.632,0.7815
185,A,K,-0.1362,0.2185,6.5,2,A,3,1,A185K,0.05917,0.05606,0.03881,4,7,1,0.05203,0.1094,0.06009,0.01513
185,A,L,-0.03715,0.2269,5.5,2,A,3,1,A185L,-1.114,-1.108,0.1006,4,8,1,-1.118,-1.243,-1.099,-0.9981
185,A,M,0.1385,0.0239,4.0,2,A,3,1,A185M,0.5418,0.5728,0.1897,4,2,1,0.6888,0.7073,0.3142,0.4569
185,A,N,0.03611,0.1826,5.0,2,A,3,1,A185N,-0.7031,-0.7923,0.1956,4,2,1,-0.7915,-0.4102,-0.8176,-0.7931
185,A,P,-0.0649,,2.0,1,A,3,1,A185P,-1.954,-1.951,0.5041,4,4,1,-1.995,-1.341,-1.907,-2.573
185,A,Q,0.08505,0.02694,4.0,2,A,3,1,A185Q,0.05899,0.06581,0.0179,4,3,1,0.03294,0.06158,0.0714,0.07004
185,A,R,-0.6925,0.985,4.5,2,A,3,1,A185R,-2.82,-2.85,0.224,4,5,1,-2.982,-2.553,-2.718,-3.026
185,A,S,-0.02184,0.1423,10.0,2,A,3,1,A185S,-0.6835,-0.6395,0.1127,4,11,1,-0.6636,-0.8483,-0.6068,-0.6154
185,A,T,-0.4162,0.102,7.0,2,A,3,1,A185T,-0.1039,-0.1085,0.04232,4,10,1,-0.0912,-0.05094,-0.1478,-0.1258
185,A,V,0.1316,0.01153,8.0,2,A,3,1,A185V,1.205,1.279,0.2827,4,12,1,1.21,1.348,1.455,0.8089
185,A,W,-0.815,1.377,4.5,2,A,3,1,A185W,-3.284,-3.356,0.2365,4,4,1,-3.481,-2.942,-3.386,-3.326
185,A,Y,-0.484,0.1405,3.5,2,A,3,1,A185Y,-2.73,-2.818,0.3165,4,4,1,-2.939,-2.296,-2.697,-2.989
186,L,-,-0.1761,,1.0,1,L,3,1,L186-,0.223,0.1908,0.1176,4,1,1,0.2207,0.161,0.1217,0.3885
186,L,A,0.1229,0.0215,4.5,2,L,3,1,L186A,1.47,1.537,0.2008,4,4,1,1.514,1.627,1.56,1.177
186,L,C,-0.05965,0.3009,4.0,2,L,3,1,L186C,0.8117,0.8661,0.2633,4,5,1,0.7959,0.9364,1.062,0.4521
186,L,D,-1.573,0.2206,5.5,2,L,3,1,L186D,-2.293,-2.28,0.1195,4,7,1,-2.163,-2.449,-2.254,-2.306
186,L,E,0.01317,0.1093,4.5,2,L,3,1,L186E,0.1948,0.1651,0.116,4,6,1,0.151,0.3596,0.1791,0.08967
186,L,F,0.03694,0.1452,3.0,2,L,3,1,L186F,-1.178,-1.216,0.1338,4,2,1,-1.225,-1.293,-1.207,-0.9847
186,L,G,-1.907,0.9192,3.0,2,L,3,1,L186G,-0.7762,-0.758,0.06807,4,4,1,-0.7627,-0.8736,-0.7533,-0.7153
186,L,H,0.06423,0.06756,2.5,2,L,3,1,L186H,-1.038,-0.9897,0.1429,4,3,1,-1.036,-1.241,-0.943,-0.9324
186,L,I,-0.4188,0.2722,5.0,2,L,3,1,L186I,-1.146,-1.206,0.1327,4,6,1,-1.189,-0.9484,-1.222,-1.225
186,L,K,0.002047,0.008057,6.0,2,L,3,1,L186K,1.217,1.288,0.2056,4,6,1,1.231,1.346,1.369,0.9221
186,L,M,0.02782,0.1006,11.5,2,L,3,1,L186M,-0.9487,-0.9005,0.1589,4,16,1,-0.9365,-1.176,-0.818,-0.8646
186,L,N,-0.9355,0.6074,7.0,2,L,3,1,L186N,-2.763,-2.721,0.2631,4,5,1,-2.885,-2.558,-3.076,-2.534
186,L,P,0.1175,0.07877,4.5,2,L,3,1,L186P,-1.064,-1.043,0.2488,4,6,1,-1.064,-1.388,-1.021,-0.7831
186,L,Q,-0.6142,0.8963,5.0,2,L,3,1,L186Q,1.034,1.066,0.08851,4,2,1,1.051,1.1,1.081,0.9047
186,L,R,-0.1334,0.379,4.5,2,L,3,1,L186R,1.083,1.184,0.2783,4,6,1,1.143,1.226,1.289,0.6759
186,L,S,-0.2915,0.6006,5.5,2,L,3,1,L186S,0.04119,0.03256,0.07383,4,8,1,0.0383,0.02682,0.1392,-0.03958
186,L,T,-0.4465,0.8265,2.0,2,L,3,1,L186T,-1.678,-1.647,0.1505,4,2,1,-1.684,-1.885,-1.534,-1.611
186,L,V,-0.1065,0.3373,4.5,2,L,3,1,L186V,-1.81,-1.81,0.1379,4,7,1,-1.849,-1.974,-1.772,-1.645
186,L,W,0.1102,0.04597,6.0,2,L,3,1,L186W,-0.8968,-0.8176,0.2225,4,5,1,-0.8576,-1.221,-0.7776,-0.7309
186,L,Y,0.0846,0.06563,5.5,2,L,3,1,L186Y,-0.02658,-0.02888,0.02366,4,7,1,-0.03342,0.00415,-0.02435,-0.05272
187,P,-,-1.582,,1.0,1,P,3,1,P187-,0.3583,0.3529,0.1963,4,1,1,0.3206,0.3853,0.1256,0.6017
187,P,A,-0.4456,0.1788,3.5,2,P,3,1,P187A,-2.603,-2.676,0.208,4,4,1,-2.758,-2.301,-2.721,-2.631
187,P,C,-3.197,0.4794,6.0,2,P,3,1,P187C,-1.587,-1.597,0.04419,4,8,1,-1.617,-1.625,-1.529,-1.577
187,P,D,-0.5352,0.135,2.5,2,P,3,1,P187D,-0.58,-0.5788,0.1451,4,2,1,-0.585,-0.4037,-0.7588,-0.5726
187,P,E,-0.2819,0.4553,4.5,2,P,3,1,P187E,-1.249,-1.169,0.2086,4,4,1,-1.214,-1.554,-1.123,-1.105
187,P,G,-0.61,0.2075,3.0,2,P,3,1,P187G,-2.441,-2.553,0.3578,4,2,1,-2.649,-1.932,-2.456,-2.726
187,P,H,-1.962,0.2192,9.0,2,P,3,1,P187H,-1.903,-1.868,0.2317,4,10,1,-1.986,-1.75,-2.192,-1.685
187,P,I,-2.428,2.679,4.5,2,P,3,1,P187I,-0.5218,-0.5033,0.2713,4,3,1,-0.4382,-0.2155,-0.5684,-0.865
187,P,K,-4.112,0.355,5.5,2,P,3,1,P187K,-1.325,-1.487,0.333,4,5,1,-1.495,-0.8252,-1.479,-1.499
187,P,L,-1.66,0.3422,4.0,2,P,3,1,P187L,-2.11,-2.275,0.3402,4,7,1,-2.268,-1.6,-2.29,-2.282
187,P,M,-1.765,,3.5,1,P,3,1,P187M,-0.9949,-1.015,0.06965,4,6,1,-1.052,-1.038,-0.9928,-0.8974
187,P,N,-4.856,0.04384,6.5,2,P,3,1,P187N,0.7107,0.8827,0.493,4,9,1,0.8371,0.9283,1.089,-0.01201
187,P,Q,-3.208,0.7106,1.0,2,P,3,1,P187Q,0.1353,0.1326,0.08174,4,1,1,0.1085,0.04085,0.1568,0.235
187,P,R,-2.906,0.28,5.0,2,P,3,1,P187R,-0.9074,-1.206,0.6038,4,2,1,-1.211,-0.001757,-1.201,-1.216
187,P,S,-0.2462,0.2966,4.5,2,P,3,1,P187S,-1.977,-2.044,0.2397,4,4,1,-1.966,-1.643,-2.176,-2.122
187,P,T,-2.027,0.3302,3.5,2,P,3,1,P187T,-2.546,-2.563,0.214,4,6,1,-2.693,-2.302,-2.434,-2.754
187,P,V,-0.5214,0.03811,5.5,2,P,3,1,P187V,-2.092,-2.057,0.131,4,4,1,-2.085,-2.277,-1.977,-2.029
187,P,W,-2.254,0.3677,7.5,2,P,3,1,P187W,-1.257,-1.341,0.1859,4,5,1,-1.365,-0.9799,-1.363,-1.319
187,P,Y,-1.631,0.2058,4.5,2,P,3,1,P187Y,-1.959,-2.108,0.3962,4,4,1,-2.195,-1.382,-2.021,-2.239
324,V,-,-0.19,0.4395,3.0,2,G,4,1,V324-,-0.1913,-0.1989,0.1104,4,3,1,-0.3032,-0.1367,-0.06419,-0.2611
324,V,A,-0.05175,0.3079,5.0,2,G,4,1,V324A,-1.051,-0.9693,0.2014,4,4,1,-0.9975,-1.349,-0.9158,-0.9411
324,V,C,-0.6255,0.5932,4.0,2,G,4,1,V324C,0.1986,0.2162,0.04675,4,4,1,0.2102,0.2221,0.2323,0.1298
324,V,D,0.1112,0.07646,1.5,2,G,4,1,V324D,-0.1537,-0.1708,0.08844,4,4,1,-0.2316,-0.04174,-0.217,-0.1245
324,V,E,-0.3883,0.7473,6.0,2,G,4,1,V324E,-0.1446,-0.1487,0.01982,4,6,1,-0.1372,-0.1611,-0.1602,-0.1199
324,V,F,0.04295,0.06229,5.0,2,G,4,1,V324F,-0.3814,-0.3666,0.06245,4,2,1,-0.3649,-0.4698,-0.3227,-0.3682
324,V,G,-0.05943,,1.5,1,G,4,1,V324G,-2.389,-2.412,0.102,4,7,1,-2.401,-2.423,-2.246,-2.487
324,V,H,0.1386,0.03776,3.5,2,G,4,1,V324H,0.7738,0.66,0.2916,4,2,1,0.6954,0.6246,0.5709,1.205
324,V,I,0.00135,0.1852,7.0,2,G,4,1,V324I,0.005102,0.009308,0.02605,4,10,1,0.02911,-0.00435,-0.02732,0.02297
324,V,K,-0.1029,0.1131,9.5,2,G,4,1,V324K,0.02614,0.0384,0.04705,4,3,1,0.02525,0.06723,0.05154,-0.03947
324,V,L,-0.2172,0.4201,8.0,2,G,4,1,V324L,-0.6498,-0.6437,0.07904,4,8,1,-0.6486,-0.7522,-0.6387,-0.5597
324,V,M,-0.1399,0.3847,9.0,2,G,4,1,V324M,-0.7446,-0.7554,0.0893,4,9,1,-0.7834,-0.6293,-0.8386,-0.7273
324,V,N,0.09463,0.05157,4.5,2,G,4,1,V324N,-0.4066,-0.4278,0.06473,4,5,1,-0.4332,-0.4586,-0.4225,-0.3122
324,V,P,0.1265,0.01252,4.5,2,G,4,1,V324P,-2.927,-3.01,0.3761,4,7,1,-3.151,-2.421,-2.869,-3.266
324,V,Q,0.1113,0.02927,4.5,2,G,4,1,V324Q,0.05854,0.0713,0.0475,4,5,1,0.09144,-0.005728,0.05115,0.09729
324,V,R,-0.08412,0.01891,3.5,2,G,4,1,V324R,-0.844,-0.7955,0.13,4,2,1,-0.831,-1.032,-0.7601,-0.7532
324,V,S,0.06374,0.01484,5.0,2,G,4,1,V324S,-0.3399,-0.2958,0.2462,4,2,1,-0.2757,-0.08955,-0.6782,-0.316
324,V,T,-0.2429,0.5056,9.5,2,G,4,1,V324T,-0.3445,-0.3263,0.04716,4,5,1,-0.3127,-0.4127,-0.3131,-0.3394
324,V,W,0.1361,0.0449,4.5,2,G,4,1,V324W,-0.4612,-0.4479,0.0996,4,2,1,-0.466,-0.5936,-0.4299,-0.3553
324,V,Y,-1.015,1.646,4.5,2,G,4,1,V324Y,-0.2263,-0.2123,0.05124,4,5,1,-0.2205,-0.2993,-0.2041,-0.1814
347,T,-,-2.524,,1.5,1,T,4,1,T347-,-0.114,-0.1223,0.0285,4,1,1,-0.1204,-0.1241,-0.07285,-0.1385
347,T,A,-4.95,0.00495,8.5,2,T,4,1,T347A,-0.3765,-0.3596,0.08239,4,8,1,-0.3692,-0.491,-0.3501,-0.2959
347,T,C,-4.86,0.09829,2.5,2,T,4,1,T347C,-0.3831,-0.383,0.03502,4,5,1,-0.3804,-0.426,-0.3403,-0.3856
347,T,D,-4.923,0.01131,5.0,2,T,4,1,T347D,-0.5319,-0.598,0.2722,4,7,1,-0.5497,-0.7821,-0.1495,-0.6462
347,T,E,-4.014,1.175,2.5,2,T,4,1,T347E,-0.3389,-0.3358,0.02701,4,5,1,-0.3413,-0.3097,-0.3303,-0.3743
347,T,F,-4.901,0.0594,3.5,2,T,4,1,T347F,2.845,3.024,0.5844,4,1,1,3.331,2.934,3.114,2.003
347,T,G,-3.79,0.244,3.0,2,T,4,1,T347G,-0.02429,-0.05669,0.394,4,3,1,0.0037,0.4847,-0.1171,-0.4685
347,T,H,-4.418,0.08556,13.5,2,T,4,1,T347H,-1.273,-1.259,0.09165,4,1,1,-1.247,-1.396,-1.271,-1.176
347,T,I,-4.895,0.09899,12.5,2,T,4,1,T347I,1.477,1.612,0.3473,4,13,1,1.539,1.716,1.684,0.9694
347,T,K,-4.906,0.004243,5.0,2,T,4,1,T347K,-0.962,-0.9028,0.1349,4,4,1,-0.8786,-1.164,-0.9057,-0.8999
347,T,L,-4.922,0.0495,6.5,2,T,4,1,T347L,1.81,1.833,0.1218,4,3,1,1.799,1.929,1.866,1.645
347,T,M,-4.841,0.1549,8.0,2,T,4,1,T347M,1.29,1.375,0.2412,4,8,1,1.317,1.433,1.468,0.9414
347,T,N,-4.53,0.6003,3.0,2,T,4,1,T347N,-0.1864,-0.2011,0.04493,4,7,1,-0.1926,-0.1215,-0.2219,-0.2097
347,T,P,-4.948,0.02616,3.0,2,T,4,1,T347P,0.1491,0.113,0.147,4,2,1,0.1288,0.3571,0.09729,0.0131
347,T,Q,-3.954,0.09405,8.5,2,T,4,1,T347Q,0.2496,0.3065,0.1885,4,5,1,0.2314,0.3957,0.3815,-0.01035
347,T,R,-4.947,,3.0,1,T,4,1,T347R,-1.442,-1.374,0.183,4,1,1,-1.397,-1.711,-1.352,-1.307
347,T,S,-0.3584,0.3435,4.0,2,T,4,1,T347S,-0.1812,-0.1851,0.0546,4,3,1,-0.1197,-0.1515,-0.2348,-0.2188
347,T,V,-4.908,0.01131,8.5,2,T,4,1,T347V,-0.2461,-0.243,0.02441,4,7,1,-0.2562,-0.2756,-0.2227,-0.2299
347,T,W,-4.858,0.0601,4.5,2,T,4,1,T347W,0.2036,0.2039,0.1476,4,6,1,0.2035,0.2044,0.384,0.02251
347,T,Y,-4.877,0.03606,3.5,2,T,4,1,T347Y,0.138,0.1581,0.1393,4,5,1,0.1252,0.2828,0.191,-0.04714
365,N,-,-0.02388,0.08403,1.5,2,N,5,1,N365-,0.1979,0.1889,0.06015,4,2,1,0.203,0.1749,0.2781,0.1358
365,N,A,-0.2065,0.486,6.0,2,N,5,1,N365A,-0.2182,-0.2049,0.06327,4,9,1,-0.2218,-0.3047,-0.1881,-0.1582
365,N,C,-0.5399,0.4734,3.0,2,N,5,1,N365C,-0.03616,-0.002045,0.08037,4,1,1,0.004492,-0.1558,-0.008583,0.01528
365,N,D,-0.9112,0.5144,7.0,2,N,5,1,N365D,0.9058,0.9719,0.2872,4,5,1,0.9214,1.175,1.022,0.5043
365,N,E,-0.372,0.2303,8.0,2,N,5,1,N365E,1.183,1.204,0.1698,4,3,1,1.168,1.24,1.364,0.9586
365,N,G,-0.1835,0.1911,9.5,2,N,5,1,N365G,0.2657,0.271,0.05626,4,7,1,0.2759,0.2661,0.3288,0.1922
365,N,H,0.06513,0.07858,2.0,2,N,5,1,N365H,-1.728,-1.758,0.151,4,10,1,-1.875,-1.522,-1.725,-1.792
365,N,I,-0.8517,0.3159,2.5,2,N,5,1,N365I,0.2826,0.1778,0.2285,4,1,1,0.158,0.1976,0.624,0.1508
365,N,K,-0.0079,0.2461,8.5,2,N,5,1,N365K,0.7371,0.7342,0.0325,4,5,1,0.7252,0.7785,0.7014,0.7432
365,N,M,0.00015,0.1744,2.5,2,N,5,1,N365M,-0.8504,-0.8544,0.01918,4,3,1,-0.8622,-0.8466,-0.825,-0.8679
365,N,P,-2.458,0.06647,7.0,2,N,5,1,N365P,0.9493,1.103,0.4262,4,8,1,1.036,1.17,1.266,0.3259
365,N,Q,0.1499,0.01676,5.5,2,N,5,1,N365Q,-0.1929,-0.1937,0.02316,4,12,1,-0.2188,-0.2031,-0.1843,-0.1654
365,N,R,-0.5085,0.9016,4.0,2,N,5,1,N365R,-0.03892,-0.01763,0.06982,4,3,1,-0.04147,0.0162,-0.1366,0.006208
365,N,S,-0.4456,0.6448,5.0,2,N,5,1,N365S,-0.376,-0.3754,0.03327,4,8,1,-0.375,-0.4174,-0.3758,-0.3359
365,N,T,-0.0744,0.0322,4.5,2,N,5,1,N365T,0.7067,0.7129,0.1523,4,4,1,0.7249,0.8864,0.701,0.5145
365,N,V,0.04376,0.1756,5.5,2,N,5,1,N365V,-0.01952,-0.02726,0.02457,4,6,1,0.01459,-0.01775,-0.03677,-0.03813
365,N,W,-0.292,0.5111,1.5,2,N,5,1,N365W,-1.105,-1.115,0.03628,4,2,1,-1.137,-1.117,-1.113,-1.053
365,N,Y,-0.2961,,1.0,1,N,5,1,N365Y,-1.344,-1.272,0.1768,4,3,1,-1.309,-1.603,-1.235,-1.227
379,F,A,-2.91,0.4886,5.5,2,F,5,1,F379A,0.03118,0.02496,0.1946,4,3,1,0.01035,0.2751,0.03957,-0.2003
379,F,C,-4.503,0.5756,4.5,2,F,5,1,F379C,-0.03568,-0.04533,0.0739,4,4,1,-0.04236,0.06339,-0.04829,-0.1154
379,F,D,-4.897,0.04455,6.0,2,F,5,1,F379D,1.078,1.155,0.2203,4,2,1,1.116,1.194,1.245,0.7575
379,F,E,-4.93,0.09051,2.0,2,F,5,1,F379E,-0.7191,-0.6996,0.07894,4,4,1,-0.6795,-0.8291,-0.6482,-0.7197
379,F,H,-0.6682,0.6983,4.5,2,F,5,1,F379H,0.1938,0.2335,0.124,4,3,1,0.1953,0.2898,0.2717,0.01825
379,F,I,-2.46,1.87,4.0,2,F,5,1,F379I,0.679,0.6631,0.1548,4,3,1,0.8793,0.5104,0.7009,0.6252
379,F,K,-4.71,0.2298,5.0,2,F,5,1,F379K,0.3321,0.3717,0.2753,4,7,1,0.3483,0.3951,0.6241,-0.03919
379,F,L,-1.421,0.2722,13.5,2,F,5,1,F379L,-0.529,-0.494,0.08171,4,13,1,-0.4904,-0.6509,-0.4772,-0.4975
379,F,M,0.106,0.01409,7.0,2,F,5,1,F379M,0.2031,0.1743,0.1275,4,4,1,0.2423,0.3664,0.1063,0.09746
379,F,N,-2.305,0.8287,4.5,2,F,5,1,F379N,-0.0719,-0.07845,0.09249,4,4,1,-0.06327,0.04652,-0.09362,-0.1772
379,F,P,-4.912,0.006364,6.0,2,F,5,1,F379P,-0.08484,-0.09607,0.1915,4,4,1,-0.1175,0.1594,-0.07461,-0.3066
379,F,Q,-4.463,0.5381,1.5,2,F,5,1,F379Q,-0.166,-0.1581,0.145,4,7,1,-0.2658,-0.05042,-0.03314,-0.3147
379,F,R,-1.598,0.5968,2.5,2,F,5,1,F379R,0.6668,0.4534,0.7162,4,3,1,0.3553,0.5515,1.698,0.0624
379,F,S,-4.944,0.01697,7.5,2,F,5,1,F379S,1.215,1.381,0.417,4,3,1,1.348,1.415,1.501,0.5966
379,F,T,-4.905,0.009192,5.0,2,F,5,1,F379T,0.1696,0.2134,0.09428,4,4,1,0.2113,0.2154,0.02842,0.2234
379,F,V,-2.734,1.436,2.5,2,F,5,1,F379V,-0.6067,-0.562,0.1213,4,6,1,-0.5772,-0.7851,-0.5467,-0.5178
379,F,W,0.1401,0.002899,2.5,2,F,5,1,F379W,0.6112,0.8125,0.4189,4,2,1,0.7944,0.8306,0.8364,-0.01653
379,F,Y,0.1248,0.06988,4.0,2,F,5,1,F379Y,0.7873,0.8656,0.248,4,8,1,0.8167,0.9876,0.9145,0.4304
402,A,-,0.08079,,1.5,1,A,5,1,A402-,-0.09474,-0.09725,0.02341,4,4,1,-0.1171,-0.08339,-0.06738,-0.1111
402,A,C,-1.779,0.08697,9.5,2,A,5,1,A402C,-1.467,-1.449,0.07634,4,7,1,-1.468,-1.573,-1.43,-1.397
402,A,D,-4.827,0.04243,6.0,2,A,5,1,A402D,-2.516,-2.599,0.2628,4,7,1,-2.701,-2.151,-2.497,-2.714
402,A,E,-4.829,0.0898,4.0,2,A,5,1,A402E,-1.443,-1.507,0.2218,4,10,1,-1.48,-1.635,-1.533,-1.125
402,A,F,-0.9576,0.3994,5.5,2,A,5,1,A402F,0.03055,0.003561,0.06741,4,4,1,0.01095,0.1304,-0.0153,-0.003828
402,A,G,-0.3458,,2.0,1,A,5,1,A402G,-1.701,-1.788,0.3533,4,5,1,-1.749,-2.027,-1.828,-1.201
402,A,H,-4.855,0.0495,3.0,2,A,5,1,A402H,0.2835,0.2863,0.01409,4,4,1,0.2827,0.2899,0.2642,0.297
402,A,I,-1.194,0.0594,4.0,2,A,5,1,A402I,0.6216,0.601,0.3617,4,2,1,0.5138,1.076,0.2088,0.6881
402,A,K,-4.857,0.1435,6.0,2,A,5,1,A402K,1.675,1.689,0.1184,4,3,1,1.69,1.804,1.517,1.688
402,A,L,-0.5004,0.06498,7.0,2,A,5,1,A402L,0.9297,0.9267,0.1042,4,2,1,0.9023,0.951,0.8076,1.058
402,A,M,-1.451,0.7811,4.0,2,A,5,1,A402M,0.1283,0.1258,0.01116,4,6,1,0.1198,0.1426,0.1191,0.1317
402,A,N,-1.648,0.1577,9.5,2,A,5,1,A402N,-0.1094,-0.08417,0.05261,4,3,1,-0.08454,-0.1883,-0.08107,-0.0838
402,A,P,-4.53,0.1464,3.5,2,A,5,1,A402P,-2.296,-2.332,0.1268,4,4,1,-2.335,-2.407,-2.113,-2.33
402,A,Q,-4.225,0.04879,1.5,2,A,5,1,A402Q,0.3677,0.3418,0.07794,4,10,1,0.3442,0.4817,0.3055,0.3394
402,A,R,-4.962,0.02263,6.5,2,A,5,1,A402R,1.441,1.477,0.4887,4,4,1,1.317,1.637,1.98,0.8305
402,A,S,-0.9308,1.357,8.0,2,A,5,1,A402S,-0.1004,-0.08835,0.02806,4,7,1,-0.08926,-0.0826,-0.1423,-0.08743
402,A,T,-0.6881,0.2843,11.0,2,A,5,1,A402T,0.4966,0.5711,0.2271,4,16,1,0.5086,0.6337,0.6718,0.1725
402,A,V,-0.2643,0.5762,6.5,2,A,5,1,A402V,0.3747,0.3784,0.02009,4,7,1,0.3671,0.3498,0.3897,0.3923
402,A,W,-4.713,0.2553,5.0,2,A,5,1,A402W,-0.5403,-0.5408,0.01918,4,6,1,-0.539,-0.5426,-0.5163,-0.5631
402,A,Y,-1.608,0.94,3.0,2,A,5,1,A402Y,-0.2234,-0.2154,0.02723,4,1,1,-0.2134,-0.2175,-0.2,-0.2626
404,L,-,0.05187,,2.0,1,W,5,1,L404-,-0.01549,-0.0235,0.02725,4,3,1,-0.02506,0.02387,-0.02194,-0.03884
404,L,A,-0.9047,0.6934,3.0,2,W,5,1,L404A,-1.859,-1.941,0.432,4,3,1,-2.025,-1.267,-1.857,-2.285
404,L,C,-1.804,0.4207,7.5,2,W,5,1,L404C,-1.133,-0.9487,0.5637,4,2,1,-1.127,-1.931,-0.7707,-0.7035
404,L,D,-4.762,0.1952,5.0,2,W,5,1,L404D,-2.382,-2.352,0.3979,4,6,1,-2.491,-1.946,-2.214,-2.877
404,L,E,-4.949,0.08061,2.5,2,W,5,1,L404E,-2.843,-2.957,0.3082,4,2,1,-3.064,-2.393,-2.896,-3.018
404,L,F,-0.3376,0.3045,3.5,2,W,5,1,L404F,-2.279,-2.38,0.3895,4,5,1,-2.49,-1.736,-2.269,-2.62
404,L,G,-4.87,0.07142,3.5,2,W,5,1,L404G,-2.646,-2.744,0.2944,4,2,1,-2.873,-2.222,-2.677,-2.812
404,L,H,-3.821,0.6385,2.5,2,W,5,1,L404H,-3.544,-3.659,0.2461,4,10,1,-3.683,-3.175,-3.67,-3.648
404,L,I,-0.1094,0.08362,6.5,2,W,5,1,L404I,-2.463,-2.483,0.202,4,4,1,-2.501,-2.689,-2.198,-2.465
404,L,K,-4.026,1.324,4.5,2,W,5,1,L404K,-1.113,-1.002,0.2483,4,7,1,-0.9643,-1.483,-0.9775,-1.027
404,L,M,-0.3798,0.7031,5.0,2,W,5,1,L404M,-0.5478,-0.5237,0.09827,4,11,1,-0.5085,-0.6863,-0.5389,-0.4574
404,L,N,-4.643,0.02121,6.0,2,W,5,1,L404N,1.862,1.908,0.4428,4,1,1,2.297,1.335,2.149,1.667
404,L,P,-1.849,0.8952,4.5,2,W,5,1,L404P,-1.6,-1.61,0.06509,4,11,1,-1.669,-1.608,-1.611,-1.512
404,L,Q,-4.919,0.03677,3.0,2,W,5,1,L404Q,-2.472,-2.597,0.3474,4,4,1,-2.725,-2.508,-2.685,-1.971
404,L,R,-2.237,1.515,5.0,2,W,5,1,L404R,-2.498,-2.712,0.5131,4,7,1,-2.829,-1.739,-2.632,-2.792
404,L,S,-4.825,0.1379,5.5,2,W,5,1,L404S,-1.627,-1.633,0.08056,4,6,1,-1.638,-1.72,-1.628,-1.523
404,L,T,-3.647,1.841,3.0,2,W,5,1,L404T,-0.1632,-0.1627,0.1235,4,9,1,-0.1917,-0.01514,-0.1337,-0.3121
404,L,V,-0.8511,1.175,2.5,2,W,5,1,L404V,-2.129,-2.268,0.302,4,3,1,-2.287,-1.677,-2.249,-2.304
404,L,W,-1.258,2.014,2.0,2,W,5,1,L404W,-0.6119,-0.506,0.3194,4,2,1,-0.3761,-0.3883,-0.6237,-1.059
404,L,Y,0.05046,0.159,3.5,2,W,5,1,L404Y,-1.119,-1.035,0.3518,4,1,1,-1.034,-1.617,-1.036,-0.7882
432,V,-,-0.4546,0.4273,6.0,2,V,5,1,V432-,0.4687,0.2054,0.5531,4,2,1,0.2218,0.1662,1.298,0.189
432,V,A,-0.458,0.3483,4.0,2,V,5,1,V432A,-1.181,-1.117,0.2261,4,3,1,-1.179,-0.9911,-1.499,-1.054
432,V,C,-0.2118,0.2311,6.0,2,V,5,1,V432C,-2.142,-2.27,0.325,4,1,1,-2.358,-1.669,-2.188,-2.352
432,V,D,0.1521,0.0215,3.5,2,V,5,1,V432D,-0.05036,-0.02976,0.08131,4,7,1,-0.03363,0.02419,-0.02589,-0.1661
432,V,E,-0.08497,0.1167,6.0,2,V,5,1,V432E,0.03572,-0.0007438,0.1375,4,3,1,-0.01324,0.232,0.01175,-0.08762
432,V,F,-3.809,1.09,4.0,2,V,5,1,V432F,-2.841,-2.903,0.2594,4,8,1,-3.031,-2.502,-2.775,-3.057
432,V,G,-0.03985,0.2709,3.5,2,V,5,1,V432G,-0.6975,-0.7094,0.2169,4,7,1,-0.666,-0.424,-0.7527,-0.9472
432,V,H,0.1195,0.04054,7.5,2,V,5,1,V432H,0.02412,0.01175,0.2342,4,6,1,-0.02622,0.04973,0.3202,-0.2472
432,V,I,-0.4278,0.7265,4.5,2,V,5,1,V432I,-0.7923,-0.7605,0.1071,4,15,1,-0.7528,-0.9471,-0.7681,-0.7011
432,V,K,-0.175,0.4337,3.0,2,V,5,1,V432K,-1.033,-1.214,0.368,4,2,1,-1.223,-0.4814,-1.206,-1.223
432,V,L,-0.2234,0.3091,8.5,2,V,5,1,V432L,-2.171,-2.282,0.4672,4,7,1,-2.458,-1.54,-2.105,-2.583
432,V,M,0.06255,0.09284,12.0,2,V,5,1,V432M,-1.65,-1.78,0.4022,4,3,1,-1.769,-1.063,-1.977,-1.792
432,V,N,0.02303,0.07259,4.0,2,V,5,1,V432N,0.1707,0.1982,0.1485,4,7,1,0.1469,0.2495,0.3134,-0.02694
432,V,P,-1.0,0.1089,3.5,2,V,5,1,V432P,-0.6224,-0.6527,0.08142,4,2,1,-0.6631,-0.5026,-0.6423,-0.6815
432,V,Q,-0.6047,0.8885,7.5,2,V,5,1,V432Q,-0.001626,0.006477,0.04881,4,1,1,0.009427,0.04887,0.003526,-0.06832
432,V,R,-0.3781,0.4821,3.0,2,V,5,1,V432R,-1.175,-1.225,0.14,4,5,1,-1.281,-0.9714,-1.2,-1.249
432,V,S,-0.2418,0.3411,2.5,2,V,5,1,V432S,-0.03815,0.004866,0.13,4,1,1,0.01192,-0.2281,-0.00219,0.06574
432,V,T,-0.1781,0.3269,3.5,2,V,5,1,V432T,-1.788,-1.789,0.09295,4,9,1,-1.857,-1.878,-1.721,-1.696
432,V,W,-0.3524,0.03536,3.0,2,V,5,1,V432W,-1.598,-1.622,0.1195,4,4,1,-1.715,-1.432,-1.636,-1.608
432,V,Y,-0.1972,0.4369,5.0,2,V,5,1,V432Y,-1.482,-1.483,0.156,4,7,1,-1.476,-1.672,-1.489,-1.29
