wildtype,sequential_site,reference_site,referance_aa,region
M,1,1,M,1
F,2,2,F,1
V,3,3,V,1
L,4,4,L,1
L,5,5,L,1
V,6,6,V,1
A,7,7,A,1
Y,8,8,Y,1
A,9,9,A,1
L,10,10,L,1
L,11,11,L,1
H,12,12,H,1
I,13,13,I,1
A,14,14,A,1
G,15,15,G,1
C,16,16,C,1
Q,17,17,Q,1
T,18,18,T,1
T,19,19,T,1
N,20,20,N,1
G,21,21,G,1
L,22,22,L,1
N,23,23,N,1
T,24,24,T,1
S,25,25,S,1
H,26,26,Y,1
S,27,27,S,1
V,28,28,V,1
C,29,29,C,1
N,30,30,N,1
G,31,31,G,1
C,32,32,C,1
V,33,33,V,1
G,34,34,G,1
H,35,35,Y,1
S,36,36,S,1
E,37,37,E,1
N,38,38,N,1
V,39,39,V,1
F,40,40,F,1
A,41,41,A,1
V,42,42,V,1
E,43,43,E,1
S,44,44,S,1
G,45,45,G,1
G,46,46,G,1
Y,47,47,Y,1
I,48,48,I,1
P,49,49,P,1
S,50,50,S,1
D,51,51,D,1
F,52,52,F,1
A,53,53,A,1
F,54,54,F,1
N,55,55,N,1
N,56,56,N,1
W,57,57,W,1
F,58,58,F,1
L,59,59,L,1
L,60,60,L,1
T,61,61,T,1
N,62,62,N,1
T,63,63,T,1
S,64,64,S,1
S,65,65,S,1
V,66,66,V,1
V,67,67,V,1
D,68,68,D,1
G,69,69,G,1
V,70,70,V,1
V,71,71,V,1
R,72,72,R,1
S,73,73,S,1
F,74,74,F,1
Q,75,75,Q,1
P,76,76,P,1
L,77,77,L,1
L,78,78,L,1
L,79,79,L,1
N,80,80,N,1
C,81,81,C,1
L,82,82,L,1
W,83,83,W,1
S,84,84,S,1
V,85,85,V,1
S,86,86,S,1
G,87,87,G,1
S,88,88,L,1
R,89,89,R,1
F,90,90,F,1
T,91,91,T,1
T,92,92,T,1
G,93,93,G,1
F,94,94,F,2
V,95,95,V,2
Y,96,96,Y,2
F,97,97,F,2
N,98,98,N,2
G,99,99,G,2
T,100,100,T,2
G,101,101,G,2
R,102,102,R,2
G,103,103,G,2
D,104,104,D,2
C,105,105,C,2
K,106,106,K,2
G,107,107,G,2
F,108,108,F,2
Y,109,109,S,2
S,110,110,S,2
N,111,111,D,2
A,112,112,V,2
S,113,113,L,2
S,114,114,S,2
D,115,115,D,2
V,116,116,V,2
I,117,117,I,2
R,118,118,R,2
Y,119,119,Y,2
N,120,120,N,2
I,121,121,L,2
N,122,122,N,2
F,123,123,F,2
E,124,124,E,2
R,125,125,E,2
N,126,126,N,2
L,127,127,L,2
R,128,128,R,2
R,129,129,R,2
G,130,130,G,2
T,131,131,T,2
I,132,132,I,2
L,133,133,L,2
F,134,134,F,2
K,135,135,K,2
T,136,136,T,2
S,137,137,S,2
Y,138,138,Y,2
G,139,139,G,2
V,140,140,V,2
V,141,141,V,2
V,142,142,V,2
F,143,143,F,2
Y,144,144,Y,2
C,145,145,C,2
T,146,146,T,2
N,147,147,N,2
N,148,148,N,2
T,149,149,T,2
L,150,150,L,2
V,151,151,V,2
S,152,152,S,2
G,153,153,G,2
D,154,154,D,2
A,155,155,A,2
H,156,156,H,2
I,157,157,I,2
P,158,158,P,2
F,159,159,F,2
G,160,160,G,2
T,161,161,T,2
V,162,162,V,2
L,163,163,L,2
G,164,164,G,2
N,165,165,N,2
F,166,166,F,2
Y,167,167,Y,2
C,168,168,C,2
F,169,169,F,2
V,170,170,V,2
N,171,171,N,2
T,172,172,T,2
T,173,173,T,2
I,174,174,I,2
G,175,175,G,2
N,176,176,T,2
E,177,177,E,2
T,178,178,T,2
T,179,179,T,2
S,180,180,S,2
A,181,181,A,3
F,182,182,F,3
V,183,183,V,3
G,184,184,G,3
A,185,185,A,3
L,186,186,L,3
P,187,187,P,3
K,188,188,K,3
T,189,189,T,3
V,190,190,V,3
R,191,191,R,3
E,192,192,E,3
F,193,193,F,3
V,194,194,V,3
I,195,195,I,3
S,196,196,S,3
R,197,197,R,3
T,198,198,T,3
G,199,199,G,3
H,200,200,H,3
F,201,201,F,3
Y,202,202,Y,3
I,203,203,I,3
N,204,204,N,3
G,205,205,G,3
Y,206,206,Y,3
R,207,207,R,3
Y,208,208,Y,3
F,209,209,F,3
T,210,210,T,3
L,211,211,L,3
G,212,212,G,3
N,213,213,N,3
V,214,214,V,3
E,215,215,E,3
A,216,216,A,3
V,217,217,V,3
N,218,218,N,3
F,219,219,F,3
N,220,220,N,3
V,221,221,V,3
T,222,222,T,3
N,223,223,T,3
A,224,224,A,3
E,225,225,E,3
T,226,226,T,3
T,227,227,T,3
V,228,229,F,3
C,229,230,F,3
T,230,231,T,3
V,231,232,V,3
A,232,233,A,3
L,233,234,L,3
A,234,235,A,3
S,235,236,S,3
Y,236,237,Y,3
A,237,238,A,3
D,238,239,D,3
V,239,240,V,3
L,240,241,L,3
V,241,242,V,3
N,242,243,N,3
V,243,244,V,3
S,244,245,S,3
Q,245,246,Q,3
T,246,247,T,3
A,247,248,S,3
I,248,249,I,3
A,249,250,A,3
N,250,251,N,3
I,251,252,I,3
I,252,253,I,3
Y,253,254,Y,3
C,254,255,C,3
N,255,256,N,3
S,256,257,S,3
V,257,258,V,3
I,258,259,I,3
N,259,260,N,3
R,260,261,R,3
L,261,262,L,3
R,262,263,R,3
C,263,264,C,3
D,264,265,D,3
Q,265,266,Q,3
L,266,267,L,3
S,267,268,S,3
F,268,269,F,4
D,269,270,Y,4
V,270,271,V,4
P,271,272,P,4
D,272,273,D,4
G,273,274,G,4
F,274,275,F,4
Y,275,276,Y,4
S,276,277,S,4
T,277,278,T,4
S,278,279,S,4
P,279,280,P,4
I,280,281,I,4
Q,281,282,Q,4
S,282,283,S,4
V,283,284,V,4
E,284,285,E,4
L,285,286,L,4
P,286,287,P,4
V,287,288,V,4
S,288,289,S,4
I,289,290,I,4
V,290,291,V,4
S,291,292,S,4
L,292,293,L,4
P,293,294,P,4
V,294,295,V,4
Y,295,296,Y,4
H,296,297,H,4
K,297,298,K,4
H,298,299,H,4
T,299,300,M,4
F,300,301,F,4
I,301,302,I,4
V,302,303,V,4
L,303,304,L,4
Y,304,305,Y,4
V,305,306,V,4
D,306,307,D,4
F,307,308,F,4
K,308,309,K,4
L,309,310,P,4
Q,310,311,Q,4
S,311,312,S,4
G,312,313,G,4
V,313,314,G,4
G,314,315,G,4
R,315,316,K,4
C,316,317,C,4
F,317,318,F,4
N,318,319,N,4
C,319,320,C,4
R,320,321,Y,4
P,321,322,P,4
A,322,323,A,4
V,323,324,G,4
V,324,325,V,4
N,325,326,N,4
I,326,327,I,4
T,327,328,T,4
L,328,329,L,4
A,329,330,A,4
N,330,331,N,4
F,331,332,F,4
N,332,333,N,4
E,333,334,E,4
T,334,335,T,4
K,335,336,K,4
G,336,337,G,4
P,337,338,P,4
L,338,339,L,4
C,339,340,C,4
V,340,341,V,4
D,341,342,D,4
T,342,343,T,4
S,343,344,S,4
H,344,345,H,4
F,345,346,F,4
T,346,347,T,4
T,347,348,T,4
K,348,349,K,4
F,349,350,Y,4
V,350,351,V,4
G,351,352,A,4
A,352,355,A,4
N,353,356,N,4
F,354,357,V,4
G,355,358,G,4
R,356,359,R,4
W,357,360,W,4
S,358,361,S,4
A,359,362,A,4
S,360,363,S,4
I,361,364,I,5
N,362,365,N,5
T,363,366,T,5
G,364,367,G,5
N,365,368,N,5
C,366,369,C,5
P,367,370,P,5
F,368,371,F,5
S,369,372,S,5
F,370,373,F,5
G,371,374,G,5
K,372,375,K,5
V,373,376,V,5
N,374,377,N,5
N,375,378,N,5
F,376,379,F,5
V,377,380,V,5
K,378,381,K,5
F,379,382,F,5
G,380,383,G,5
S,381,384,S,5
V,382,385,V,5
C,383,386,C,5
F,384,387,F,5
S,385,388,S,5
L,386,389,L,5
K,387,390,K,5
D,388,391,D,5
I,389,392,I,5
P,390,393,P,5
G,391,394,G,5
G,392,395,G,5
C,393,396,C,5
A,394,397,A,5
M,395,398,M,5
P,396,399,P,5
I,397,400,I,5
V,398,401,V,5
A,399,402,A,5
N,400,403,N,5
L,401,404,W,5
A,402,405,A,5
Y,403,406,Y,5
L,404,407,S,5
N,405,408,K,5
S,406,409,Y,5
Y,407,410,Y,5
T,408,411,T,5
I,409,412,I,5
G,410,413,G,5
S,411,414,T,5
L,412,415,L,5
Y,413,416,Y,5
V,414,417,V,5
S,415,418,S,5
W,416,419,W,5
S,417,420,S,5
D,418,421,D,5
G,419,422,G,5
D,420,423,D,5
V,421,424,G,5
I,422,425,I,5
T,423,426,T,5
G,424,427,G,5
V,425,428,V,5
P,426,429,P,5
K,427,430,Q,5
P,428,431,P,5
V,429,432,V,5
E,430,433,E,5
G,431,434,G,5
V,432,435,V,5
S,433,436,S,5
S,434,437,S,5
F,435,438,F,5
M,436,439,M,5
N,437,440,N,5
V,438,441,V,5
T,439,442,T,5
L,440,443,L,5
N,441,444,D,5
K,442,445,K,6
C,443,446,C,6
T,444,447,T,6
K,445,448,K,6
Y,446,449,Y,6
N,447,450,N,6
I,448,451,I,6
Y,449,452,Y,6
D,450,453,D,6
V,451,454,V,6
S,452,455,S,6
G,453,456,G,6
V,454,457,V,6
G,455,458,G,6
V,456,459,V,6
I,457,460,I,6
R,458,461,R,6
I,459,462,V,6
S,460,463,S,6
N,461,464,N,6
D,462,465,D,6
T,463,466,T,6
F,464,467,F,6
L,465,468,L,6
N,466,469,N,6
G,467,470,G,6
I,468,471,I,6
T,469,472,T,6
Y,470,473,Y,6
T,471,474,T,6
S,472,475,S,6
T,473,476,T,6
S,474,477,S,6
G,475,478,G,6
N,476,479,N,6
L,477,480,L,6
L,478,481,L,6
G,479,482,G,6
F,480,483,F,6
K,481,484,K,6
D,482,485,D,6
V,483,486,V,6
T,484,487,T,6
N,485,488,K,6
G,486,489,G,6
T,487,490,T,6
I,488,491,I,6
Y,489,492,Y,6
S,490,493,S,6
I,491,494,I,6
T,492,495,T,6
P,493,496,P,6
C,494,497,C,6
N,495,498,N,6
P,496,499,P,6
P,497,500,P,6
D,498,501,D,6
Q,499,502,Q,6
L,500,503,L,6
V,501,504,V,6
V,502,505,V,6
Y,503,506,Y,6
Q,504,507,Q,6
Q,505,508,Q,6
A,506,509,A,6
V,507,510,V,6
V,508,511,V,6
G,509,512,G,6
A,510,513,A,6
M,511,514,M,6
L,512,515,L,6
S,513,516,S,6
E,514,517,E,6
N,515,518,N,6
F,516,519,F,6
T,517,520,T,6
S,518,521,S,6
Y,519,522,Y,6
G,520,523,G,6
F,521,524,F,6
S,522,525,S,6
N,523,526,N,6
V,524,527,V,6
V,525,528,V,6
E,526,529,E,6
M,527,530,L,6
P,528,531,P,6
K,529,532,K,7
F,530,533,F,7
F,531,534,F,7
Y,532,535,Y,7
A,533,536,A,7
S,534,537,S,7
N,535,538,N,7
G,536,539,G,7
T,537,540,T,7
Y,538,541,Y,7
N,539,542,N,7
C,540,543,C,7
T,541,544,T,7
D,542,545,D,7
A,543,546,A,7
V,544,547,V,7
L,545,548,L,7
T,546,549,T,7
Y,547,550,Y,7
S,548,551,S,7
S,549,552,S,7
F,550,553,F,7
G,551,554,G,7
V,552,555,V,7
C,553,556,C,7
A,554,557,A,7
D,555,558,D,7
G,556,559,G,7
S,557,560,S,7
I,558,561,I,7
I,559,562,I,7
A,560,563,A,7
V,561,564,V,7
Q,562,565,Q,7
P,563,566,P,7
R,564,567,R,7
N,565,568,N,7
V,566,569,V,7
S,567,570,S,7
Y,568,571,Y,7
D,569,572,D,7
S,570,573,S,7
V,571,574,V,7
S,572,575,S,7
A,573,576,A,7
I,574,577,I,7
V,575,578,V,7
T,576,579,T,7
A,577,580,A,7
N,578,581,N,7
L,579,582,L,7
S,580,583,S,7
I,581,584,I,7
P,582,585,P,7
S,583,586,S,7
N,584,587,N,7
W,585,588,W,7
T,586,589,T,7
T,587,590,I,7
S,588,591,S,7
V,589,592,V,7
Q,590,593,Q,7
V,591,594,V,7
E,592,595,E,7
Y,593,596,Y,7
L,594,597,L,7
Q,595,598,Q,7
I,596,599,I,7
T,597,600,T,7
S,598,601,S,7
T,599,602,T,7
P,600,603,P,7
I,601,604,I,7
V,602,605,V,7
V,603,606,V,7
D,604,607,D,7
C,605,608,C,7
S,606,609,S,7
T,607,610,T,7
Y,608,611,Y,7
V,609,612,V,7
C,610,613,C,7
N,611,614,N,7
G,612,615,G,7
N,613,616,N,7
V,614,617,V,7
R,615,618,R,7
C,616,619,C,8
V,617,620,V,8
E,618,621,E,8
L,619,622,L,8
L,620,623,L,8
K,621,624,K,8
Q,622,625,Q,8
Y,623,626,Y,8
T,624,627,T,8
S,625,628,S,8
A,626,629,A,8
C,627,630,C,8
K,628,631,K,8
T,629,632,T,8
I,630,633,I,8
E,631,634,E,8
D,632,635,D,8
A,633,636,A,8
L,634,637,L,8
R,635,638,R,8
N,636,639,N,8
S,637,640,S,8
A,638,641,A,8
M,639,642,R,8
L,640,643,L,8
E,641,644,E,8
S,642,645,S,8
A,643,646,A,8
D,644,647,D,8
V,645,648,V,8
S,646,649,S,8
E,647,650,E,8
M,648,651,M,8
L,649,652,L,8
T,650,653,T,8
F,651,654,F,8
D,652,655,D,8
K,653,656,K,8
K,654,657,K,8
A,655,658,A,8
F,656,659,F,8
T,657,660,T,8
L,658,661,L,8
A,659,662,A,8
N,660,663,N,8
V,661,664,V,8
S,662,665,S,8
S,663,666,S,8
F,664,667,F,8
G,665,668,G,8
D,666,669,D,8
Y,667,670,Y,8
N,668,671,N,8
L,669,672,L,8
S,670,673,S,8
S,671,674,S,8
V,672,675,V,8
I,673,676,I,8
P,674,677,P,8
S,675,678,S,8
L,676,679,L,8
P,677,680,P,8
T,678,681,T,8
S,679,682,S,8
G,680,683,G,8
S,681,684,S,8
R,682,685,R,8
V,683,686,V,8
A,684,687,A,8
G,685,688,G,8
R,686,689,R,8
S,687,690,S,8
A,688,691,A,8
I,689,692,I,8
E,690,693,E,8
D,691,694,D,8
I,692,695,I,8
L,693,696,L,8
F,694,697,F,8
S,695,698,S,8
K,696,699,K,8
L,697,700,I,8
V,698,701,V,8
T,699,702,T,8
S,700,703,S,8
G,701,704,G,8
L,702,705,L,8
G,703,706,G,9
T,704,707,T,9
V,705,708,V,9
D,706,709,D,9
A,707,710,A,9
D,708,711,D,9
Y,709,712,Y,9
K,710,713,K,9
K,711,714,N,9
C,712,715,C,9
T,713,716,T,9
K,714,717,K,9
G,715,718,G,9
L,716,719,L,9
S,717,720,S,9
I,718,721,I,9
A,719,722,A,9
D,720,723,D,9
L,721,724,L,9
A,722,725,A,9
C,723,726,C,9
A,724,727,A,9
Q,725,728,Q,9
Y,726,729,Y,9
Y,727,730,Y,9
N,728,731,N,9
G,729,732,G,9
I,730,733,I,9
M,731,734,M,9
V,732,735,V,9
L,733,736,L,9
P,734,737,P,9
G,735,738,G,9
V,736,739,V,9
A,737,740,A,9
D,738,741,D,9
A,739,742,A,9
E,740,743,E,9
R,741,744,R,9
M,742,745,M,9
A,743,746,A,9
M,744,747,M,9
Y,745,748,Y,9
T,746,749,T,9
G,747,750,G,9
S,748,751,S,9
L,749,752,L,9
I,750,753,I,9
G,751,754,G,9
G,752,755,G,9
I,753,756,I,9
A,754,757,A,9
L,755,758,L,9
G,756,759,G,9
G,757,760,G,9
L,758,761,L,9
T,759,762,T,9
S,760,763,S,9
A,761,764,A,9
A,762,765,V,9
S,763,766,S,9
I,764,767,I,9
P,765,768,P,9
F,766,769,F,9
S,767,770,S,9
L,768,771,L,9
A,769,772,A,9
I,770,773,I,9
Q,771,774,Q,9
S,772,775,A,9
R,773,776,R,9
L,774,777,L,9
N,775,778,N,9
Y,776,779,Y,9
V,777,780,V,9
A,778,781,A,9
L,779,782,L,9
Q,780,783,Q,9
T,781,784,T,9
D,782,785,D,9
V,783,786,V,9
L,784,787,L,9
Q,785,788,Q,9
E,786,789,E,9
N,787,790,N,9
Q,788,791,Q,9
K,789,792,K,9
I,790,793,I,10
L,791,794,L,10
A,792,795,A,10
A,793,796,A,10
S,794,797,S,10
F,795,798,F,10
N,796,799,N,10
K,797,800,K,10
A,798,801,A,10
M,799,802,M,10
T,800,803,T,10
N,801,804,N,10
I,802,805,I,10
V,803,806,V,10
D,804,807,D,10
A,805,808,A,10
F,806,809,F,10
T,807,810,T,10
G,808,811,G,10
V,809,812,V,10
N,810,813,N,10
D,811,814,D,10
A,812,815,A,10
I,813,816,I,10
T,814,817,T,10
Q,815,818,Q,10
T,816,819,T,10
S,817,820,S,10
Q,818,821,Q,10
A,819,822,A,10
L,820,823,L,10
Q,821,824,Q,10
T,822,825,T,10
V,823,826,V,10
A,824,827,A,10
T,825,828,T,10
A,826,829,A,10
L,827,830,L,10
N,828,831,N,10
K,829,832,K,10
I,830,833,I,10
Q,831,834,Q,10
D,832,835,D,10
V,833,836,V,10
V,834,837,V,10
N,835,838,N,10
Q,836,839,Q,10
Q,837,840,Q,10
G,838,841,G,10
N,839,842,N,10
S,840,843,S,10
L,841,844,L,10
N,842,845,N,10
H,843,846,H,10
L,844,847,L,10
T,845,848,T,10
S,846,849,S,10
Q,847,850,Q,10
L,848,851,L,10
R,849,852,R,10
Q,850,853,Q,10
N,851,854,N,10
F,852,855,F,10
Q,853,856,Q,10
A,854,857,A,10
I,855,858,I,10
S,856,859,S,10
S,857,860,S,10
S,858,861,S,10
I,859,862,I,10
Q,860,863,Q,10
A,861,864,A,10
I,862,865,I,10
Y,863,866,Y,10
D,864,867,D,10
R,865,868,R,10
L,866,869,L,10
D,867,870,D,10
I,868,871,P,10
I,869,872,P,10
Q,870,873,Q,10
A,871,874,A,10
D,872,875,D,10
Q,873,876,Q,10
Q,874,877,Q,10
V,875,878,V,10
D,876,879,D,10
R,877,880,R,11
L,878,881,L,11
I,879,882,I,11
T,880,883,T,11
G,881,884,G,11
R,882,885,R,11
L,883,886,L,11
A,884,887,A,11
A,885,888,A,11
L,886,889,L,11
N,887,890,N,11
V,888,891,V,11
F,889,892,F,11
V,890,893,V,11
S,891,894,S,11
H,892,895,H,11
T,893,896,T,11
L,894,897,L,11
T,895,898,T,11
K,896,899,K,11
Y,897,900,Y,11
T,898,901,T,11
E,899,902,E,11
V,900,903,V,11
R,901,904,R,11
A,902,905,A,11
S,903,906,S,11
R,904,907,R,11
Q,905,908,Q,11
L,906,909,L,11
A,907,910,A,11
Q,908,911,Q,11
Q,909,912,Q,11
K,910,913,K,11
V,911,914,V,11
N,912,915,N,11
E,913,916,E,11
C,914,917,C,11
V,915,918,V,11
K,916,919,K,11
S,917,920,S,11
Q,918,921,Q,11
S,919,922,S,11
K,920,923,K,11
R,921,924,R,11
Y,922,925,Y,11
G,923,926,G,11
F,924,927,F,11
C,925,928,C,11
G,926,929,G,11
N,927,930,N,11
G,928,931,G,11
T,929,932,T,11
H,930,933,H,11
I,931,934,I,11
F,932,935,F,11
S,933,936,S,11
I,934,937,I,11
V,935,938,V,11
N,936,939,N,11
A,937,940,A,11
A,938,941,A,11
P,939,942,P,11
E,940,943,E,11
G,941,944,G,11
L,942,945,L,11
V,943,946,V,11
F,944,947,F,11
L,945,948,L,11
H,946,949,H,11
T,947,950,T,11
V,948,951,V,11
L,949,952,L,11
L,950,953,L,11
P,951,954,P,11
T,952,955,T,11
Q,953,956,Q,11
Y,954,957,Y,11
K,955,958,K,11
D,956,959,D,11
V,957,960,V,11
E,958,961,E,11
A,959,962,A,11
W,960,963,W,11
S,961,964,S,11
G,962,965,G,11
L,963,966,L,11
C,964,967,C,12
V,965,968,V,12
D,966,969,D,12
G,967,970,G,12
R,968,971,T,12
N,969,972,N,12
G,970,973,G,12
Y,971,974,Y,12
V,972,975,V,12
L,973,976,L,12
R,974,977,R,12
Q,975,978,Q,12
P,976,979,P,12
N,977,980,N,12
L,978,981,L,12
A,979,982,A,12
L,980,983,L,12
Y,981,984,Y,12
K,982,985,K,12
E,983,986,E,12
G,984,987,G,12
N,985,988,N,12
Y,986,989,Y,12
Y,987,990,Y,12
R,988,991,R,12
I,989,992,I,12
T,990,993,T,12
S,991,994,S,12
R,992,995,R,12
I,993,996,I,12
M,994,997,M,12
F,995,998,F,12
E,996,999,E,12
P,997,1000,P,12
R,998,1001,R,12
I,999,1002,I,12
P,1000,1003,P,12
T,1001,1004,T,12
M,1002,1005,M,12
A,1003,1006,A,12
D,1004,1007,D,12
F,1005,1008,F,12
V,1006,1009,V,12
Q,1007,1010,Q,12
I,1008,1011,I,12
E,1009,1012,E,12
N,1010,1013,N,12
C,1011,1014,C,12
N,1012,1015,N,12
V,1013,1016,V,12
T,1014,1017,T,12
F,1015,1018,F,12
V,1016,1019,V,12
N,1017,1020,N,12
I,1018,1021,I,12
S,1019,1022,S,12
R,1020,1023,R,12
S,1021,1024,S,12
E,1022,1025,E,12
L,1023,1026,L,12
Q,1024,1027,Q,12
T,1025,1028,T,12
I,1026,1029,I,12
V,1027,1030,V,12
P,1028,1031,P,12
E,1029,1032,E,12
Y,1030,1033,Y,12
I,1031,1034,I,12
D,1032,1035,D,12
V,1033,1036,V,12
N,1034,1037,N,12
K,1035,1038,K,12
T,1036,1039,T,12
L,1037,1040,L,12
Q,1038,1041,Q,12
E,1039,1042,E,12
L,1040,1043,L,12
S,1041,1044,S,12
Y,1042,1045,Y,12
K,1043,1046,K,12
L,1044,1047,L,12
P,1045,1048,P,12
N,1046,1049,N,12
Y,1047,1050,Y,12
T,1048,1051,T,12
V,1049,1052,V,12
P,1050,1053,P,12
D,1051,1054,D,13
L,1052,1055,L,13
V,1053,1056,V,13
V,1054,1057,V,13
E,1055,1058,E,13
Q,1056,1059,Q,13
Y,1057,1060,Y,13
N,1058,1061,N,13
Q,1059,1062,Q,13
T,1060,1063,T,13
I,1061,1064,I,13
L,1062,1065,L,13
N,1063,1066,N,13
L,1064,1067,L,13
T,1065,1068,T,13
S,1066,1069,S,13
E,1067,1070,E,13
I,1068,1071,I,13
S,1069,1072,S,13
T,1070,1073,T,13
L,1071,1074,L,13
E,1072,1075,E,13
N,1073,1076,N,13
K,1074,1077,K,13
S,1075,1078,S,13
A,1076,1079,A,13
E,1077,1080,E,13
L,1078,1081,L,13
N,1079,1082,N,13
Y,1080,1083,Y,13
T,1081,1084,T,13
V,1082,1085,V,13
Q,1083,1086,Q,13
K,1084,1087,K,13
L,1085,1088,L,13
Q,1086,1089,Q,13
T,1087,1090,T,13
L,1088,1091,L,13
I,1089,1092,I,13
D,1090,1093,D,13
N,1091,1094,N,13
I,1092,1095,I,13
N,1093,1096,N,13
S,1094,1097,S,13
T,1095,1098,T,13
L,1096,1099,L,13
V,1097,1100,V,13
D,1098,1101,D,13
L,1099,1102,L,13
K,1100,1103,K,13
W,1101,1104,W,13
L,1102,1105,L,13
N,1103,1106,N,13
R,1104,1107,R,13
V,1105,1108,V,13
E,1106,1109,E,13
T,1107,1110,T,13
Y,1108,1111,Y,13
I,1109,1112,I,13
K,1110,1113,K,13
W,1111,1114,S,13
P,1112,1115,G,13
W,1113,1116,G,13
W,1114,1117,Y,13
V,1115,1118,I,13
W,1116,1119,P,13
L,1117,1120,E,13
C,1118,1121,A,13
I,1119,1122,P,13
S,1120,1123,R,13
V,1121,1124,D,13
V,1122,1125,G,13
L,1123,1126,Q,13
I,1124,1127,A,13
F,1125,1128,Y,13
V,1126,1129,V,13
V,1127,1130,R,13
S,1128,1131,K,13
M,1129,1132,D,13
L,1130,1133,G,13
L,1131,1134,E,13
L,1132,1135,W,13
C,1133,1136,V,13
C,1134,1137,L,13
C,1135,1138,L,13
S,1136,1139,S,13
T,1137,1140,T,13
G,1138,1141,F,13
C,1139,1142,L,13
C,1140,1143,N,13
G,1141,1144,S,13
F,1142,1145,E,13
F,1143,1146,N,13
S,1144,1147,L,13
C,1145,1148,Y,13
F,1146,1149,F,13
A,1147,1150,Q,13
S,1148,1151,S,13
S,1149,1152,G,13
I,1150,1153,S,13
R,1151,1154,H,13
*,1152,1155,H,13