sequential_site,reference_site,protein_site,region,chains
1,19,19,S1,A B C
2,20,20,S1,A B C
3,21,21,S1,A B C
4,22,22,S1,A B C
5,23,23,S1,A B C
6,24,24,S1,A B C
7,25,25,S1,A B C
8,26,26,S1,A B C
9,27,27,S1,A B C
10,28,28,S1,A B C
11,29,29,S1,A B C
12,30,30,S1,A B C
13,31,31,S1,A B C
14,32,32,S1,A B C
15,33,33,S1,A B C
16,34,34,S1,A B C
17,35,35,S1,A B C
18,36,36,S1,A B C
19,37,37,S1,A B C
20,38,38,NTD,A B C
21,39,39,NTD,A B C
22,40,40,NTD,A B C
23,41,41,NTD,A B C
24,42,42,NTD,A B C
25,43,43,NTD,A B C
26,44,44,NTD,A B C
27,45,45,NTD,A B C
28,46,46,NTD,A B C
29,47,47,NTD,A B C
30,48,48,NTD,A B C
31,49,49,NTD,A B C
32,50,50,NTD,A B C
33,51,51,NTD,A B C
34,52,52,NTD,A B C
35,53,53,NTD,A B C
36,54,54,NTD,A B C
37,55,55,NTD,A B C
38,56,56,NTD,A B C
39,57,57,NTD,A B C
40,58,58,NTD,A B C
41,59,59,NTD,A B C
42,60,60,NTD,A B C
43,61,61,NTD,A B C
44,62,62,NTD,A B C
45,63,63,NTD,A B C
46,64,64,NTD,A B C
47,65,65,NTD,A B C
48,66,66,NTD,A B C
49,67,67,NTD,A B C
50,68,68,NTD,A B C
51,69,69,NTD,A B C
52,70,70,NTD,A B C
53,71,71,NTD,A B C
54,72,72,NTD,A B C
55,73,73,NTD,A B C
56,74,74,NTD,A B C
57,75,75,NTD,A B C
58,76,76,NTD,A B C
59,77,77,NTD,A B C
60,78,78,NTD,A B C
61,79,79,NTD,A B C
62,80,80,NTD,A B C
63,81,81,NTD,A B C
64,82,82,NTD,A B C
65,83,83,NTD,A B C
66,84,84,NTD,A B C
67,85,85,NTD,A B C
68,86,86,NTD,A B C
69,87,87,NTD,A B C
70,88,88,NTD,A B C
71,89,89,NTD,A B C
72,90,90,NTD,A B C
73,91,91,NTD,A B C
74,92,92,NTD,A B C
75,93,93,NTD,A B C
76,94,94,NTD,A B C
77,95,95,NTD,A B C
78,96,96,NTD,A B C
79,97,97,NTD,A B C
80,98,98,NTD,A B C
81,99,99,NTD,A B C
82,100,100,NTD,A B C
83,101,101,NTD,A B C
84,102,102,NTD,A B C
85,103,103,NTD,A B C
86,104,104,NTD,A B C
87,105,105,NTD,A B C
88,106,106,NTD,A B C
89,107,107,NTD,A B C
90,108,108,NTD,A B C
91,109,109,NTD,A B C
92,110,110,NTD,A B C
93,111,111,NTD,A B C
94,112,112,NTD,A B C
95,113,113,NTD,A B C
96,114,114,NTD,A B C
97,115,115,NTD,A B C
98,116,116,NTD,A B C
99,117,117,NTD,A B C
100,118,118,NTD,A B C
101,119,119,NTD,A B C
102,120,120,NTD,A B C
103,121,121,NTD,A B C
104,122,122,NTD,A B C
105,123,123,NTD,A B C
106,124,124,NTD,A B C
107,125,125,NTD,A B C
108,126,126,NTD,A B C
109,127,127,NTD,A B C
110,128,128,NTD,A B C
111,129,129,NTD,A B C
112,130,130,NTD,A B C
113,131,131,NTD,A B C
114,132,132,NTD,A B C
115,133,133,NTD,A B C
116,134,134,NTD,A B C
117,135,135,NTD,A B C
118,136,136,NTD,A B C
119,137,137,NTD,A B C
120,138,138,NTD,A B C
121,139,139,NTD,A B C
122,140,140,NTD,A B C
123,141,141,NTD,A B C
124,142,142,NTD,A B C
125,143,143,NTD,A B C
126,144,144,NTD,A B C
127,145,145,NTD,A B C
128,146,146,NTD,A B C
129,147,147,NTD,A B C
130,148,148,NTD,A B C
131,149,149,NTD,A B C
132,150,150,NTD,A B C
133,151,151,NTD,A B C
134,152,152,NTD,A B C
135,153,153,NTD,A B C
136,154,154,NTD,A B C
137,155,155,NTD,A B C
138,156,156,NTD,A B C
139,157,157,NTD,A B C
140,158,158,NTD,A B C
141,159,159,NTD,A B C
142,160,160,NTD,A B C
143,161,161,NTD,A B C
144,162,162,NTD,A B C
145,163,163,NTD,A B C
146,164,164,NTD,A B C
147,165,165,NTD,A B C
148,166,166,NTD,A B C
149,167,167,NTD,A B C
150,168,168,NTD,A B C
151,169,169,NTD,A B C
152,170,170,NTD,A B C
153,171,171,NTD,A B C
154,172,172,NTD,A B C
155,173,173,NTD,A B C
156,174,174,NTD,A B C
157,175,175,NTD,A B C
158,176,176,NTD,A B C
159,177,177,NTD,A B C
160,178,178,NTD,A B C
161,179,179,NTD,A B C
162,180,180,NTD,A B C
163,181,181,NTD,A B C
164,182,182,NTD,A B C
165,183,183,NTD,A B C
166,184,184,NTD,A B C
167,185,185,NTD,A B C
168,186,186,NTD,A B C
169,187,187,NTD,A B C
170,188,188,NTD,A B C
171,189,189,NTD,A B C
172,190,190,NTD,A B C
173,191,191,NTD,A B C
174,192,192,NTD,A B C
175,193,193,NTD,A B C
176,194,194,NTD,A B C
177,195,195,NTD,A B C
178,196,196,NTD,A B C
179,197,197,NTD,A B C
180,198,198,NTD,A B C
181,199,199,NTD,A B C
182,200,200,NTD,A B C
183,201,201,NTD,A B C
184,202,202,NTD,A B C
185,203,203,NTD,A B C
186,204,204,NTD,A B C
187,205,205,NTD,A B C
188,206,206,NTD,A B C
189,207,207,NTD,A B C
190,208,208,NTD,A B C
191,209,209,NTD,A B C
192,210,210,NTD,A B C
193,211,211,NTD,A B C
194,212,212,NTD,A B C
195,213,213,NTD,A B C
196,214,214,NTD,A B C
197,215,215,NTD,A B C
198,216,216,NTD,A B C
199,217,217,NTD,A B C
200,218,218,NTD,A B C
201,219,219,NTD,A B C
202,220,220,NTD,A B C
203,221,221,NTD,A B C
204,222,222,NTD,A B C
205,223,223,NTD,A B C
206,224,224,NTD,A B C
207,225,225,NTD,A B C
208,226,226,NTD,A B C
209,227,227,NTD,A B C
210,229,229,NTD,A B C
211,230,230,NTD,A B C
212,231,231,NTD,A B C
213,232,232,NTD,A B C
214,233,233,NTD,A B C
215,234,234,NTD,A B C
216,235,235,NTD,A B C
217,236,236,NTD,A B C
218,237,237,NTD,A B C
219,238,238,NTD,A B C
220,239,239,NTD,A B C
221,240,240,NTD,A B C
222,241,241,NTD,A B C
223,242,242,NTD,A B C
224,243,243,NTD,A B C
225,244,244,NTD,A B C
226,245,245,NTD,A B C
227,246,246,NTD,A B C
228,247,247,NTD,A B C
229,248,248,NTD,A B C
230,249,249,NTD,A B C
231,250,250,NTD,A B C
232,251,251,NTD,A B C
233,252,252,NTD,A B C
234,253,253,NTD,A B C
235,254,254,NTD,A B C
236,255,255,NTD,A B C
237,256,256,NTD,A B C
238,257,257,NTD,A B C
239,258,258,NTD,A B C
240,259,259,NTD,A B C
241,260,260,NTD,A B C
242,261,261,NTD,A B C
243,262,262,NTD,A B C
244,263,263,NTD,A B C
245,264,264,NTD,A B C
246,265,265,NTD,A B C
247,266,266,NTD,A B C
248,267,267,NTD,A B C
249,268,268,NTD,A B C
250,269,269,S1,A B C
251,270,270,S1,A B C
252,271,271,S1,A B C
253,272,272,S1,A B C
254,273,273,S1,A B C
255,274,274,S1,A B C
256,275,275,S1,A B C
257,276,276,S1,A B C
258,277,277,S1,A B C
259,278,278,S1,A B C
260,279,279,S1,A B C
261,280,280,S1,A B C
262,281,281,S1,A B C
263,282,282,S1,A B C
264,283,283,S1,A B C
265,284,284,S1,A B C
266,285,285,S1,A B C
267,286,286,S1,A B C
268,287,287,S1,A B C
269,288,288,S1,A B C
270,289,289,S1,A B C
271,290,290,S1,A B C
272,291,291,S1,A B C
273,292,292,S1,A B C
274,293,293,S1,A B C
275,294,294,RBD,A B C
276,295,295,RBD,A B C
277,296,296,RBD,A B C
278,297,297,RBD,A B C
279,298,298,RBD,A B C
280,299,299,RBD,A B C
281,300,300,RBD,A B C
282,301,301,RBD,A B C
283,302,302,RBD,A B C
284,303,303,RBD,A B C
285,304,304,RBD,A B C
286,305,305,RBD,A B C
287,306,306,RBD,A B C
288,307,307,RBD,A B C
289,308,308,RBD,A B C
290,309,309,RBD,A B C
291,310,310,RBD,A B C
292,311,311,RBD,A B C
293,312,312,RBD,A B C
294,313,313,RBD,A B C
295,314,314,RBD,A B C
296,315,315,RBD,A B C
297,316,316,RBD,A B C
298,317,317,RBD,A B C
299,318,318,RBD,A B C
300,319,319,RBD,A B C
301,320,320,RBD,A B C
302,321,321,RBD,A B C
303,322,322,RBD,A B C
304,323,323,RBD,A B C
305,324,324,RBD,A B C
306,325,325,RBD,A B C
307,326,326,RBD,A B C
308,327,327,RBD,A B C
309,328,328,RBD,A B C
310,329,329,RBD,A B C
311,330,330,RBD,A B C
312,331,331,RBD,A B C
313,332,332,RBD,A B C
314,333,333,RBD,A B C
315,334,334,RBD,A B C
316,335,335,RBD,A B C
317,336,336,RBD,A B C
318,337,337,RBD,A B C
319,338,338,RBD,A B C
320,339,339,RBD,A B C
321,340,340,RBD,A B C
322,341,341,RBD,A B C
323,342,342,RBD,A B C
324,343,343,RBD,A B C
325,344,344,RBD,A B C
326,345,345,RBD,A B C
327,346,346,RBD,A B C
328,347,347,RBD,A B C
329,348,348,RBD,A B C
330,349,349,RBD,A B C
331,350,350,RBD,A B C
332,351,351,RBD,A B C
333,352,352,RBD,A B C
334,355,355,RBD,A B C
335,356,356,RBD,A B C
336,357,357,RBD,A B C
337,358,358,RBD,A B C
338,359,359,RBD,A B C
339,360,360,RBD,A B C
340,361,361,RBD,A B C
341,362,362,RBD,A B C
342,363,363,RBD,A B C
343,364,364,RBD,A B C
344,365,365,RBD,A B C
345,366,366,RBD,A B C
346,367,367,RBD,A B C
347,368,368,RBD,A B C
348,369,369,RBD,A B C
349,370,370,RBD,A B C
350,371,371,RBD,A B C
351,372,372,RBD,A B C
352,373,373,RBD,A B C
353,374,374,RBD,A B C
354,375,375,RBD,A B C
355,376,376,RBD,A B C
356,377,377,RBD,A B C
357,378,378,RBD,A B C
358,379,379,RBD,A B C
359,380,380,RBD,A B C
360,381,381,RBD,A B C
361,382,382,RBD,A B C
362,383,383,RBD,A B C
363,384,384,RBD,A B C
364,385,385,RBD,A B C
365,386,386,RBD,A B C
366,387,387,RBD,A B C
367,388,388,RBD,A B C
368,389,389,RBD,A B C
369,390,390,RBD,A B C
370,391,391,RBD,A B C
371,392,392,RBD,A B C
372,393,393,RBD,A B C
373,394,394,RBD,A B C
374,395,395,RBD,A B C
375,396,396,RBD,A B C
376,397,397,RBD,A B C
377,398,398,RBD,A B C
378,399,399,RBD,A B C
379,400,400,RBD,A B C
380,401,401,RBD,A B C
381,402,402,RBD,A B C
382,403,403,RBD,A B C
383,404,404,RBD,A B C
384,405,405,RBD,A B C
385,406,406,RBD,A B C
386,407,407,RBD,A B C
387,408,408,RBD,A B C
388,409,409,RBD,A B C
389,410,410,RBD,A B C
390,411,411,RBD,A B C
391,412,412,RBD,A B C
392,413,413,RBD,A B C
393,414,414,RBD,A B C
394,415,415,RBD,A B C
395,416,416,RBD,A B C
396,417,417,RBD,A B C
397,418,418,RBD,A B C
398,419,419,RBD,A B C
399,420,420,RBD,A B C
400,421,421,RBD,A B C
401,422,422,RBD,A B C
402,423,423,RBD,A B C
403,424,424,RBD,A B C
404,425,425,RBD,A B C
405,426,426,RBD,A B C
406,427,427,RBD,A B C
407,428,428,RBD,A B C
408,429,429,RBD,A B C
409,430,430,RBD,A B C
410,431,431,RBD,A B C
411,432,432,RBD,A B C
412,433,433,RBD,A B C
413,434,434,RBD,A B C
414,435,435,RBD,A B C
415,436,436,RBD,A B C
416,437,437,RBD,A B C
417,438,438,RBD,A B C
418,439,439,S1,A B C
419,440,440,S1,A B C
420,441,441,S1,A B C
421,442,442,S1,A B C
422,443,443,S1,A B C
423,444,444,S1,A B C
424,445,445,S1,A B C
425,446,446,S1,A B C
426,447,447,S1,A B C
427,448,448,S1,A B C
428,449,449,S1,A B C
429,450,450,S1,A B C
430,451,451,S1,A B C
431,452,452,S1,A B C
432,453,453,S1,A B C
433,454,454,S1,A B C
434,455,455,S1,A B C
435,456,456,S1,A B C
436,457,457,S1,A B C
437,458,458,S1,A B C
438,459,459,S1,A B C
439,460,460,S1,A B C
440,461,461,S1,A B C
441,462,462,S1,A B C
442,463,463,S1,A B C
443,464,464,S1,A B C
444,465,465,S1,A B C
445,466,466,S1,A B C
446,467,467,S1,A B C
447,468,468,S1,A B C
448,469,469,S1,A B C
449,470,470,S1,A B C
450,471,471,S1,A B C
451,472,472,S1,A B C
452,473,473,S1,A B C
453,474,474,S1,A B C
454,475,475,S1,A B C
455,476,476,S1,A B C
456,477,477,S1,A B C
457,478,478,S1,A B C
458,479,479,S1,A B C
459,480,480,S1,A B C
460,481,481,S1,A B C
461,482,482,S1,A B C
462,483,483,S1,A B C
463,484,484,S1,A B C
464,485,485,S1,A B C
465,486,486,S1,A B C
466,487,487,S1,A B C
467,488,488,S1,A B C
468,489,489,S1,A B C
469,490,490,S1,A B C
470,491,491,S1,A B C
471,492,492,S1,A B C
472,493,493,S1,A B C
473,494,494,S1,A B C
474,495,495,S1,A B C
475,496,496,S1,A B C
476,497,497,S1,A B C
477,498,498,S1,A B C
478,499,499,S1,A B C
479,500,500,S1,A B C
480,501,501,S1,A B C
481,502,502,S1,A B C
482,503,503,S1,A B C
483,504,504,S1,A B C
484,505,505,S1,A B C
485,506,506,S1,A B C
486,507,507,S1,A B C
487,508,508,S1,A B C
488,509,509,S1,A B C
489,510,510,S1,A B C
490,511,511,S1,A B C
491,512,512,S1,A B C
492,513,513,S1,A B C
493,514,514,S1,A B C
494,515,515,S1,A B C
495,516,516,S1,A B C
496,517,517,S1,A B C
497,518,518,S1,A B C
498,519,519,S1,A B C
499,520,520,S1,A B C
500,521,521,S1,A B C
501,522,522,S1,A B C
502,523,523,S1,A B C
503,524,524,S1,A B C
504,525,525,S1,A B C
505,526,526,S1,A B C
506,527,527,S1,A B C
507,528,528,S1,A B C
508,529,529,S1,A B C
509,530,530,S1,A B C
510,531,531,S1,A B C
511,532,532,S1,A B C
512,533,533,S1,A B C
513,534,534,S1,A B C
514,535,535,S1,A B C
515,536,536,S1,A B C
516,537,537,S1,A B C
517,538,538,S1,A B C
518,539,539,S1,A B C
519,540,540,S1,A B C
520,541,541,S1,A B C
521,542,542,S1,A B C
522,543,543,S1,A B C
523,544,544,S1,A B C
524,545,545,S1,A B C
525,546,546,S1,A B C
526,547,547,S1,A B C
527,548,548,S1,A B C
528,549,549,S1,A B C
529,550,550,S1,A B C
530,551,551,S1,A B C
531,552,552,S1,A B C
532,553,553,S1,A B C
533,554,554,S1,A B C
534,555,555,S1,A B C
535,556,556,S1,A B C
536,557,557,S1,A B C
537,558,558,S1,A B C
538,559,559,S1,A B C
539,560,560,S1,A B C
540,561,561,S1,A B C
541,562,562,S1,A B C
542,563,563,S1,A B C
543,564,564,S1,A B C
544,565,565,S1,A B C
545,566,566,S1,A B C
546,567,567,S1,A B C
547,568,568,S1,A B C
548,569,569,S1,A B C
549,570,570,other,A B C
550,571,571,other,A B C
551,572,572,other,A B C
552,573,573,other,A B C
553,574,574,other,A B C
554,575,575,other,A B C
555,576,576,other,A B C
556,577,577,other,A B C
557,578,578,other,A B C
558,579,579,S2,A B C
559,580,580,S2,A B C
560,581,581,S2,A B C
561,582,582,S2,A B C
562,583,583,S2,A B C
563,584,584,S2,A B C
564,585,585,S2,A B C
565,586,586,S2,A B C
566,587,587,S2,A B C
567,588,588,S2,A B C
568,589,589,S2,A B C
569,590,590,S2,A B C
570,591,591,S2,A B C
571,592,592,S2,A B C
572,593,593,S2,A B C
573,594,594,S2,A B C
574,595,595,S2,A B C
575,596,596,S2,A B C
576,597,597,S2,A B C
577,598,598,S2,A B C
578,599,599,S2,A B C
579,600,600,S2,A B C
580,601,601,S2,A B C
581,602,602,S2,A B C
582,603,603,S2,A B C
583,604,604,S2,A B C
584,605,605,S2,A B C
585,606,606,S2,A B C
586,607,607,S2,A B C
587,608,608,S2,A B C
588,609,609,S2,A B C
589,610,610,S2,A B C
590,611,611,S2,A B C
591,612,612,S2,A B C
592,613,613,S2,A B C
593,614,614,S2,A B C
594,615,615,S2,A B C
595,616,616,S2,A B C
596,617,617,S2,A B C
597,618,618,S2,A B C
598,619,619,S2,A B C
599,620,620,S2,A B C
600,621,621,S2,A B C
601,622,622,S2,A B C
602,623,623,S2,A B C
603,624,624,S2,A B C
604,625,625,S2,A B C
605,626,626,S2,A B C
606,627,627,S2,A B C
607,628,628,S2,A B C
608,629,629,S2,A B C
609,630,630,S2,A B C
610,631,631,S2,A B C
611,632,632,S2,A B C
612,633,633,S2,A B C
613,634,634,S2,A B C
614,635,635,S2,A B C
615,636,636,S2,A B C
616,637,637,S2,A B C
617,638,638,S2,A B C
618,639,639,S2,A B C
619,640,640,S2,A B C
620,641,641,S2,A B C
621,642,642,S2,A B C
622,643,643,S2,A B C
623,644,644,S2,A B C
624,645,645,S2,A B C
625,646,646,S2,A B C
626,647,647,S2,A B C
627,648,648,S2,A B C
628,649,649,S2,A B C
629,650,650,S2,A B C
630,651,651,S2,A B C
631,652,652,S2,A B C
632,653,653,S2,A B C
633,654,654,S2,A B C
634,655,655,S2,A B C
635,656,656,S2,A B C
636,657,657,S2,A B C
637,658,658,S2,A B C
638,659,659,S2,A B C
639,660,660,S2,A B C
640,661,661,S2,A B C
641,662,662,S2,A B C
642,663,663,S2,A B C
643,664,664,S2,A B C
644,665,665,S2,A B C
645,666,666,S2,A B C
646,667,667,S2,A B C
647,668,668,S2,A B C
648,669,669,S2,A B C
649,670,670,S2,A B C
650,671,671,S2,A B C
651,672,672,S2,A B C
652,673,673,S2,A B C
653,674,674,S2,A B C
654,675,675,S2,A B C
655,676,676,S2,A B C
656,677,677,S2,A B C
657,678,678,S2,A B C
658,679,679,S2,A B C
659,680,680,S2,A B C
660,681,681,S2,A B C
661,682,682,S2,A B C
662,683,683,S2,A B C
663,684,684,S2,A B C
664,685,685,S2,A B C
665,686,686,S2,A B C
666,687,687,S2,A B C
667,688,688,S2,A B C
668,689,689,S2,A B C
669,690,690,S2,A B C
670,691,691,S2,A B C
671,692,692,S2,A B C
672,693,693,S2,A B C
673,694,694,S2,A B C
674,695,695,S2,A B C
675,696,696,S2,A B C
676,697,697,S2,A B C
677,698,698,S2,A B C
678,699,699,S2,A B C
679,700,700,S2,A B C
680,701,701,S2,A B C
681,702,702,S2,A B C
682,703,703,S2,A B C
683,704,704,S2,A B C
684,705,705,S2,A B C
685,706,706,S2,A B C
686,707,707,S2,A B C
687,708,708,S2,A B C
688,709,709,S2,A B C
689,710,710,S2,A B C
690,711,711,S2,A B C
691,712,712,S2,A B C
692,713,713,S2,A B C
693,714,714,S2,A B C
694,715,715,S2,A B C
695,716,716,S2,A B C
696,717,717,S2,A B C
697,718,718,S2,A B C
698,719,719,S2,A B C
699,720,720,S2,A B C
700,721,721,S2,A B C
701,722,722,S2,A B C
702,723,723,S2,A B C
703,724,724,S2,A B C
704,725,725,S2,A B C
705,726,726,S2,A B C
706,727,727,S2,A B C
707,728,728,S2,A B C
708,729,729,S2,A B C
709,730,730,S2,A B C
710,731,731,S2,A B C
711,732,732,S2,A B C
712,733,733,S2,A B C
713,734,734,S2,A B C
714,735,735,S2,A B C
715,736,736,S2,A B C
716,737,737,S2,A B C
717,738,738,S2,A B C
718,739,739,S2,A B C
719,740,740,S2,A B C
720,741,741,S2,A B C
721,742,742,S2,A B C
722,743,743,S2,A B C
723,744,744,S2,A B C
724,745,745,S2,A B C
725,746,746,S2,A B C
726,747,747,S2,A B C
727,748,748,S2,A B C
728,749,749,S2,A B C
729,750,750,S2,A B C
730,751,751,S2,A B C
731,752,752,S2,A B C
732,753,753,S2,A B C
733,754,754,S2,A B C
734,755,755,S2,A B C
735,756,756,S2,A B C
736,757,757,S2,A B C
737,758,758,S2,A B C
738,759,759,S2,A B C
739,760,760,S2,A B C
740,761,761,S2,A B C
741,762,762,S2,A B C
742,763,763,S2,A B C
743,764,764,S2,A B C
744,765,765,S2,A B C
745,766,766,S2,A B C
746,767,767,S2,A B C
747,768,768,S2,A B C
748,769,769,S2,A B C
749,770,770,S2,A B C
750,771,771,S2,A B C
751,772,772,S2,A B C
752,773,773,S2,A B C
753,774,774,S2,A B C
754,775,775,S2,A B C
755,776,776,S2,A B C
756,777,777,S2,A B C
757,778,778,S2,A B C
758,779,779,S2,A B C
759,780,780,S2,A B C
760,781,781,S2,A B C
761,782,782,S2,A B C
762,783,783,S2,A B C
763,784,784,S2,A B C
764,785,785,S2,A B C
765,786,786,S2,A B C
766,787,787,S2,A B C
767,788,788,S2,A B C
768,789,789,S2,A B C
769,790,790,S2,A B C
770,791,791,S2,A B C
771,792,792,S2,A B C
772,793,793,S2,A B C
773,794,794,S2,A B C
774,795,795,S2,A B C
775,796,796,S2,A B C
776,797,797,S2,A B C
777,798,798,S2,A B C
778,799,799,S2,A B C
779,800,800,S2,A B C
780,801,801,S2,A B C
781,802,802,S2,A B C
782,803,803,S2,A B C
783,804,804,S2,A B C
784,805,805,S2,A B C
785,806,806,S2,A B C
786,807,807,S2,A B C
787,808,808,S2,A B C
788,809,809,S2,A B C
789,810,810,S2,A B C
790,811,811,S2,A B C
791,812,812,S2,A B C
792,813,813,S2,A B C
793,814,814,S2,A B C
794,815,815,S2,A B C
795,816,816,S2,A B C
796,817,817,S2,A B C
797,818,818,S2,A B C
798,819,819,S2,A B C
799,820,820,S2,A B C
800,821,821,S2,A B C
801,822,822,S2,A B C
802,823,823,S2,A B C
803,824,824,S2,A B C
804,825,825,S2,A B C
805,826,826,S2,A B C
806,827,827,S2,A B C
807,828,828,S2,A B C
808,829,829,S2,A B C
809,830,830,S2,A B C
810,831,831,S2,A B C
811,832,832,S2,A B C
812,833,833,S2,A B C
813,834,834,S2,A B C
814,835,835,S2,A B C
815,836,836,S2,A B C
816,837,837,S2,A B C
817,838,838,S2,A B C
818,839,839,S2,A B C
819,840,840,S2,A B C
820,841,841,S2,A B C
821,842,842,S2,A B C
822,843,843,S2,A B C
823,844,844,S2,A B C
824,845,845,S2,A B C
825,846,846,S2,A B C
826,847,847,S2,A B C
827,848,848,S2,A B C
828,849,849,S2,A B C
829,850,850,S2,A B C
830,851,851,S2,A B C
831,852,852,S2,A B C
832,853,853,S2,A B C
833,854,854,S2,A B C
834,855,855,S2,A B C
835,856,856,S2,A B C
836,857,857,S2,A B C
837,858,858,S2,A B C
838,859,859,S2,A B C
839,860,860,S2,A B C
840,861,861,S2,A B C
841,862,862,S2,A B C
842,863,863,S2,A B C
843,864,864,S2,A B C
844,865,865,S2,A B C
845,866,866,S2,A B C
846,867,867,S2,A B C
847,868,868,S2,A B C
848,869,869,S2,A B C
849,870,870,S2,A B C
850,871,871,S2,A B C
851,872,872,S2,A B C
852,873,873,S2,A B C
853,874,874,S2,A B C
854,875,875,S2,A B C
855,876,876,S2,A B C
856,877,877,S2,A B C
857,878,878,S2,A B C
858,879,879,S2,A B C
859,880,880,S2,A B C
860,881,881,S2,A B C
861,882,882,S2,A B C
862,883,883,S2,A B C
863,884,884,S2,A B C
864,885,885,S2,A B C
865,886,886,S2,A B C
866,887,887,S2,A B C
867,888,888,S2,A B C
868,889,889,S2,A B C
869,890,890,S2,A B C
870,891,891,S2,A B C
871,892,892,S2,A B C
872,893,893,S2,A B C
873,894,894,S2,A B C
874,895,895,S2,A B C
875,896,896,S2,A B C
876,897,897,S2,A B C
877,898,898,S2,A B C
878,899,899,S2,A B C
879,900,900,S2,A B C
880,901,901,S2,A B C
881,902,902,S2,A B C
882,903,903,S2,A B C
883,904,904,S2,A B C
884,905,905,S2,A B C
885,906,906,S2,A B C
886,907,907,S2,A B C
887,908,908,S2,A B C
888,909,909,S2,A B C
889,910,910,S2,A B C
890,911,911,S2,A B C
891,912,912,S2,A B C
892,913,913,S2,A B C
893,914,914,S2,A B C
894,915,915,S2,A B C
895,916,916,S2,A B C
896,917,917,S2,A B C
897,918,918,S2,A B C
898,919,919,S2,A B C
899,920,920,S2,A B C
900,921,921,S2,A B C
901,922,922,S2,A B C
902,923,923,S2,A B C
903,924,924,S2,A B C
904,925,925,S2,A B C
905,926,926,S2,A B C
906,927,927,S2,A B C
907,928,928,S2,A B C
908,929,929,S2,A B C
909,930,930,S2,A B C
910,931,931,S2,A B C
911,932,932,S2,A B C
912,933,933,S2,A B C
913,934,934,S2,A B C
914,935,935,S2,A B C
915,936,936,S2,A B C
916,937,937,S2,A B C
917,938,938,S2,A B C
918,939,939,S2,A B C
919,940,940,S2,A B C
920,941,941,S2,A B C
921,942,942,S2,A B C
922,943,943,S2,A B C
923,944,944,S2,A B C
924,945,945,S2,A B C
925,946,946,S2,A B C
926,947,947,S2,A B C
927,948,948,S2,A B C
928,949,949,S2,A B C
929,950,950,S2,A B C
930,951,951,S2,A B C
931,952,952,S2,A B C
932,953,953,S2,A B C
933,954,954,S2,A B C
934,955,955,S2,A B C
935,956,956,S2,A B C
936,957,957,S2,A B C
937,958,958,S2,A B C
938,959,959,S2,A B C
939,960,960,S2,A B C
940,961,961,S2,A B C
941,962,962,S2,A B C
942,963,963,S2,A B C
943,964,964,S2,A B C
944,965,965,S2,A B C
945,966,966,S2,A B C
946,967,967,S2,A B C
947,968,968,S2,A B C
948,969,969,S2,A B C
949,970,970,S2,A B C
950,971,971,S2,A B C
951,972,972,S2,A B C
952,973,973,S2,A B C
953,974,974,S2,A B C
954,975,975,S2,A B C
955,976,976,S2,A B C
956,977,977,S2,A B C
957,978,978,S2,A B C
958,979,979,S2,A B C
959,980,980,S2,A B C
960,981,981,S2,A B C
961,982,982,S2,A B C
962,983,983,S2,A B C
963,984,984,S2,A B C
964,985,985,S2,A B C
965,986,986,S2,A B C
966,987,987,S2,A B C
967,988,988,S2,A B C
968,989,989,S2,A B C
969,990,990,S2,A B C
970,991,991,S2,A B C
971,992,992,S2,A B C
972,993,993,S2,A B C
973,994,994,S2,A B C
974,995,995,S2,A B C
975,996,996,S2,A B C
976,997,997,S2,A B C
977,998,998,S2,A B C
978,999,999,S2,A B C
979,1000,1000,S2,A B C
980,1001,1001,S2,A B C
981,1002,1002,S2,A B C
982,1003,1003,S2,A B C
983,1004,1004,S2,A B C
984,1005,1005,S2,A B C
985,1006,1006,S2,A B C
986,1007,1007,S2,A B C
987,1008,1008,S2,A B C
988,1009,1009,S2,A B C
989,1010,1010,S2,A B C
990,1011,1011,S2,A B C
991,1012,1012,S2,A B C
992,1013,1013,S2,A B C
993,1014,1014,S2,A B C
994,1015,1015,S2,A B C
995,1016,1016,S2,A B C
996,1017,1017,S2,A B C
997,1018,1018,S2,A B C
998,1019,1019,S2,A B C
999,1020,1020,S2,A B C
1000,1021,1021,S2,A B C
1001,1022,1022,S2,A B C
1002,1023,1023,S2,A B C
1003,1024,1024,S2,A B C
1004,1025,1025,S2,A B C
1005,1026,1026,S2,A B C
1006,1027,1027,S2,A B C
1007,1028,1028,S2,A B C
1008,1029,1029,S2,A B C
1009,1030,1030,S2,A B C
1010,1031,1031,S2,A B C
1011,1032,1032,S2,A B C
1012,1033,1033,S2,A B C
1013,1034,1034,S2,A B C
1014,1035,1035,S2,A B C
1015,1036,1036,S2,A B C
1016,1037,1037,S2,A B C
1017,1038,1038,S2,A B C
1018,1039,1039,S2,A B C
1019,1040,1040,S2,A B C
1020,1041,1041,S2,A B C
1021,1042,1042,S2,A B C
1022,1043,1043,S2,A B C
1023,1044,1044,S2,A B C
1024,1045,1045,S2,A B C
1025,1046,1046,S2,A B C
1026,1047,1047,S2,A B C
1027,1048,1048,S2,A B C
1028,1049,1049,S2,A B C
1029,1050,1050,S2,A B C
1030,1051,1051,S2,A B C
1031,1052,1052,S2,A B C
1032,1053,1053,S2,A B C
1033,1054,1054,S2,A B C
1034,1055,1055,S2,A B C
1035,1056,1056,S2,A B C
1036,1057,1057,S2,A B C
1037,1058,1058,S2,A B C
1038,1059,1059,S2,A B C
1039,1060,1060,S2,A B C
1040,1061,1061,S2,A B C
1041,1062,1062,S2,A B C
1042,1063,1063,S2,A B C
1043,1064,1064,S2,A B C
1044,1065,1065,S2,A B C
1045,1066,1066,S2,A B C
1046,1067,1067,S2,A B C
1047,1068,1068,S2,A B C
1048,1069,1069,S2,A B C
1049,1070,1070,S2,A B C
1050,1071,1071,S2,A B C
1051,1072,1072,S2,A B C
1052,1073,1073,S2,A B C
1053,1074,1074,S2,A B C
1054,1075,1075,S2,A B C
1055,1076,1076,S2,A B C
1056,1077,1077,S2,A B C
1057,1078,1078,S2,A B C
1058,1079,1079,S2,A B C
1059,1080,1080,S2,A B C
1060,1081,1081,S2,A B C
1061,1082,1082,S2,A B C
1062,1083,1083,S2,A B C
1063,1084,1084,S2,A B C
1064,1085,1085,S2,A B C
1065,1086,1086,S2,A B C
1066,1087,1087,S2,A B C
1067,1088,1088,S2,A B C
1068,1089,1089,S2,A B C
1069,1090,1090,S2,A B C
1070,1091,1091,S2,A B C
1071,1092,1092,S2,A B C
1072,1093,1093,S2,A B C
1073,1094,1094,S2,A B C
1074,1095,1095,S2,A B C
1075,1096,1096,S2,A B C
1076,1097,1097,S2,A B C
1077,1098,1098,S2,A B C
1078,1099,1099,S2,A B C
1079,1100,1100,S2,A B C
1080,1101,1101,S2,A B C
1081,1102,1102,S2,A B C
1082,1103,1103,S2,A B C
1083,1104,1104,S2,A B C
1084,1105,1105,S2,A B C
1085,1106,1106,S2,A B C
1086,1107,1107,S2,A B C
1087,1108,1108,S2,A B C
1088,1109,1109,S2,A B C
1089,1110,1110,S2,A B C
1090,1111,1111,S2,A B C
1091,1112,1112,S2,A B C
1092,1113,1113,S2,A B C
1093,1114,1114,S2,A B C
1094,1115,1115,S2,A B C
1095,1116,1116,S2,A B C
1096,1117,1117,S2,A B C
1097,1118,1118,S2,A B C
1098,1119,1119,S2,A B C
1099,1120,1120,S2,A B C
1100,1121,1121,S2,A B C
1101,1122,1122,S2,A B C
1102,1123,1123,S2,A B C
1103,1124,1124,S2,A B C
1104,1125,1125,S2,A B C
1105,1126,1126,S2,A B C
1106,1127,1127,S2,A B C
1107,1128,1128,S2,A B C
1108,1129,1129,S2,A B C
1109,1130,1130,S2,A B C
1110,1131,1131,S2,A B C
1111,1132,1132,S2,A B C
1112,1133,1133,S2,A B C
1113,1134,1134,S2,A B C
1114,1135,1135,other,A B C
1115,1136,1136,other,A B C
1116,1137,1137,other,A B C
1117,1138,1138,other,A B C
1118,1139,1139,other,A B C
1119,1140,1140,other,A B C