site,binding_mean
19,0.017
20,0.112
21,0.381
22,0.239
23,-0.022
24,0.124
25,0.223
26,0.05
27,0.071
28,0.278
29,1.899
30,-0.152
31,0.272
32,1.414
33,0.645
34,-0.307
35,0.236
36,-0.056
37,0.391
38,-0.275
39,-0.19
40,-0.595
41,0.084
42,-1.656
43,-0.409
44,-0.111
45,-0.845
46,-2.284
47,-0.235
48,-1.911
49,-1.453
50,-0.09
51,0.207
52,-1.506
53,-0.174
54,-1.484
55,-0.082
56,-1.069
57,-0.956
58,-1.778
59,-0.899
60,-0.084
61,-1.757
62,-1.65
63,0.436
64,-1.503
65,-0.749
66,-0.859
67,-1.046
68,-0.266
69,-0.604
70,-0.479
71,-0.72
72,-0.247
73,0.039
74,-0.105
75,-0.112
76,-0.166
77,-0.59
78,-0.307
79,-0.862
80,0.161
81,-0.975
82,-1.302
83,1.063
84,0.149
85,1.327
86,0.712
87,1.75
88,-0.476
89,-0.961
90,1.37
91,0.962
92,1.714
93,1.882
94,-2.099
95,1.072
96,-1.228
97,0.362
98,-0.179
99,-0.687
100,-0.096
101,-1.013
102,-0.784
103,-1.178
104,-0.372
105,-0.11
106,0.043
107,-1.902
108,-1.0
109,-0.664
110,-0.297
111,-0.784
112,-0.233
113,-0.261
114,-1.045
115,0.086
116,0.146
117,-0.039
118,0.134
119,0.172
120,-0.004
121,0.744
122,-0.007
123,1.125
124,-0.223
125,0.507
126,0.57
127,1.202
128,0.729
129,0.325
130,-0.758
131,-1.183
132,-0.996
133,-1.608
134,-1.265
135,-0.069
136,-0.627
137,-0.691
138,1.194
139,-0.556
140,-0.626
141,0.85
142,-0.933
143,-1.029
144,-1.181
145,-0.247
146,-1.673
147,-2.115
148,-2.132
149,-1.714
150,-1.043
151,-1.295
152,-1.671
153,0.32
154,-0.46
155,-0.2
156,-0.226
157,0.937
158,0.509
159,0.309
160,-1.01
161,-0.462
162,0.611
163,0.387
164,1.153
165,-0.89
166,-0.993
167,-2.279
168,-1.033
169,-1.688
170,-1.585
171,-2.244
172,-0.612
173,-2.541
174,0.433
175,-0.643
176,0.507
177,0.3
178,0.175
179,-0.236
180,-0.883
181,-0.279
182,-1.798
183,-2.342
184,-1.314
185,-1.26
186,-0.786
187,-1.949
188,-0.104
189,-0.695
190,-1.163
191,-0.244
192,0.08
193,-0.078
194,-0.818
195,0.273
196,-0.602
197,-0.741
198,0.412
199,-0.131
200,-0.9
201,0.376
202,-0.62
203,-0.94
204,-1.011
205,-0.414
206,-0.33
207,-0.204
208,0.68
209,-0.246
210,-1.52
211,-0.36
212,-0.784
213,-1.231
214,-0.059
215,0.65
216,-1.767
217,0.145
218,0.144
219,0.24
220,-2.306
221,1.235
222,-1.318
223,-0.992
224,0.215
225,0.038
226,0.106
227,0.856
229,-0.75
230,0.734
231,-1.689
232,1.023
233,-1.059
234,-0.314
235,-0.39
236,0.619
237,-0.308
238,-0.224
239,-0.423
240,-0.194
241,0.014
242,-0.086
243,-0.342
244,-0.548
245,-0.283
246,-0.232
247,-0.524
248,-0.339
249,-0.2
250,-0.517
251,-0.267
252,-0.608
253,0.04
254,-1.618
255,0.156
256,0.159
257,-0.184
258,0.077
259,-0.653
260,-0.243
261,0.129
262,-0.212
263,-0.105
264,-0.09
265,-1.151
266,0.404
267,-0.122
268,0.122
269,-0.298
270,0.492
271,0.127
272,-0.433
273,-0.08
274,0.198
275,0.109
276,0.311
277,0.087
278,-0.005
279,0.453
280,-0.178
281,0.028
282,0.2
283,0.171
284,0.137
285,0.143
286,-0.186
287,-0.293
288,-0.589
289,0.227
290,-0.23
291,0.73
292,-1.609
293,0.639
294,-1.848
295,-1.754
296,-2.613
297,-1.963
298,-0.479
299,-0.805
300,0.907
301,0.62
302,-0.061
303,-0.234
304,-0.103
305,-0.119
306,-0.201
307,-0.412
308,-1.557
309,-0.91
310,-2.518
311,-1.386
312,-0.787
313,-2.485
314,-1.555
315,-2.557
316,-2.132
317,0.008
318,-2.293
319,-0.07
320,0.162
321,-0.965
322,-0.091
323,-0.591
324,-0.236
325,-0.794
326,0.038
327,-0.214
328,0.208
329,0.006
330,-0.048
331,-0.069
332,-0.085
333,0.516
334,0.458
335,0.755
336,-1.437
337,-0.946
338,0.17
339,-0.044
340,-0.108
341,-0.027
342,-0.38
343,-0.596
344,-2.148
345,-1.868
346,-0.097
347,-0.051
348,0.064
349,0.101
350,-0.556
351,-0.347
352,-1.822
355,-0.801
356,0.047
357,-0.934
358,-1.617
359,-0.021
360,-0.876
361,-0.55
362,-1.574
363,0.224
364,0.224
365,-0.04
366,0.772
367,-0.861
368,-0.502
369,0.202
370,0.05
371,0.384
372,0.133
373,0.255
374,-0.198
375,0.614
376,0.506
377,-0.182
378,0.912
379,0.867
380,0.829
381,1.297
382,0.101
383,0.592
384,0.5
385,0.267
386,-0.044
387,0.072
388,-0.222
389,-0.664
390,0.233
391,0.579
392,-0.494
393,0.684
394,0.279
395,0.12
396,0.192
397,0.463
398,-0.253
399,1.44
400,0.033
401,-0.023
402,-1.279
403,-0.218
404,-1.708
405,-0.363
406,-1.59
407,-2.273
408,-1.909
409,-0.12
410,-1.876
411,-0.023
412,-0.714
413,-0.034
414,0.629
415,-0.05
416,-0.188
417,0.249
418,0.307
419,0.069
420,-0.223
421,0.859
422,0.054
423,-0.365
424,-0.097
425,0.119
426,0.186
427,0.121
428,0.354
429,1.156
430,0.492
431,1.371
432,-1.629
433,-1.629
434,-2.002
435,-1.917
436,-1.032
437,0.444
438,1.413
439,0.657
440,-1.296
441,0.341
442,-1.612
443,-0.022
444,-0.183
445,0.411
446,0.185
447,0.14
448,0.209
449,-0.002
450,-0.596
451,-0.027
452,-0.058
453,-0.926
454,0.031
455,0.247
456,-0.11
457,0.422
458,0.36
459,-0.165
460,0.117
461,0.059
462,-0.19
463,-0.902
464,-0.01
465,-0.632
466,-0.667
467,-1.677
468,-1.739
469,-1.904
470,0.119
471,-0.897
472,0.502
473,-0.09
474,-0.687
475,-0.437
476,-0.758
477,-0.191
478,-0.156
479,-0.3
480,0.007
481,-0.469
482,0.178
483,0.309
484,-0.13
485,0.838
486,0.419
487,0.876
488,1.546
489,0.178
490,1.435
491,-0.207
492,0.142
493,-0.854
494,-0.236
495,-0.173
496,-0.216
497,0.208
498,-0.018
499,0.914
500,-0.061
501,0.253
502,-0.971
503,0.101
504,-0.06
505,0.091
506,0.05
507,-0.204
508,0.067
509,-0.085
510,-0.113
511,-0.195
512,0.154
513,0.06
514,0.085
515,-0.041
516,0.061
517,-0.154
518,-0.37
519,0.17
520,-0.323
521,0.176
522,-0.003
523,-0.447
524,0.25
525,-0.07
526,-0.442
527,-0.065
528,-0.285
529,0.047
530,0.067
531,-0.104
533,-1.079
534,-0.71
535,-0.636
536,-0.585
537,-0.182
538,-0.869
539,0.353
540,-0.23
541,-0.728
542,-0.359
543,0.26
544,-0.395
545,-0.2
546,-0.418
547,-0.825
548,-0.715
549,-0.415
550,-0.112
551,-0.879
552,-0.782
553,-1.16
554,-0.235
555,-0.731
556,-1.451
557,-0.528
558,-1.337
559,-0.879
560,-0.351
561,-1.182
562,-1.062
563,-0.359
564,-0.339
565,-0.759
566,-0.302
567,0.064
568,-0.598
569,0.247
570,-0.549
571,0.162
572,-0.078
573,0.345
574,1.007
575,0.693
576,1.001
577,1.273
578,1.016
579,0.496
580,1.267
581,0.284
582,0.205
583,0.851
584,-0.51
585,-0.44
586,0.158
587,0.184
588,0.069
589,-0.02
590,0.431
591,0.014
592,-0.342
593,0.394
594,-0.672
595,0.251
597,-0.31
598,-0.429
599,-0.2
600,0.327
601,-0.502
602,-0.38
603,-0.63
604,-1.171
605,0.32
606,-1.048
607,-0.068
608,-0.744
609,0.198
610,-0.214
611,-0.127
612,0.051
613,0.563
614,0.066
615,-0.252
616,0.207
617,-0.115
618,-0.222
619,0.351
620,0.149
621,-0.16
622,0.184
623,0.174
624,-0.266
625,-0.315
626,-0.963
627,0.109
628,-1.231
629,-0.881
630,-0.45
631,-0.287
632,-0.901
633,-2.007
634,-1.372
635,0.369
636,-0.459
637,0.031
638,0.1
639,0.258
640,0.363
641,0.373
642,-0.703
643,0.679
644,-0.503
645,-1.136
646,-0.274
647,-1.248
648,-0.361
649,0.223
650,-0.624
651,-0.311
652,-0.313
653,-0.271
654,-0.447
655,-0.687
656,-0.21
657,-0.085
658,0.052
659,-0.714
660,-0.062
661,-0.35
662,-0.183
663,-0.036
664,-0.022
665,-0.099
666,0.12
667,-0.248
668,-0.561
669,-0.229
670,-0.363
671,-0.127
672,-0.208
673,-0.61
674,-0.422
675,-0.648
676,-0.485
677,-0.531
678,-0.635
679,-0.004
680,-0.338
681,-0.241
682,-0.144
683,-0.584
684,-0.036
685,-0.237
686,-0.121
687,-0.492
688,-0.599
689,-0.795
690,-0.091
691,-0.193
692,-0.415
693,-0.473
694,-0.252
695,-1.117
696,-0.445
697,-1.283
698,-0.476
699,-0.974
700,0.251
701,-0.062
702,-0.146
703,-0.588
704,-0.626
705,-0.301
706,-0.07
707,-0.065
708,-0.148
709,-0.334
710,-0.098
711,-0.657
712,-1.477
713,-0.709
714,-0.481
715,-0.215
716,0.249
717,-0.012
718,-0.208
719,-0.373
720,-0.46
721,-0.547
722,-0.932
723,-1.297
724,-1.299
725,-0.148
726,0.387
727,-0.494
728,-0.518
729,-0.506
730,-0.035
731,-0.507
732,-0.386
733,-0.815
734,-0.837
735,-0.429
736,-1.093
737,0.006
738,0.21
739,-0.862
740,-0.07
741,-0.292
742,-0.705
743,-0.447
744,-1.024
745,-0.094
746,-0.591
747,-0.99
749,0.155
750,-0.295
751,0.292
752,-1.318
753,-0.797
754,0.089
755,-0.557
756,-0.358
757,-0.004
758,-0.394
759,-0.446
760,0.218
761,-0.322
762,-0.423
763,-0.472
764,-0.62
765,-0.82
766,-0.714
767,-0.333
768,-0.407
769,0.215
770,-0.594
771,-1.047
772,-0.398
773,-0.421
774,-0.104
775,0.502
776,-0.652
777,0.325
778,-0.825
779,-0.008
780,0.341
781,0.795
782,0.667
783,0.33
784,0.087
785,-0.319
786,0.065
787,-0.642
788,-0.123
789,-0.036
790,0.007
791,-0.282
792,-0.357
793,-0.078
794,-0.518
795,-0.775
796,-0.296
797,-0.31
798,0.093
799,0.034
800,-0.267
801,-0.705
802,-0.43
803,-0.18
804,-0.05
805,-0.134
806,-0.219
807,-0.268
808,-0.378
809,0.131
810,-0.005
811,-0.292
812,-0.218
813,-0.253
814,-0.072
815,-0.159
816,-0.499
817,-0.002
818,-0.308
819,-0.317
820,-0.605
821,-0.367
822,-0.424
823,-0.294
824,0.029
825,-1.105
826,-0.286
827,-0.032
828,-0.306
829,-0.727
830,-0.451
831,-0.258
832,0.12
833,-0.588
834,-0.811
835,-0.062
836,-0.714
837,-0.959
838,-0.59
839,-0.063
840,0.099
841,-0.777
842,0.093
843,-0.074
844,-0.172
845,-0.597
846,-0.315
847,-0.586
848,-0.878
849,-0.424
850,0.38
851,-0.303
852,0.399
853,-0.079
854,-0.081
855,0.254
856,-0.717
857,0.231
858,0.112
859,-0.183
860,-0.037
861,0.366
862,-0.063
863,-0.495
864,1.425
865,-0.304
866,-0.848
867,-0.144
868,0.566
869,0.844
870,-0.53
871,-0.582
872,-1.176
873,-0.287
874,0.215
875,-0.539
876,-0.955
877,0.029
878,-0.188
879,-1.397
880,-0.888
881,0.152
882,-0.885
883,-0.453
884,-0.585
885,-1.049
886,-0.064
887,-0.971
888,-0.11
889,0.109
890,-1.856
891,-1.789
892,-0.561
893,-0.954
894,-1.209
895,-0.954
896,-0.942
897,-1.382
898,-0.613
899,-1.354
900,-0.265
901,-0.452
902,-0.583
903,-0.887
904,-0.324
905,0.488
906,-0.209
907,0.064
908,0.022
909,-0.784
910,-0.715
911,-0.618
912,0.692
913,-0.805
914,-0.349
915,0.42
916,-0.015
917,0.132
918,-0.496
919,0.615
920,0.069
921,0.056
922,-0.477
923,-0.308
924,0.473
925,0.022
926,0.289
927,0.081
928,-0.386
929,-0.337
930,0.04
931,-0.266
932,0.38
933,-0.413
934,0.345
935,-0.316
936,-0.558
937,-0.382
938,-0.327
939,-0.694
940,-0.113
941,-0.014
942,-0.875
943,-0.384
944,0.084
945,-0.398
946,-0.281
947,-0.801
948,-0.076
949,-0.121
950,0.361
951,-0.247
952,-0.25
953,1.152
954,-0.055
955,0.156
956,-0.123
957,-0.247
958,-0.244
959,0.362
960,0.363
961,0.054
962,0.826
963,-0.293
964,0.999
965,0.02
966,0.426
967,-0.109
968,-0.308
969,-0.356
970,-0.185
971,0.178
972,0.044
973,0.198
974,-0.11
975,0.976
976,-0.495
977,0.443
978,0.356
979,0.103
980,0.197
981,0.624
982,0.826
983,-0.818
984,0.01
985,-0.223
986,0.068
987,-0.131
988,-0.064
989,0.072
990,-0.213
991,0.476
992,-0.201
993,-0.17
994,0.257
995,1.379
996,0.021
997,1.057
998,-0.091
999,-0.124
1000,-0.269
1001,0.23
1002,0.538
1003,-0.24
1004,0.253
1005,0.153
1006,0.679
1007,0.127
1008,-0.307
1009,0.743
1010,0.376
1011,1.296
1012,0.151
1013,0.564
1014,-0.026
1015,0.807
1016,0.597
1017,0.842
1018,-0.093
1019,0.025
1020,-0.362
1021,-0.434
1022,-0.255
1023,0.236
1024,0.051
1025,-0.202
1026,-0.02
1027,0.007
1028,-0.112
1029,-0.068
1030,0.33
1031,0.246
1032,-0.054
1033,0.217
1034,0.011
1035,0.058
1036,-0.197
1037,-0.265
1038,0.064
1039,-0.174
1040,-0.128
1041,-0.019
1042,-0.077
1043,-0.088
1044,-0.018
1045,-0.163
1046,-0.192
1047,-0.188
1048,-0.031
1049,-0.209
1050,-0.152
1051,-0.309
1052,-0.182
1053,-0.064
1054,0.065
1055,-0.328
1056,-0.08
1057,-0.164
1058,-0.114
1059,-0.084
1060,-0.274
1061,-0.338
1062,-0.206
1063,-0.278
1064,-0.25
1065,-0.378
1066,-0.368
1067,-0.168
1068,-0.166
1069,-0.033
1070,-0.131
1071,-0.185
1072,0.005
1073,0.017
1074,-0.308
1075,0.156
1076,-0.078
1077,-0.551
1078,-0.159
1079,-0.12
1080,-0.119
1081,-0.476
1082,-0.325
1083,0.091
1084,-0.494
1085,-0.273
1086,-0.177
1087,-0.278
1088,-0.224
1089,-0.097
1090,0.012
1091,-0.044
1092,-0.264
1093,0.003
1094,-0.078
1095,-0.238
1096,0.027
1097,-0.093
1098,-0.239
1099,-0.238
1100,-0.334
1101,0.167
1102,-0.45
1103,0.082
1104,-0.234
1105,-0.594
1106,-0.142
1107,-0.065
1108,-0.248
1109,0.555
1110,-0.036
1111,-0.663
1112,-0.029
1113,-0.101
1114,-0.771
1115,-0.838
1116,-0.646
1117,-0.401
1118,-0.198
1119,-0.785
1120,-0.244
1121,-0.147
1122,-0.197
1123,-0.132
1124,-0.106
1125,-0.477
1126,-0.202
1127,-0.192
1128,-0.149
1129,-0.359
1130,-0.11
1131,-0.175
1132,-0.148
1133,0.047
1134,-0.052
1135,-0.061
1136,-0.153
1137,-0.43
1138,-0.04
1139,-0.151
1140,-0.273
