site,cell entry
19,-0.243
20,-0.053
21,0.212
22,-0.016
23,-0.19
24,-0.2
25,-0.337
26,-0.175
27,-0.054
28,0.158
29,0.008
30,-0.259
31,-0.208
32,-0.317
33,-0.036
34,-0.051
35,-0.023
36,0.082
37,-0.174
38,-0.351
39,-0.016
40,-0.441
41,0.087
42,-0.899
43,-0.466
44,0.043
45,-0.668
46,-2.031
47,-0.367
48,-1.143
49,-0.685
50,-0.152
51,-0.235
52,-0.635
53,-0.109
54,-1.069
55,-0.076
56,-1.076
57,-2.674
58,-2.772
59,-2.217
60,-3.589
61,-2.413
62,-1.599
63,-0.174
64,-2.047
65,-2.388
66,-1.455
67,-2.453
68,-0.747
69,-3.277
70,-0.621
71,-0.921
72,-3.018
73,-0.808
74,-0.091
75,-4.136
76,-4.268
77,-3.136
78,-0.697
79,-1.99
80,-0.786
81,-4.128
82,-1.614
83,-1.183
84,-0.084
85,-0.05
86,-0.113
87,-0.525
88,-0.148
89,-0.137
90,-0.276
91,-0.175
92,-0.43
93,-0.538
94,-0.785
95,-1.577
96,-0.96
97,-2.689
98,-2.029
99,-1.407
100,-0.356
101,-0.929
102,-0.241
103,-0.984
104,-0.076
105,-4.444
106,0.004
107,-1.274
108,-0.308
109,-0.284
110,-0.303
111,-0.498
112,-0.202
113,-0.15
114,-2.147
115,-1.27
116,-1.611
117,-2.697
118,-4.532
119,-1.357
120,-0.304
121,-0.451
122,-0.288
123,-0.047
124,-0.73
125,0.039
126,-0.001
127,-0.141
128,-0.054
129,-0.402
130,-0.984
131,-0.484
132,-2.685
133,-0.601
134,-2.03
135,-0.196
136,-0.414
137,-0.116
138,-0.244
139,-1.117
140,0.003
141,-0.241
142,-0.392
143,-2.853
144,-3.28
145,-3.832
146,-1.844
147,-1.513
148,-0.679
149,-0.782
150,-0.235
151,-0.308
152,-0.348
153,-0.279
154,-0.215
155,-0.281
156,-0.278
157,-0.536
158,-0.399
159,-0.061
160,-2.527
161,-0.168
162,-0.009
163,-0.015
164,-0.191
165,-0.238
166,-0.286
167,-1.045
168,-3.553
169,-2.642
170,-1.12
171,-2.309
172,-0.462
173,-0.961
174,-0.23
175,-0.398
176,-0.346
177,-0.145
178,-0.496
179,-0.352
180,-0.224
181,-0.232
182,-1.827
183,-1.621
184,-2.388
185,-0.176
186,-0.196
187,-1.762
188,-0.06
189,-0.179
190,-0.331
191,-0.093
192,-4.189
193,-1.428
194,-2.925
195,-2.368
196,-1.261
197,-0.338
198,-0.326
199,-4.521
200,-0.415
201,-1.967
202,-3.148
203,-2.031
204,-3.315
205,-4.302
206,-1.71
207,-1.314
208,-1.403
209,-0.486
210,-0.228
211,-1.502
212,-0.549
213,-0.077
214,-2.168
215,-0.53
216,-1.642
217,-2.531
218,-0.578
219,-1.96
220,-1.365
221,-0.395
222,-0.915
223,-0.595
224,-0.077
225,-0.161
226,0.029
227,-0.135
228,-0.489
229,-0.019
230,-0.894
231,-1.016
232,-2.252
233,-1.791
234,-2.977
235,-0.272
236,-0.278
237,-0.81
238,-2.483
239,-2.886
240,-3.714
241,-3.128
242,-0.833
243,-2.755
244,-0.621
245,-0.6
246,-3.334
247,0.016
248,-3.609
249,-0.596
250,-1.144
251,-1.656
252,-1.421
253,-2.61
254,-4.413
255,-0.868
256,-3.071
257,-1.563
258,-2.217
259,-3.081
260,-0.935
261,-3.89
262,-2.804
263,-4.386
264,-0.885
265,-1.159
266,-1.153
267,-0.272
268,-2.987
269,-0.241
270,-3.525
271,-0.623
272,-4.134
273,-4.367
274,-3.265
275,-4.447
276,-1.727
277,-0.851
278,-1.507
279,-0.08
280,-0.333
281,-0.333
282,-0.293
283,-0.033
284,-0.433
285,-1.108
286,-3.752
287,-0.186
288,-3.835
289,-0.869
290,-2.491
291,-1.197
292,-2.85
293,-2.951
294,-0.855
295,-1.022
296,-0.884
297,-0.312
298,-2.385
299,-0.932
300,-0.004
301,-3.842
302,-0.186
303,-3.631
304,-0.395
305,-3.253
306,-0.931
307,-2.541
308,-0.173
309,-0.494
310,-0.246
311,-0.381
312,-0.48
313,-0.526
314,-0.949
315,-1.473
316,-4.474
317,-1.038
318,-4.296
319,-4.513
320,-0.48
321,-4.171
322,-0.338
323,-0.03
324,-0.281
325,-2.086
326,-2.938
327,-1.056
328,-3.656
329,-0.057
330,-0.265
331,-0.069
332,-0.153
333,-0.061
334,-0.065
335,-0.106
336,-0.567
337,-0.352
338,-1.059
339,-4.433
340,-3.461
341,-0.198
342,-1.621
343,-1.608
344,-1.392
345,-3.334
346,-4.041
347,-2.765
348,-0.524
349,-2.414
350,-0.41
351,-0.472
352,-0.22
353,-0.143
354,-0.255
355,-0.333
356,-4.213
357,-3.993
358,-0.156
359,-1.828
360,-0.435
361,-3.284
362,-0.221
363,-2.19
364,-3.63
365,-0.576
366,-4.553
367,-1.053
368,-3.462
369,-2.299
370,-3.684
371,-0.228
372,-3.345
373,-2.437
374,-1.739
375,-3.093
376,-2.302
377,-2.472
378,-1.625
379,-3.219
380,-0.887
381,-0.534
382,-2.843
383,-4.412
384,-3.337
385,-2.795
386,-1.73
387,-0.292
388,-0.303
389,-0.527
390,-0.191
391,-0.699
392,-1.447
393,-4.477
394,-0.242
395,-3.293
396,-1.394
397,-4.013
398,-0.366
399,-2.238
400,-0.546
401,-2.267
402,-0.597
403,-0.299
404,-0.915
405,-0.839
406,-0.588
407,-1.699
408,-0.36
409,-2.553
410,-3.186
411,-0.707
412,-3.42
413,-0.896
414,-2.393
415,-0.517
416,-1.106
417,-0.378
418,-0.268
419,-4.535
420,-0.234
421,-0.343
422,-1.652
423,-1.362
424,-4.048
425,-1.952
426,-0.738
427,-0.185
428,-0.253
429,-0.383
430,-0.518
431,-2.677
432,-2.616
433,-0.423
434,-1.278
435,-0.44
436,-0.325
437,-1.504
438,-3.013
439,-1.633
440,-2.689
441,-1.581
442,-0.66
443,-4.541
444,-3.836
445,-2.012
446,-4.201
447,-1.849
448,-4.327
449,-4.035
450,-2.016
451,-0.792
452,-3.169
453,-4.421
454,-2.185
455,-4.436
456,-2.73
457,-4.092
458,-3.377
459,-0.475
460,-3.19
461,-0.509
462,-1.237
463,-0.761
464,-2.144
465,-0.603
466,-1.664
467,-4.523
468,-2.533
469,-1.26
470,-3.879
471,-1.071
472,-3.341
473,-0.768
474,-2.842
475,-3.916
476,-0.934
477,-4.015
478,-3.372
479,-4.35
480,-4.114
481,-3.345
482,-1.485
483,-1.291
484,-0.255
485,-0.636
486,-2.356
487,-1.063
488,-2.908
489,-4.216
490,-2.19
491,-4.173
492,-1.7
493,-3.728
494,-4.371
495,-1.819
496,-1.883
497,-2.729
498,-0.809
499,-1.267
500,-3.799
501,-3.656
502,-4.138
503,-3.061
504,-2.423
505,-2.326
506,-1.236
507,-3.864
508,-3.979
509,-4.424
510,-3.886
511,-3.23
512,-2.569
513,-1.552
514,-0.763
515,-2.772
516,-0.131
517,-1.333
518,-0.5
519,-3.958
520,-3.046
521,-4.207
522,-0.606
523,-2.299
524,-3.489
525,-2.529
526,-3.11
527,-2.722
528,-2.493
529,0.0
530,-3.933
531,-3.75
532,-3.852
533,-3.553
534,-3.705
535,-4.272
536,-4.464
537,-1.246
538,-1.591
539,-2.47
540,-4.166
541,-2.316
542,-1.175
543,-1.422
544,-3.911
545,-2.934
546,-0.945
547,-2.528
548,-1.054
549,-0.953
550,-2.699
551,-3.909
552,-3.155
553,-4.459
554,-2.003
555,-4.191
556,-4.431
557,-4.414
558,-2.571
559,-3.087
560,-0.127
561,-0.527
562,-0.297
563,-0.952
564,-0.627
565,-0.052
566,-0.001
567,0.208
568,-0.6
569,-0.375
570,-0.249
571,-0.067
572,-0.008
573,-0.154
574,-0.467
575,0.008
576,-0.073
577,-0.37
578,-0.185
579,-2.648
580,-0.709
581,-3.711
582,-3.966
583,-0.12
584,-1.333
585,-3.597
586,-2.409
587,-1.207
588,-1.39
589,-3.9
590,-2.245
591,-3.675
592,-4.507
593,-4.216
594,-2.004
595,-4.365
596,-4.227
597,-2.095
598,-0.881
599,-1.533
600,-0.841
601,-3.808
602,-2.512
603,-4.248
604,-3.024
605,-4.019
606,-0.24
607,-2.052
608,-4.326
609,-4.012
610,-4.212
611,-3.056
612,-2.179
613,-3.599
614,0.053
615,-4.103
616,-4.175
617,-0.735
618,-0.651
619,-3.496
620,-4.376
621,-1.422
622,-0.994
623,-3.785
624,-0.704
625,-0.977
626,-2.167
627,-4.385
628,-2.511
629,-0.452
630,-3.077
631,-3.231
632,-0.098
633,-1.028
634,-4.388
635,-3.434
636,-1.0
637,-0.589
638,-2.71
639,-1.219
640,-0.816
641,-3.648
642,-0.932
643,-0.792
644,-2.392
645,-3.721
646,-0.737
647,-1.587
648,-3.89
649,-3.88
650,-0.697
651,-2.265
652,-3.906
653,-0.082
654,-0.273
655,-1.761
656,-2.867
657,-0.18
658,-1.054
659,-2.271
660,-0.285
661,-0.245
662,-0.047
663,-0.573
664,-3.491
665,-3.99
666,-1.649
667,-3.47
668,-4.124
669,-3.6
670,-3.882
671,-1.131
672,-3.127
673,-3.142
674,-4.42
675,-1.063
676,0.036
677,-0.44
678,-0.191
679,-0.044
680,-1.346
681,-0.382
682,-0.553
683,-0.271
684,-0.733
685,-1.502
686,-4.065
687,-4.0
688,-0.443
689,-3.387
690,-4.219
691,-2.063
692,-3.23
693,-4.009
694,-3.988
695,-2.428
696,-3.149
697,-1.542
698,-1.186
699,-1.777
700,-1.244
701,-3.158
702,-1.651
703,-0.932
704,-0.697
705,-1.551
706,-2.127
707,-0.691
708,-3.507
709,-3.226
710,-4.368
711,-1.153
712,-4.079
713,-0.548
714,-1.167
715,-2.973
716,-1.261
717,-1.633
718,-3.117
719,-1.75
720,-3.912
721,-2.547
722,-1.261
723,-4.085
724,-2.65
725,-2.011
726,-3.715
727,-3.37
728,-2.756
729,-4.484
730,-4.182
731,-2.718
732,-3.393
733,-3.465
734,-3.824
735,-0.722
736,-1.744
737,-1.535
738,-3.122
739,-1.443
740,-2.238
741,-3.376
742,-3.884
743,-3.601
744,-3.564
745,-4.061
746,-3.968
747,-3.203
748,-4.18
749,-4.213
750,-3.71
751,-3.368
752,-2.78
753,-3.261
754,-2.432
755,-2.74
756,-2.415
757,-2.381
758,-1.909
759,-1.882
760,-1.979
761,-1.961
762,-2.067
763,-2.098
764,-1.888
765,-3.538
766,-2.722
767,-1.53
768,-1.919
769,-2.525
770,-2.461
771,-1.346
772,-1.964
773,-4.292
774,-1.942
775,-3.322
776,-1.212
777,-1.394
778,-0.792
779,-1.11
780,-0.868
781,-1.255
782,-0.712
783,-0.821
784,-1.371
785,-0.559
786,-0.243
787,-2.042
788,-1.884
789,-1.027
790,-0.575
791,-2.894
792,-3.357
793,-0.5
794,-2.236
795,-3.646
796,-4.249
797,-1.017
798,-3.118
799,-3.874
800,-0.259
801,-0.58
802,-4.102
803,-1.616
804,-0.893
805,-2.102
806,-3.512
807,-0.173
808,-2.199
809,-1.129
810,-0.566
811,-0.169
812,-0.562
813,-1.609
814,-0.241
815,-0.672
816,-1.417
817,-2.931
818,-0.034
819,-0.466
820,-1.045
821,-0.384
822,-2.321
823,-3.303
824,-0.067
825,-0.098
826,-3.236
827,-1.586
828,-0.482
829,-2.636
830,-4.037
831,-0.695
832,-0.32
833,-4.076
834,-1.694
835,-0.09
836,-0.584
837,-0.914
838,-0.068
839,-0.571
840,-0.26
841,-3.622
842,-0.489
843,-1.681
844,-4.358
845,-0.269
846,-0.727
847,-1.912
848,-4.28
849,-1.997
850,-1.229
851,-2.421
852,-3.915
853,-1.792
854,-3.727
855,-2.677
856,-4.224
857,-2.618
858,-4.051
859,-4.179
860,-1.83
861,-1.724
862,-4.26
863,-4.409
864,-4.191
865,-3.062
866,-3.444
867,-4.022
868,-0.104
869,-1.107
870,-1.112
871,-4.359
872,-4.196
873,-1.083
874,-3.794
875,-4.156
876,-3.114
877,-3.648
878,-4.047
879,-4.33
880,-2.127
881,-4.069
882,-4.459
883,-4.052
884,-1.687
885,-3.58
886,-4.498
887,-2.449
888,-2.067
889,-4.222
890,-3.36
891,-1.918
892,-0.948
893,-1.943
894,-2.422
895,-0.351
896,-3.332
897,-1.119
898,-0.395
899,-1.16
900,-3.914
901,-3.193
902,-0.782
903,-2.124
904,-4.454
905,-0.658
906,-2.736
907,-4.069
908,-1.516
909,-1.008
910,-4.479
911,-3.861
912,-0.838
913,-3.168
914,-4.517
915,-3.998
916,-2.795
917,-0.906
918,-2.554
919,-3.982
920,-0.821
921,-1.867
922,-0.072
923,-2.496
924,-2.65
925,-4.32
926,-4.424
927,-2.463
928,-4.52
929,-1.089
930,-4.474
931,-2.545
932,-4.234
933,-3.992
934,-3.47
935,-3.22
936,-3.902
937,-3.312
938,-4.464
939,-4.29
940,-1.113
941,-4.507
942,-3.481
943,-3.263
944,-4.09
945,-3.737
946,-4.418
947,-2.292
948,-3.123
949,-2.914
950,-0.869
951,-2.836
952,-1.01
953,-0.421
954,-1.162
955,-1.614
956,-0.333
957,-2.394
958,-0.181
959,-1.215
960,-1.395
961,-0.243
962,-4.35
963,-2.582
964,-4.274
965,-2.907
966,-3.017
967,-0.707
968,-0.118
969,0.014
970,-3.995
971,-2.577
972,-0.355
973,-3.245
974,-0.055
975,0.038
976,-0.502
977,-0.257
978,-0.28
979,-1.575
980,-3.591
981,-2.987
982,-1.031
983,0.37
984,-0.147
985,-0.124
986,-0.246
987,-1.973
988,-1.253
989,-3.406
990,-3.678
991,-1.237
992,-1.849
993,-0.134
994,-0.103
995,-2.564
996,-0.443
997,-1.592
998,-1.145
999,-0.289
1000,-3.388
1001,-0.552
1002,-0.292
1003,-0.069
1004,-3.406
1005,-3.712
1006,-0.683
1007,0.13
1008,-0.632
1009,-0.261
1010,0.158
1011,-4.434
1012,-0.106
1013,-0.074
1014,-0.437
1015,-2.946
1016,-0.433
1017,-0.926
1018,-2.969
1019,-0.721
1020,-0.413
1021,-0.032
1022,-0.639
1023,-2.431
1024,-0.064
1025,-0.15
1026,-1.376
1027,-0.988
1028,-0.81
1029,-0.515
1030,-0.513
1031,-0.656
1032,-1.293
1033,-1.129
1034,-0.895
1035,-0.006
1036,-0.461
1037,-0.993
1038,0.069
1039,0.058
1040,-0.365
1041,0.035
1042,-0.096
1043,-0.291
1044,0.216
1045,0.074
1046,0.163
1047,-0.254
1048,0.107
1049,-0.175
1050,-0.307
1051,-0.118
1052,-0.421
1053,0.134
1054,-0.209
1055,0.053
1056,0.007
1057,-0.135
1058,0.068
1059,-0.056
1060,0.286
1061,-1.217
1062,-0.664
1063,0.417
1064,-1.595
1065,0.285
1066,0.027
1067,-0.669
1068,-1.898
1069,-0.234
1070,-0.179
1071,-2.188
1072,-0.002
1073,-0.326
1074,-1.995
1075,-0.462
1076,-0.35
1077,-0.209
1078,-2.487
1079,0.069
1080,-0.215
1081,-0.736
1082,-1.601
1083,-0.71
1084,-0.627
1085,-2.74
1086,-0.389
1087,-0.273
1088,-0.582
1089,-2.135
1090,-0.275
1091,-0.542
1092,-1.901
1093,-1.194
1094,-0.25
1095,-1.012
1096,-1.323
1097,-0.863
1098,-0.174
1099,-1.103
1100,-0.008
1101,-0.853
1102,-2.49
1103,-0.818
1104,-0.67
1105,-1.912
1106,-0.771
1107,-0.847
1108,-2.391
1109,-1.441
1110,-1.968
1111,-2.986
1112,-3.163
1113,-3.342
1114,-2.831
1115,-2.066
1116,-3.045
1117,-2.44
1118,-1.424
1119,-2.025
1120,-0.974
1121,-1.859
1122,-2.441
1123,-1.441
1124,-1.865
1125,-1.581
1126,-1.534
1127,-1.187
1128,-1.476
1129,-1.457
1130,-1.572
1131,-1.516
1132,-1.275
1133,-1.531
1134,-1.593
1135,-1.198
1136,-0.553
1137,-1.377
