site,human sensitive sera escape
19,-0.048
20,-0.397
21,-0.487
22,0.123
23,-0.059
24,-0.328
25,0.047
26,0.219
27,-0.516
28,0.306
29,-6.142
30,-0.083
31,-1.102
32,-5.318
33,-1.48
34,-0.158
35,-0.734
36,-0.338
37,-0.692
38,-0.261
39,-0.499
40,-0.28
41,-0.111
42,-0.327
43,0.074
44,0.156
45,0.182
46,-0.968
47,-0.209
48,-0.461
49,-0.076
50,0.044
51,-0.256
52,-0.483
53,-0.527
54,-1.375
55,-0.146
56,-0.243
57,0.16
58,0.106
59,-0.828
60,0.17
61,-1.495
62,0.71
63,-1.141
64,-0.665
65,-1.395
66,-1.066
67,-0.488
68,-0.12
69,-0.058
70,0.08
71,-0.608
72,0.009
73,-0.226
74,0.073
75,-0.093
76,-0.018
77,0.092
78,-0.093
79,-0.093
80,-0.481
81,0.149
82,0.1
83,-4.066
84,-1.225
85,-6.073
86,-2.262
87,-10.231
88,-0.994
89,0.013
90,-6.165
91,-4.782
92,-7.826
93,-9.328
94,0.505
95,-4.862
96,0.701
97,-0.403
98,-0.565
99,-0.04
100,-0.605
101,0.289
102,0.594
103,0.56
104,0.29
105,0.0
106,0.083
107,0.221
108,0.33
109,0.567
110,0.264
111,0.076
112,0.039
113,-1.176
114,-0.072
115,-0.589
116,-0.425
117,-0.393
118,0.0
119,-1.975
120,-0.896
121,-4.083
122,-1.856
123,-6.137
124,-1.485
125,-3.691
126,-4.136
127,-5.17
128,-4.243
129,-3.282
130,-1.785
131,-0.224
132,-0.468
133,0.597
134,0.291
135,-0.333
136,-0.14
137,-0.024
138,-5.162
139,-0.097
140,0.586
141,-5.428
142,0.605
143,-0.181
144,0.193
145,-0.282
146,-0.245
147,-0.319
148,0.729
149,-0.269
150,0.238
151,0.527
152,0.378
153,-0.865
154,-0.125
155,-0.399
156,-0.844
157,-3.162
158,-2.065
159,-0.302
160,0.158
161,-0.18
162,-1.956
163,-0.774
164,-3.83
165,-0.043
166,-0.713
167,-1.485
168,-0.172
169,0.015
170,0.06
171,-0.382
172,0.058
173,0.284
174,-2.302
175,-0.322
176,-2.023
177,-0.96
178,-2.246
179,-0.442
180,0.307
181,0.222
182,-1.155
183,0.282
184,-1.426
185,-0.573
186,-1.031
187,-0.704
188,-0.922
189,-0.38
190,-1.259
191,-1.021
192,0.0
193,-1.857
194,0.052
195,-1.0
196,-0.374
197,0.425
198,-0.124
199,0.0
200,1.328
201,-0.555
202,0.44
203,-0.77
204,-0.399
205,0.086
206,-0.816
207,-2.018
208,-2.482
209,-0.541
210,0.8
211,0.014
212,-1.067
213,1.37
214,-0.197
215,-2.076
216,-1.229
217,-0.5
218,-2.822
219,-1.163
220,-0.184
221,-4.099
222,-0.474
223,-2.496
224,-1.341
225,-1.864
226,-1.044
227,-4.666
228,-0.63
229,-4.488
230,0.265
231,-4.388
232,0.104
233,-1.219
234,-0.044
235,-1.223
236,0.005
237,0.061
238,-0.082
239,0.057
240,-0.032
241,-0.14
242,-0.381
243,-0.519
244,0.222
245,-0.052
246,-0.501
247,0.23
248,0.065
249,0.034
250,-0.156
251,-0.465
252,-0.493
253,-0.323
254,0.0
255,-0.509
256,-0.262
257,-0.978
258,-0.328
259,-0.683
260,-0.617
261,0.088
262,-0.099
263,0.0
264,0.255
265,-1.799
266,-0.123
267,-0.129
268,-0.143
269,-0.892
270,-0.195
271,-0.037
272,-0.01
273,0.0
274,-0.142
275,0.0
276,-0.735
277,-0.297
278,-1.843
279,0.148
280,-0.091
281,-0.683
282,-0.377
283,0.139
284,-0.298
285,-0.37
286,-0.032
287,0.986
288,-0.379
289,0.281
290,-1.624
291,-0.352
292,-0.771
293,-1.002
294,-0.56
295,-0.659
296,0.851
297,-0.957
298,-0.887
299,-1.637
300,-0.116
301,0.055
302,1.168
303,0.036
304,0.592
305,-0.042
306,-0.812
307,-0.597
308,2.497
309,-1.491
310,0.11
311,0.051
312,0.023
313,-0.735
314,-2.037
315,-0.743
316,0.0
317,-2.105
318,-0.113
319,0.0
320,-1.123
321,0.0
322,-0.283
323,-0.074
324,0.263
325,-4.65
326,-0.037
327,-7.085
328,0.149
329,0.091
330,0.074
331,0.543
332,0.08
333,-1.075
334,-0.649
335,1.502
336,0.912
337,-0.817
338,-0.111
339,0.0
340,0.192
341,0.188
342,-0.033
343,-0.166
344,0.088
345,0.139
346,0.017
347,-0.677
348,0.879
349,-0.121
350,1.506
351,0.338
352,0.723
353,-0.381
354,-0.204
355,0.324
356,-0.224
357,0.0
358,-1.306
359,-0.888
360,0.005
361,-0.406
362,-0.077
363,-1.963
364,0.0
365,-0.229
366,0.0
367,-1.059
368,-0.752
369,-1.274
370,-0.667
371,-0.24
372,-1.471
373,-0.635
374,0.002
375,-2.604
376,-3.111
377,-1.585
378,-2.823
379,0.008
380,-1.318
381,-1.441
382,-0.313
383,0.0
384,-0.209
385,0.025
386,0.544
387,-0.449
388,-1.925
389,-0.032
390,-4.263
391,-3.971
392,-0.75
393,0.0
394,-1.704
395,0.038
396,-4.445
397,-0.021
398,0.332
399,-1.556
400,0.229
401,-0.869
402,0.639
403,-1.768
404,-3.247
405,-1.868
406,-0.797
407,-0.597
408,-0.951
409,-0.881
410,-0.42
411,-2.579
412,0.09
413,-0.049
414,-0.459
415,-2.275
416,-0.094
417,0.213
418,-1.53
419,0.0
420,-0.07
421,-0.091
422,-0.407
423,-0.687
424,0.025
425,-2.912
426,-2.558
427,-1.549
428,-5.986
429,1.464
430,-0.721
431,-0.745
432,0.002
433,-0.206
434,-2.787
435,-7.134
436,-3.172
437,-0.852
438,-0.146
439,-0.458
440,0.064
441,-0.03
442,-0.694
443,0.0
444,-0.006
445,-0.826
446,-0.03
447,0.142
448,-0.007
449,-0.096
450,0.23
451,-0.034
452,-0.494
453,0.0
454,-1.31
455,0.0
456,0.085
457,-0.037
458,-0.363
459,0.061
460,0.121
461,-0.036
462,-0.659
463,0.347
464,-1.236
465,0.653
466,0.848
467,0.0
468,-0.832
469,-1.323
470,-0.393
471,-0.752
472,-0.129
473,-0.721
474,-0.851
475,-0.073
476,-0.589
477,-0.244
478,-0.027
479,0.0
480,-0.313
481,-0.451
482,-3.72
483,-2.779
484,-3.088
485,-3.996
486,-1.139
487,-4.859
488,-0.422
489,-0.038
490,-0.408
491,-0.001
492,-0.375
493,-0.126
494,0.0
495,-0.921
496,-1.509
497,-0.429
498,-0.322
499,0.445
500,-0.305
501,-0.064
502,-0.029
503,0.181
504,-0.225
505,-0.169
506,-0.051
507,-0.017
508,-0.147
509,0.0
510,-0.403
511,0.081
512,-0.187
513,-0.721
514,-0.371
515,-0.042
516,-0.034
517,0.347
518,-0.334
519,-0.341
520,-0.267
521,-0.128
522,0.384
523,-0.051
524,-0.119
525,-0.349
526,-0.472
527,-0.151
528,-0.207
529,0.0
530,0.035
531,0.009
532,-0.014
533,-0.04
534,0.0
535,0.0
536,0.0
537,-0.397
538,-0.156
539,-0.146
540,0.0
541,-0.351
542,-0.201
543,-0.124
544,0.029
545,-0.196
546,0.006
547,-0.381
548,-0.644
549,-0.076
550,0.144
551,-0.215
552,0.063
553,0.0
554,-0.082
555,0.0
556,0.0
557,0.0
558,0.14
559,-0.077
560,-0.141
561,-0.568
562,0.123
563,-1.321
564,-1.553
565,0.727
566,-3.583
567,0.676
568,-2.285
569,0.083
570,-1.232
571,-3.671
572,-3.738
573,-5.845
574,-4.301
575,-4.125
576,-4.199
577,-7.569
578,-1.414
579,-1.196
580,-3.265
581,-0.442
582,-0.022
583,-0.97
584,-1.428
585,0.0
586,-0.791
587,-1.958
588,-0.803
589,-0.051
590,-0.872
591,-0.172
592,0.0
593,0.0
594,0.104
595,0.0
596,0.0
597,-0.412
598,-0.216
599,-0.184
600,-0.773
601,0.004
602,-0.294
603,0.0
604,-0.359
605,-0.005
606,-0.203
607,-1.02
608,0.0
609,-0.241
610,0.0
611,-0.179
612,-0.353
613,-0.402
614,-0.06
615,0.0
616,0.0
617,-0.569
618,-0.358
619,-0.159
620,0.0
621,-0.755
622,-0.029
623,-0.006
624,-0.592
625,-0.488
626,-0.714
627,0.0
628,-0.534
629,-0.291
630,0.167
631,0.001
632,-0.749
633,-0.283
634,0.0
635,-0.837
636,-1.422
637,-1.474
638,-0.565
639,-0.55
640,-0.97
641,-0.112
642,-1.367
643,-0.097
644,-0.007
645,0.128
646,-0.782
647,-0.319
648,-0.001
649,-0.007
650,-1.852
651,-0.628
652,-0.383
653,0.162
654,-0.803
655,-4.359
656,-0.35
657,-0.055
658,0.226
659,-0.776
660,-1.148
661,-0.683
662,-0.025
663,-0.653
664,-0.797
665,-0.021
666,-0.815
667,-0.04
668,0.021
669,0.053
670,-0.004
671,-0.166
672,0.221
673,0.019
674,0.0
675,0.037
676,0.164
677,0.352
678,0.101
679,0.037
680,0.156
681,0.043
682,0.161
683,-0.318
684,0.294
685,-0.099
686,0.0
687,0.0
688,-0.164
689,0.154
690,0.0
691,0.289
692,0.126
693,0.115
694,0.004
695,0.07
696,0.11
697,-0.504
698,0.251
699,0.364
700,0.516
701,0.248
702,0.878
703,0.445
704,-0.117
705,0.237
706,0.332
707,-0.402
708,-0.203
709,0.136
710,0.0
711,0.028
712,0.0
713,-1.614
714,-0.615
715,-0.519
716,-0.055
717,0.32
718,0.073
719,-1.323
720,0.05
721,0.49
722,-0.395
723,0.0
724,-0.303
725,-0.003
726,0.0
727,0.192
728,-0.422
729,0.0
730,-0.045
731,0.391
732,0.033
733,0.008
734,0.0
735,-1.317
736,-0.184
737,-1.002
738,-0.17
739,0.109
740,-0.244
741,-0.045
742,-0.019
743,0.395
744,0.185
745,0.0
746,-0.084
747,-0.159
748,0.0
749,0.0
750,-0.193
751,-1.775
752,-0.145
753,0.173
754,-0.949
755,-0.418
756,-0.192
757,-1.772
758,-2.029
759,-3.353
760,0.056
761,-0.691
762,-0.271
763,0.331
764,0.256
765,-0.159
766,-0.643
767,-0.741
768,0.199
769,-0.06
770,-0.454
771,-0.303
772,-1.553
773,0.0
774,-1.571
775,-0.05
776,-0.513
777,-2.125
778,-3.696
779,-3.123
780,-1.851
781,-2.723
782,-1.979
783,-0.652
784,-0.034
785,0.275
786,0.044
787,-0.135
788,-0.137
789,0.257
790,0.155
791,-0.108
792,-0.075
793,0.105
794,-0.07
795,0.009
796,0.0
797,0.041
798,0.237
799,-0.007
800,0.216
801,-0.205
802,0.124
803,0.019
804,-0.207
805,-0.432
806,0.077
807,-0.064
808,-0.272
809,-0.302
810,0.053
811,0.315
812,-0.592
813,0.028
814,-0.195
815,0.077
816,-0.01
817,0.026
818,0.355
819,0.231
820,-0.183
821,0.078
822,0.117
823,-0.116
824,0.098
825,-0.268
826,0.055
827,0.211
828,-0.382
829,-0.824
830,-0.033
831,0.32
832,-1.17
833,0.002
834,0.179
835,0.212
836,-0.559
837,-0.469
838,0.394
839,-0.481
840,-0.182
841,0.0
842,0.111
843,-0.16
844,0.0
845,-1.041
846,-0.278
847,-2.709
848,0.0
849,-0.874
850,-1.7
851,-0.034
852,-0.412
853,-0.827
854,-0.566
855,-0.929
856,0.0
857,-0.531
858,-0.132
859,-0.104
860,-0.226
861,-2.1
862,-0.095
863,0.0
864,-0.143
865,-1.743
866,-0.215
867,-0.357
868,0.153
869,-0.063
870,-0.732
871,-0.107
872,-0.113
873,0.134
874,-0.236
875,0.0
876,0.031
877,0.0
878,-0.123
879,0.0
880,-0.108
881,0.0
882,0.0
883,-0.029
884,-0.061
885,-0.279
886,0.0
887,0.079
888,0.371
889,-0.065
890,-0.052
891,0.068
892,0.099
893,-0.158
894,-0.331
895,-2.184
896,0.038
897,-0.76
898,-1.562
899,-0.526
900,-0.091
901,-0.276
902,-0.76
903,-0.268
904,0.0
905,-0.715
906,-0.315
907,0.0
908,-0.003
909,-1.988
910,0.0
911,0.002
912,-4.19
913,-1.154
914,0.0
915,-0.154
916,-0.536
917,-1.31
918,-0.954
919,-0.086
920,-0.612
921,-4.693
922,-0.302
923,-0.866
924,-1.337
925,0.0
926,0.0
927,-0.815
928,0.0
929,-1.259
930,0.0
931,-1.629
932,0.0
933,0.0
934,0.016
935,-0.203
936,-0.011
937,-0.072
938,0.0
939,0.0
940,-0.034
941,0.0
942,-0.046
943,-0.04
944,0.0
945,-0.078
946,0.0
947,-1.483
948,-0.631
949,-1.228
950,-2.446
951,-0.559
952,-0.963
953,0.117
954,-0.501
955,-0.597
956,-1.711
957,-3.091
958,-1.638
959,-2.245
960,-0.756
961,-4.696
962,0.0
963,-0.616
964,0.0
965,-0.869
966,-0.175
967,-0.077
968,-0.558
969,-0.841
970,-0.104
971,-0.856
972,-4.007
973,0.174
974,-6.894
975,-4.337
976,-1.793
977,-1.23
978,-3.786
979,-2.378
980,-0.046
981,-0.576
982,-0.158
983,-1.293
984,0.148
985,0.01
986,-0.189
987,-0.91
988,-2.66
989,-0.921
990,-0.418
991,-2.522
992,-4.032
993,-0.996
994,-4.455
995,-1.205
996,-0.325
997,-0.732
998,-3.436
999,-3.903
1000,-0.747
1001,-2.916
1002,-2.778
1003,-6.037
1004,-0.624
1005,-0.185
1006,-2.873
1007,-2.256
1008,-5.49
1009,-1.626
1010,-1.776
1011,0.0
1012,-3.858
1013,-2.978
1014,-6.26
1015,-0.919
1016,-0.661
1017,0.012
1018,-0.014
1019,-0.773
1020,-2.351
1021,-0.268
1022,0.213
1023,-0.476
1024,-0.274
1025,-0.585
1026,-1.692
1027,-2.039
1028,-2.779
1029,-1.61
1030,-4.296
1031,-1.754
1032,-2.289
1033,-0.489
1034,0.198
1035,-1.382
1036,0.099
1037,-1.645
1038,-0.554
1039,0.012
1040,-1.584
1041,0.137
1042,0.002
1043,-0.406
1044,-0.077
1045,0.017
1046,-0.252
1047,-0.172
1048,-0.196
1049,-0.179
1050,0.35
1051,0.424
1052,0.596
1053,-0.029
1054,0.301
1055,0.208
1056,0.186
1057,-0.807
1058,-0.265
1059,0.195
1060,-0.015
1061,-1.424
1062,0.262
1063,0.038
1064,-0.594
1065,-0.098
1066,0.171
1067,-0.142
1068,-0.596
1069,0.308
1070,0.14
1071,-1.422
1072,-0.033
1073,0.259
1074,-0.652
1075,-0.512
1076,-0.291
1077,-0.419
1078,-0.297
1079,0.233
1080,0.057
1081,-0.837
1082,-0.46
1083,-0.312
1084,-1.04
1085,-0.513
1086,-0.3
1087,0.223
1088,-0.566
1089,-0.405
1090,0.208
1091,-0.401
1092,-0.317
1093,-1.305
1094,-0.302
1095,-0.213
1096,-1.136
1097,0.233
1098,-0.345
1099,-0.133
1100,0.29
1101,0.561
1102,0.24
1103,0.453
1104,0.103
1105,0.516
1106,-1.286
1107,0.089
1108,-0.018
1109,0.012
1110,0.162
1111,0.176
1112,-0.192
1113,-0.019
1114,0.083
1115,-0.236
1116,0.015
1117,-0.088
1118,-0.066
1119,-0.105
1120,0.404
1121,-0.415
1122,0.142
1123,0.279
1124,-0.055
1125,0.075
1126,-0.127
1127,0.005
1128,-0.065
1129,0.242
1130,0.12
1131,-0.263
1132,0.219
1133,-0.224
1134,0.076
1135,0.277
1136,-0.088
1137,0.139
