site,escape_mean
19,-0.238
20,-1.984
21,-2.436
22,0.871
23,-0.295
24,-1.639
25,0.233
26,0.33
27,-2.578
28,1.531
29,-30.71
30,-0.414
31,-5.508
32,-26.589
33,-7.401
34,-0.79
35,-3.668
36,-1.69
37,-3.458
38,-1.303
39,-2.494
40,-1.398
41,-0.553
42,-1.636
43,0.372
44,0.781
45,0.911
46,-4.839
47,-1.047
48,-2.305
49,-0.382
50,0.222
51,-1.281
52,-2.416
53,-2.637
54,-5.383
55,-0.733
56,-1.217
57,0.802
58,0.529
59,-4.14
60,0.848
61,-8.282
62,3.552
63,-5.707
64,-3.327
65,-6.973
66,-5.329
67,-2.438
68,-0.599
70,0.399
71,-3.04
72,0.043
73,-1.132
74,0.366
75,-0.463
76,-0.089
77,0.462
78,-0.467
79,-0.389
80,-2.404
81,1.067
82,0.5
83,-20.332
84,-6.126
85,-30.365
86,-11.312
87,-51.154
88,-4.97
89,0.067
90,-30.826
91,-23.911
92,-39.13
93,-46.642
94,2.523
95,-24.309
96,3.505
97,-2.014
98,-2.823
99,-0.2
100,-3.023
101,1.443
102,2.969
103,2.798
104,1.448
106,0.415
107,0.729
108,1.652
109,2.836
110,1.321
111,0.38
112,0.197
113,-5.882
114,-0.359
115,-2.581
116,-2.606
117,-1.965
119,-9.876
120,-4.483
121,-20.416
122,-9.278
123,-30.684
124,-7.423
125,-18.453
126,-20.679
127,-25.853
128,-21.216
129,-16.412
130,-8.924
131,-1.122
132,-2.34
133,2.984
134,1.455
135,-1.666
136,-0.699
137,-0.121
138,-25.808
139,-0.15
140,2.929
141,-27.138
142,2.453
143,-0.905
144,0.964
145,-1.41
146,-1.225
147,-1.596
148,3.647
149,-1.347
150,1.188
151,2.635
152,1.891
153,-4.325
154,-0.622
155,-1.996
156,-4.222
157,-15.812
158,-10.325
159,-1.512
160,0.79
161,-0.898
162,-9.779
163,-3.872
164,-19.148
165,-0.216
166,-3.563
167,-7.424
168,-0.861
169,0.076
170,0.301
171,-1.912
172,0.292
173,1.422
174,-11.368
175,-1.612
176,-10.633
177,-4.801
178,-11.228
179,-2.21
180,1.533
181,1.108
182,-6.109
183,1.408
184,-7.129
185,-2.867
186,-5.156
187,-3.522
188,-4.611
189,-1.375
190,-6.293
191,-5.103
193,-9.286
194,0.258
195,-4.998
196,-1.869
197,2.123
198,-0.619
200,6.642
201,-2.776
202,2.199
203,-3.85
204,-1.994
205,0.431
206,-4.078
207,-10.478
208,-12.41
209,-2.704
210,4.002
211,0.069
212,-5.333
213,6.85
214,-0.987
215,-10.38
216,-6.146
217,-2.499
218,-14.11
219,-5.816
220,-1.108
221,-20.493
222,-2.372
223,-12.479
224,-6.706
225,-9.322
226,-5.219
227,-23.332
228,-3.152
229,-22.438
230,1.323
231,-21.938
232,0.522
233,-5.967
234,-0.219
235,-6.115
236,0.024
237,0.306
238,-0.665
239,0.284
240,-0.437
241,-0.699
242,-1.903
243,-2.596
244,1.11
245,-0.261
246,-2.507
247,1.15
248,0.324
249,0.168
250,-0.78
251,-2.325
252,-2.466
253,-1.616
255,-2.543
256,-1.492
257,-4.893
258,-1.642
259,-3.415
260,-3.087
261,0.441
262,-0.497
264,1.274
265,-8.994
266,-0.617
267,-0.645
268,-0.717
269,-4.458
270,-0.974
271,0.279
272,-0.052
274,-0.711
276,-3.675
277,-1.486
278,-9.213
279,0.739
280,-0.456
281,-3.416
282,-1.884
283,0.693
284,-1.492
285,-1.849
286,-0.161
287,4.928
288,-1.893
289,1.407
290,-8.12
291,-1.127
292,-3.856
293,-3.288
294,-2.802
295,-3.294
296,4.253
297,-4.783
298,-4.437
299,-8.187
300,-0.581
301,0.275
302,5.841
303,0.181
304,2.96
305,-0.208
306,-4.059
307,-2.985
308,12.483
309,-7.457
310,0.548
311,0.254
312,0.113
313,-3.674
314,-10.184
315,-3.715
317,-10.525
318,-0.564
320,-5.613
322,-1.415
323,-0.367
324,1.314
325,-23.252
326,-0.183
327,-35.422
328,0.747
329,0.453
330,0.372
331,2.715
332,0.399
333,-5.377
334,-3.244
335,7.513
336,4.559
337,-4.086
338,-0.556
340,0.959
341,0.942
342,-0.164
343,-1.222
344,0.441
345,0.697
346,0.087
347,-3.383
348,4.394
349,-0.603
350,7.532
351,1.691
352,3.614
353,-1.906
354,-1.019
355,1.618
356,-1.122
358,-6.531
359,-4.44
360,0.024
361,-2.03
362,-0.385
363,-9.816
365,-1.145
367,-5.293
368,-3.762
369,-6.371
370,-3.337
371,-1.201
372,-4.399
373,-3.175
374,0.01
375,-13.018
376,-15.557
377,-7.925
378,-14.116
379,0.042
380,-6.587
381,-7.206
382,-1.563
384,-1.046
385,0.127
386,2.722
387,-2.246
388,-9.626
389,-0.163
390,-21.317
391,-19.856
392,-4.547
394,-8.518
395,0.189
396,-22.228
397,-0.107
398,1.658
399,-7.782
400,1.143
401,-4.346
402,3.196
403,-8.841
404,-16.234
405,-9.34
406,-3.984
407,-2.983
408,-4.754
409,-4.404
410,-3.388
411,-12.897
412,0.452
413,-0.181
414,-2.296
415,-11.145
416,-0.469
417,1.063
418,-7.649
420,-0.351
421,-0.454
422,-2.033
423,-3.433
424,0.123
425,-14.561
426,-12.791
427,-7.744
428,-29.93
429,7.32
430,-3.603
431,-3.727
432,0.011
433,-1.028
434,-13.934
435,-35.669
436,-15.858
437,-4.261
438,-0.729
439,-2.29
440,0.32
441,-0.148
442,-3.467
444,-0.18
445,-4.955
446,-0.15
447,0.708
448,-0.033
449,-0.481
450,1.505
451,-0.168
452,-1.987
454,-6.549
456,0.426
457,-0.187
458,-1.814
459,0.305
460,0.605
461,-0.18
462,-3.294
463,1.735
464,-6.179
465,3.265
466,4.238
468,-4.158
469,-6.615
470,-1.967
471,-3.757
472,-0.645
473,-3.604
474,-4.257
475,-0.702
476,-2.945
477,-1.221
478,-0.136
480,-1.565
481,-2.255
482,-18.599
483,-13.896
484,-17.356
485,-19.982
486,-5.695
487,-24.295
488,-2.111
489,-0.188
490,-2.079
491,-0.006
492,-1.874
493,-0.631
495,-4.604
496,-7.543
497,-2.143
498,-1.608
499,2.224
500,-1.523
501,-0.318
502,-0.145
503,0.904
504,-1.127
505,-0.845
506,-0.257
507,-0.084
508,-0.736
510,-2.015
511,0.403
512,-0.937
513,-3.155
514,-1.853
515,-0.209
516,-0.172
517,1.734
518,-1.672
519,-1.704
520,-2.047
521,-0.642
522,1.921
523,-0.179
524,-0.595
525,-1.743
526,-2.359
527,-0.756
528,-1.034
530,0.176
531,0.046
532,-0.069
533,-0.198
537,-1.984
538,-0.779
539,-0.729
541,-1.753
542,-1.006
543,-0.622
544,0.144
545,-0.98
546,0.03
547,-1.903
548,-3.221
549,-0.38
550,0.72
551,-1.076
552,0.317
554,-0.412
558,0.699
559,-0.384
560,-0.703
561,-2.839
562,0.613
563,-6.604
564,-8.801
565,3.635
566,-17.915
567,3.38
568,-11.426
569,0.414
570,-6.16
571,-18.355
572,-18.69
573,-29.224
574,-21.505
575,-20.626
576,-21.477
577,-37.843
578,-7.072
579,-5.979
580,-16.325
581,-2.208
582,-0.112
583,-4.85
584,-7.46
586,-3.519
587,-9.79
588,-4.014
589,-0.256
590,-4.358
591,-0.861
594,0.522
597,-2.058
598,-1.082
599,-0.92
600,-3.863
601,0.021
602,-1.468
604,-1.166
605,-0.023
606,-1.017
607,-5.099
609,-1.203
611,-0.898
612,-1.764
613,-2.01
614,-0.302
617,-2.844
618,-1.79
619,-0.793
621,-3.777
622,-0.221
623,-0.031
624,-2.96
625,-2.439
626,-3.572
628,-2.669
629,-1.455
630,0.833
631,-0.103
632,-3.745
633,-1.417
635,-4.183
636,-7.109
637,-7.372
638,-2.826
639,-2.749
640,-4.849
641,-0.562
642,-6.835
643,-0.485
644,-0.036
645,0.642
646,-3.912
647,-1.596
648,-0.007
649,-0.037
650,-9.262
651,-3.141
652,-1.913
653,0.809
654,-4.014
655,-21.798
656,-1.751
657,-0.277
658,-0.228
659,-3.881
660,-5.743
661,-3.414
662,-0.124
663,-3.264
664,-3.987
665,-0.106
666,-3.736
667,-0.2
668,0.106
669,0.266
670,-0.019
671,-0.831
672,1.106
673,0.093
675,0.186
676,0.819
677,1.76
678,0.506
679,0.186
680,0.779
681,0.216
682,0.803
683,-1.591
684,1.469
685,-0.495
688,-0.818
689,0.77
691,1.445
692,0.628
693,0.577
694,0.018
695,0.348
696,0.55
697,-2.263
698,1.254
699,1.819
700,2.578
701,1.242
702,4.388
703,2.225
704,-0.585
705,1.648
706,1.662
707,-2.228
708,0.043
709,0.678
711,0.139
713,-8.071
714,-3.014
715,-2.597
716,-0.274
717,1.6
718,0.367
719,-6.615
720,0.25
721,2.448
722,-1.977
724,-1.515
725,-0.013
727,0.96
728,-2.108
730,-0.225
731,1.91
732,0.163
733,0.041
735,-6.587
736,-0.917
737,-5.01
738,-0.85
739,0.545
740,-1.222
741,-0.223
742,-0.094
743,1.975
744,0.927
746,-0.419
747,-0.796
750,-0.965
751,-6.617
752,-0.353
753,0.867
754,-1.758
755,-2.092
756,-0.961
757,-8.861
758,-10.143
759,-16.765
760,0.278
761,-3.457
762,-1.353
763,1.653
764,0.992
765,-0.796
766,-3.216
767,-4.184
768,0.994
769,-0.299
770,-2.271
771,-1.515
772,-7.765
774,-7.857
775,-0.25
776,-2.564
777,-9.216
778,-18.48
779,-15.616
780,-8.79
781,-13.613
782,-9.897
783,-3.258
784,-0.169
785,1.375
786,0.221
787,-0.644
788,-0.49
789,1.285
790,0.636
791,-0.539
792,-0.375
793,0.527
794,-0.352
795,0.045
797,0.205
798,1.184
799,-0.036
800,1.08
801,-1.062
802,0.62
803,0.096
804,-1.033
805,-2.158
806,0.387
807,-0.321
808,-1.361
809,-1.508
810,0.264
811,1.575
812,-2.961
813,0.14
814,-0.972
815,0.387
816,-0.05
817,0.13
818,1.773
819,1.155
820,-0.913
821,0.389
822,0.584
823,-0.578
824,0.488
825,-1.341
826,0.274
827,1.055
828,-1.909
829,-4.122
830,-0.166
831,1.599
832,-5.852
833,0.008
834,0.894
835,1.061
836,-2.794
837,-2.344
838,1.972
839,-2.405
840,-0.911
841,0.002
842,0.554
843,-0.8
845,-5.206
846,-1.392
847,-13.545
849,-4.369
850,-8.498
851,-0.17
852,-2.057
853,-4.137
854,-2.829
855,-3.853
857,-2.654
858,-0.66
859,-0.521
860,-1.131
861,-10.5
862,-0.473
864,-0.715
865,-8.716
866,-1.076
867,-1.784
868,0.764
869,-0.312
870,-3.661
871,-0.535
872,-0.564
873,0.67
874,-1.178
876,0.153
878,-0.616
880,-0.542
883,-0.144
884,-0.305
885,-1.395
887,0.393
888,1.856
889,-0.327
890,-0.258
891,0.342
892,0.497
893,-0.788
894,-1.654
895,-10.919
896,0.193
897,-3.798
898,-7.811
899,-2.63
900,-0.455
901,-1.379
902,-3.799
903,-1.34
905,-3.576
906,-1.574
908,-0.017
909,-9.645
911,0.011
912,-20.951
913,-5.772
915,-0.771
916,-2.682
917,-6.551
918,-4.769
919,-0.43
920,-3.062
921,-23.465
922,-1.509
923,-4.328
924,-6.749
927,-3.627
929,-5.897
931,-8.148
934,0.081
935,-1.016
936,-0.053
937,-0.358
940,-0.172
942,-0.232
943,-0.202
945,-0.389
947,-7.414
948,-3.156
949,-6.139
950,-13.056
951,-2.793
952,-4.815
953,0.587
954,-2.507
955,-2.987
956,-8.554
957,-15.455
958,-8.188
959,-11.226
960,-3.781
961,-23.479
963,-3.079
965,-4.345
966,-0.875
967,-0.357
968,-2.79
969,-4.204
970,-0.522
971,-4.28
972,-20.036
973,0.87
974,-34.473
975,-21.686
976,-8.966
977,-6.149
978,-18.93
979,-11.887
980,-0.228
981,-2.88
982,-0.79
983,-6.465
984,0.739
985,0.05
986,-0.722
987,-4.55
988,-13.302
989,-4.603
990,-0.226
991,-12.609
992,-17.709
993,-4.982
994,-22.277
995,-6.023
996,-1.624
997,-3.659
998,-17.178
999,-19.516
1000,-3.735
1001,-14.58
1002,-13.891
1003,-30.183
1004,-3.122
1005,-0.923
1006,-14.365
1007,-11.28
1008,-27.45
1009,-8.128
1010,-8.88
1012,-19.29
1013,-14.892
1014,-31.302
1015,-4.593
1016,-3.307
1017,0.175
1018,-0.069
1019,-3.863
1020,-10.926
1021,-1.34
1022,1.065
1023,-2.381
1024,-1.367
1025,-2.927
1026,-8.458
1027,-10.195
1028,-13.894
1029,-8.051
1030,-21.483
1031,-8.771
1032,-11.071
1033,-2.447
1034,0.989
1035,-6.909
1036,0.495
1037,-8.226
1038,-2.771
1039,0.058
1040,-7.92
1041,0.686
1042,0.011
1043,-2.03
1044,-0.383
1045,0.084
1046,-1.539
1047,-0.86
1048,-0.98
1049,-0.893
1050,1.752
1051,2.118
1052,2.98
1053,-0.145
1054,1.506
1055,1.039
1056,0.931
1057,-4.036
1058,-1.326
1059,0.976
1060,-0.076
1061,-7.122
1062,1.31
1063,0.192
1064,-2.972
1065,-0.488
1066,0.856
1067,-0.709
1068,-2.978
1069,1.542
1070,0.7
1071,-8.374
1072,-0.168
1073,1.305
1074,-3.26
1075,-2.558
1076,-1.315
1077,-2.093
1078,-1.486
1079,1.166
1080,0.283
1081,-4.187
1082,-2.298
1083,-1.562
1084,-5.198
1085,-2.566
1086,-1.501
1087,1.115
1088,-2.829
1089,-2.027
1090,1.039
1091,-2.005
1092,-1.586
1093,-6.527
1094,-1.509
1095,-1.064
1096,-6.253
1097,2.169
1098,-1.725
1099,-0.384
1100,1.452
1101,2.805
1102,1.198
1103,2.265
1104,0.517
1105,2.579
1106,-6.428
1107,0.444
1108,-0.092
1109,0.29
1110,0.811
1111,0.879
1112,-0.96
1113,-0.093
1114,0.416
1115,-1.182
1116,0.075
1117,-0.441
1118,-0.333
1119,-0.523
1120,2.022
1121,-2.073
1122,0.708
1123,1.397
1124,-0.087
1125,0.376
1126,-0.637
1127,0.026
1128,-0.325
1129,1.21
1130,0.598
1131,-1.314
1132,1.097
1133,-1.083
1134,0.382
1135,1.387
1136,-0.438
1137,0.696
