site,human resistant sera escape
19,0.558
20,-0.295
21,-0.36
22,0.058
23,-0.054
24,-0.006
25,0.262
26,0.475
27,-0.708
28,-0.342
29,-7.027
30,-0.107
31,-0.35
32,-5.863
33,-1.954
34,0.05
35,-1.093
36,-0.528
37,-0.216
38,-0.67
39,-0.012
40,-0.225
41,-0.417
42,-0.186
43,-0.244
44,0.704
45,0.181
46,-0.219
47,-0.09
48,-0.042
49,0.498
50,-0.053
51,0.03
52,-0.324
53,-0.059
54,-1.034
55,0.104
56,-0.155
57,0.528
58,0.262
59,-0.787
60,0.306
61,-1.046
62,0.925
63,-1.122
64,-0.66
65,-0.793
66,-0.201
67,-0.292
68,0.142
69,0.009
70,0.319
71,0.009
72,0.288
73,0.272
74,-0.039
75,-0.074
76,0.0
77,0.533
78,0.206
79,0.268
80,-0.685
81,0.127
82,0.262
83,-3.83
84,-1.074
85,-6.697
86,-2.532
87,-10.341
88,-1.237
89,0.364
90,-6.366
91,-4.764
92,-7.52
93,-10.183
94,0.582
95,-5.364
96,1.142
97,-0.438
98,-0.601
99,-0.615
100,-0.191
101,0.546
102,0.601
103,1.068
104,1.052
105,0.0
106,-0.259
107,0.403
108,1.259
109,0.799
110,0.629
111,0.594
112,0.296
113,-0.21
114,0.129
115,0.153
116,-0.547
117,-0.237
118,0.0
119,-1.651
120,-0.634
121,-3.985
122,-1.604
123,-5.931
124,-1.369
125,-3.321
126,-3.408
127,-5.463
128,-4.424
129,-3.397
130,-1.14
131,0.431
132,-0.404
133,1.033
134,0.869
135,-0.448
136,-0.04
137,0.594
138,-5.544
139,0.208
140,0.734
141,-6.25
142,0.468
143,0.176
144,0.194
145,-0.326
146,0.827
147,0.952
148,1.763
149,1.191
150,0.737
151,1.128
152,0.027
153,-0.36
154,0.384
155,-0.1
156,-0.459
157,-2.369
158,-0.88
159,-0.218
160,0.475
161,0.545
162,-1.788
163,0.095
164,-3.393
165,0.578
166,-0.341
167,0.785
168,-0.223
169,0.775
170,0.402
171,-0.521
172,0.136
173,-0.071
174,-1.98
175,-0.277
176,-0.876
177,-0.761
178,-0.964
179,-0.214
180,1.143
181,-0.044
182,-0.62
183,0.846
184,-0.809
185,0.149
186,-0.369
187,-0.479
188,-0.748
189,0.43
190,-0.635
191,-1.556
192,0.0
193,-1.399
194,0.258
195,-1.119
196,-0.302
197,0.973
198,-0.272
199,0.0
200,2.155
201,-0.485
202,0.904
203,-0.341
204,0.253
205,0.06
206,-0.777
207,-2.136
208,-2.368
209,-0.389
210,1.614
211,0.12
212,-0.85
213,2.028
214,-0.121
215,-2.57
216,-1.367
217,-0.14
218,-3.05
219,-1.121
220,0.012
221,-3.474
222,0.241
223,-1.912
224,-1.475
225,-1.245
226,-0.68
227,-4.266
229,-0.001
230,-4.239
231,0.864
232,-4.264
233,0.2
234,-1.086
235,0.119
236,-1.564
237,0.279
238,-0.445
239,0.151
240,0.13
241,-0.012
242,-0.159
243,0.496
244,-0.536
245,0.138
246,-0.057
247,-0.261
248,0.521
249,0.08
250,-0.271
251,0.025
252,0.033
253,-0.441
254,-0.607
255,0.0
256,-0.946
257,-0.355
258,-0.96
259,0.002
260,-0.413
261,-0.864
262,0.092
263,-0.112
264,0.0
265,0.634
266,-2.023
267,-0.037
268,-0.285
269,-0.188
270,-0.613
271,-0.091
272,-0.019
273,-0.204
274,0.0
275,-0.076
276,0.0
277,-0.676
278,-0.466
279,-2.233
280,0.442
281,-0.229
282,-0.112
283,-0.16
284,0.469
285,-0.4
286,-0.76
287,0.09
288,1.27
289,-0.369
290,0.69
291,-2.233
292,1.177
293,-0.393
294,-1.044
295,1.292
296,1.874
297,3.523
298,-1.087
299,-0.886
300,-2.009
301,-1.456
302,-0.079
303,0.188
304,-0.032
305,-0.205
306,0.04
307,-0.404
308,-0.973
309,1.2
310,-0.87
311,0.273
312,0.841
313,0.319
314,-0.053
315,-1.048
316,-0.357
317,0.0
318,-0.933
319,-0.014
320,0.0
321,-1.673
322,0.0
323,-0.296
324,-0.287
325,0.0
326,-2.562
327,-0.248
328,-6.442
329,-0.021
330,0.198
331,-0.267
332,0.448
333,-1.272
334,-1.298
335,-1.726
336,2.459
337,0.978
338,-1.482
339,-0.288
340,0.0
341,0.13
342,0.09
343,0.196
344,0.995
345,0.809
346,0.084
347,0.012
348,-0.645
349,-0.387
350,-0.043
351,0.609
352,-0.915
355,0.022
356,-0.008
357,-0.124
358,0.651
359,-0.129
360,0.0
361,-1.617
362,-1.735
363,-0.131
364,-0.352
365,-0.437
366,-2.345
367,0.0
368,0.647
369,0.0
370,-1.405
371,-0.741
372,-0.828
373,-0.635
374,-0.146
375,-1.532
376,-0.42
377,0.305
378,-2.172
379,-3.27
380,-1.554
381,-2.665
382,-0.154
383,-1.735
384,-1.764
385,-0.267
386,0.0
387,-0.124
388,-0.365
389,0.816
390,-0.96
391,-1.439
392,0.594
393,-4.492
394,-3.197
395,-0.778
396,0.0
397,-2.131
398,-0.18
399,-5.071
400,-0.011
401,0.56
402,-0.863
403,0.376
404,-0.456
405,-0.41
406,-2.722
407,-3.856
408,-1.363
409,-0.448
410,0.119
411,-1.004
412,-1.037
413,-0.273
414,-3.091
415,0.012
416,0.594
417,-0.582
418,-1.982
419,-0.263
420,0.611
421,-2.28
422,0.0
423,0.592
424,-0.772
425,-0.228
426,-0.471
427,-0.008
428,-2.418
429,-2.241
430,-2.256
431,-6.56
432,2.007
433,0.952
434,-0.64
435,0.984
436,0.663
437,-2.452
438,-6.659
439,-3.151
440,0.993
441,-0.026
442,1.636
443,0.189
444,0.118
445,-0.886
446,0.0
447,-0.137
448,-1.375
449,-0.112
450,0.272
451,0.028
452,-0.073
453,0.505
454,0.088
455,-0.202
456,0.0
457,-1.016
458,0.0
459,0.352
460,0.014
461,-0.524
462,0.094
463,0.231
464,-0.266
465,-0.21
466,0.708
467,-1.085
468,1.149
469,1.413
470,0.0
471,-0.605
472,-0.962
473,-0.431
474,-0.351
475,0.074
476,-0.63
477,-0.942
478,0.073
479,0.212
480,-0.175
481,-0.11
482,0.0
483,-0.249
484,-0.54
485,-3.902
486,-3.342
487,-2.864
488,-4.868
489,-0.989
490,-5.489
491,0.016
492,0.031
493,0.168
494,-0.063
495,-0.208
496,-0.057
497,0.0
498,-0.921
499,-1.937
500,-0.193
501,0.052
502,1.226
503,-0.488
504,0.125
505,-0.011
506,0.107
507,0.1
508,-0.033
509,-0.224
510,0.042
511,-0.055
512,0.0
513,-0.488
514,0.411
515,-0.062
516,-0.297
517,0.205
518,0.531
519,-0.115
520,0.175
521,-0.42
522,-0.257
523,-0.609
524,-0.18
525,0.541
526,0.187
527,-0.361
528,-0.477
529,-1.092
530,-0.193
531,-0.077
532,0.0
533,0.194
534,-0.097
535,-0.014
536,0.028
537,0.0
538,0.0
539,0.0
540,-0.036
541,-0.338
542,-0.278
543,0.0
544,-0.268
545,0.088
546,-0.195
547,0.026
548,-0.567
549,-0.086
550,-0.587
551,-0.741
552,0.102
553,0.363
554,-0.249
555,0.302
556,0.0
557,-0.057
558,0.0
559,0.0
560,0.0
561,0.084
562,-0.073
563,0.2
564,-0.255
565,0.329
566,-1.547
567,-1.725
568,0.38
569,-3.836
570,1.435
571,-2.32
572,0.649
573,-0.8
574,-3.071
575,-4.265
576,-5.864
577,-3.812
578,-4.125
579,-3.631
580,-7.094
581,-1.405
582,-1.353
583,-3.351
584,-0.325
585,0.162
586,-0.582
587,-1.633
588,0.0
589,-0.656
590,-1.577
591,-0.751
592,-0.042
593,-0.928
594,-0.205
595,0.0
596,0.0
597,0.029
598,0.0
599,0.0
600,-0.796
601,0.315
602,-0.231
603,-0.233
604,-0.021
605,-0.389
606,0.0
607,-0.391
608,-0.168
609,-0.4
610,-0.442
611,0.0
612,-0.264
613,0.0
614,-0.28
615,-0.279
616,-0.007
617,-0.148
618,0.0
619,0.0
620,-0.802
621,-0.375
622,-0.099
623,0.0
624,-1.023
625,-0.153
626,-0.085
627,-0.861
628,-0.204
629,-0.737
630,0.0
631,-0.482
632,0.302
633,0.143
634,-0.144
635,-0.694
636,-0.348
637,0.0
638,-1.594
639,-1.312
640,-1.745
641,-0.558
642,-0.545
643,-0.921
644,-0.198
645,-1.141
646,-0.144
647,-0.166
648,-0.017
649,-0.923
650,0.164
651,0.011
652,-0.019
653,-1.316
654,-0.524
655,-0.149
656,0.826
657,-0.948
658,-4.285
659,-0.284
660,0.03
661,-0.165
662,-1.02
663,-1.564
664,-0.32
665,-0.53
666,-0.547
667,-0.801
668,0.002
669,-0.88
670,0.04
671,0.074
672,-0.079
673,0.085
674,0.062
675,-0.101
676,0.082
677,0.0
678,-0.043
679,0.706
680,0.33
681,0.148
682,0.447
683,0.007
684,0.525
685,0.563
686,0.221
687,-0.374
688,0.084
689,0.0
690,0.0
691,-0.553
692,0.266
693,0.0
694,0.181
695,0.165
696,0.302
697,0.015
698,-0.045
699,0.192
700,-0.169
701,0.561
702,0.696
703,0.768
704,0.411
705,0.801
706,0.878
707,-0.258
708,-0.132
709,0.244
710,-0.223
711,-0.037
712,-0.028
713,0.0
714,0.462
715,0.0
716,-1.945
717,-0.603
718,-0.543
719,0.211
720,0.118
721,0.024
722,-1.333
723,0.012
724,1.044
725,-0.299
726,0.0
727,-0.344
728,0.493
729,0.0
730,0.217
731,-0.335
732,0.0
733,-0.097
734,0.585
735,0.263
736,-0.161
737,0.0
738,-1.191
739,0.044
740,-1.073
741,-0.285
742,-0.362
743,-0.162
744,0.125
745,-0.027
746,0.295
747,0.148
748,0.0
749,-0.03
750,0.034
751,0.0
752,0.0
753,-0.199
754,-1.756
755,0.34
756,0.116
757,-1.058
758,-0.384
759,-0.075
760,-1.623
761,-1.883
762,-2.71
763,-0.085
764,-0.901
765,-0.361
766,0.716
767,0.185
768,-0.201
769,-0.46
770,-1.226
771,0.131
772,0.004
773,-0.492
774,-0.388
775,-1.419
776,0.0
777,-1.71
778,-0.123
779,-0.401
780,-1.989
781,-3.263
782,-2.848
783,-2.455
784,-1.76
785,-2.248
786,-0.896
787,0.123
788,0.153
789,0.205
790,0.37
791,0.244
792,0.203
793,0.23
794,0.264
795,0.042
796,-0.201
797,-0.201
798,0.051
799,0.0
800,0.166
801,0.29
802,-0.148
803,-0.026
804,-0.124
805,0.037
806,-0.4
807,-0.099
808,-0.299
809,-0.068
810,-0.062
811,-0.565
812,-0.309
813,0.473
814,0.235
815,-0.326
816,0.149
817,-0.019
818,0.265
819,0.678
820,0.05
821,0.193
822,0.185
823,0.11
824,0.449
825,0.277
826,-0.104
827,0.324
828,-0.036
829,0.034
830,0.417
831,-0.374
832,-0.892
833,-0.028
834,0.257
835,-1.386
836,0.116
837,0.168
838,0.792
839,-1.14
840,-0.585
841,0.635
842,-0.241
843,-0.454
844,-0.174
845,0.01
846,0.104
847,0.0
848,-0.558
849,-0.026
850,-3.286
851,0.0
852,-1.111
853,-1.699
854,0.155
855,-0.507
856,-1.182
857,-0.643
858,-0.878
859,0.0
860,-0.717
861,-0.007
862,-0.114
863,-0.158
864,-2.203
865,-0.35
866,0.0
867,-0.309
868,-1.337
869,-0.38
870,-0.253
871,-0.22
872,0.347
873,-0.429
874,-0.02
875,-0.105
876,0.655
877,-0.154
878,0.0
879,0.341
880,0.0
881,-0.11
882,0.0
883,-0.182
884,0.0
885,0.0
886,-0.043
887,0.057
888,-0.341
889,0.0
890,0.044
891,0.796
892,-0.097
893,-0.079
894,0.821
895,0.512
896,0.31
897,-0.109
898,-2.275
899,0.361
900,-0.755
901,-1.569
902,-0.477
903,-0.049
904,-0.346
905,-0.823
906,-0.168
907,0.0
908,-0.368
909,-0.065
910,0.0
911,-0.069
912,-1.889
913,0.0
914,-0.062
915,-4.508
916,-1.014
917,0.0
918,-0.082
919,-1.09
920,-0.616
921,-0.936
922,-0.055
923,-0.814
924,-3.902
925,-0.242
926,-0.903
927,-1.27
928,0.0
929,0.0
930,-0.737
931,0.0
932,-1.449
933,0.0
934,-1.325
935,0.0
936,0.0
937,0.072
938,-0.105
939,-0.126
940,0.139
941,0.0
942,0.0
943,0.04
944,0.0
945,-0.237
946,0.313
947,0.0
948,-0.059
949,0.0
950,-1.234
951,-0.535
952,-1.092
953,-2.466
954,0.008
955,-1.097
956,0.662
957,-0.588
958,-0.671
959,-1.869
960,-2.802
961,-1.577
962,-2.58
963,-0.485
964,-4.43
965,0.0
966,-0.716
967,0.0
968,-0.832
969,0.058
970,-0.076
971,-0.233
972,-0.789
973,-0.246
974,-1.138
975,-4.192
976,0.269
977,-6.7
978,-4.364
979,-1.653
980,-1.652
981,-4.042
982,-2.711
983,-0.082
984,-0.863
985,-0.581
986,-1.594
987,0.488
988,0.026
989,-0.02
990,-0.739
991,-2.872
992,-0.793
993,-0.457
994,-2.813
995,-3.681
996,-1.555
997,-4.532
998,-0.808
999,0.04
1000,-0.698
1001,-3.183
1002,-4.113
1003,-0.511
1004,-3.111
1005,-2.986
1006,-6.049
1007,-0.733
1008,-0.101
1009,-2.8
1010,-2.385
1011,-4.987
1012,-1.547
1013,-1.449
1014,0.0
1015,-3.909
1016,-2.725
1017,-6.407
1018,-0.79
1019,-0.61
1020,-0.288
1021,0.258
1022,-0.196
1023,-2.085
1024,-0.188
1025,0.202
1026,-0.516
1027,0.142
1028,-0.756
1029,-1.659
1030,-2.333
1031,-2.923
1032,-1.496
1033,-3.859
1034,-1.346
1035,-1.846
1036,-0.167
1037,0.712
1038,-1.072
1039,0.435
1040,-1.529
1041,0.119
1042,-0.335
1043,-1.718
1044,0.591
1045,-0.253
1046,-0.39
1047,-0.181
1048,0.386
1049,0.678
1050,-0.571
1051,-0.149
1052,-0.097
1053,0.773
1054,0.394
1055,0.987
1056,0.386
1057,0.205
1058,0.137
1059,0.411
1060,-0.872
1061,-0.238
1062,0.054
1063,0.284
1064,-2.224
1065,0.406
1066,0.08
1067,-0.698
1068,-0.14
1069,-0.02
1070,-0.406
1071,-0.386
1072,0.655
1073,0.102
1074,-1.582
1075,0.129
1076,0.001
1077,-0.75
1078,-0.465
1079,-0.137
1080,-0.237
1081,-0.423
1082,0.79
1083,0.306
1084,-1.05
1085,-0.679
1086,-0.7
1087,-1.613
1088,-0.353
1089,-0.087
1090,0.169
1091,-0.526
1092,-0.685
1093,0.216
1094,-0.625
1095,-0.592
1096,-1.09
1097,-0.171
1098,-0.125
1099,-2.014
1100,0.099
1101,0.179
1102,-0.541
1103,0.02
1104,0.543
1105,0.031
1106,0.116
1107,0.422
1108,0.77
1109,-0.591
1110,0.366
1111,0.037
1112,0.601
1113,-0.289
1114,0.19
1115,-0.288
1116,0.036
1117,-0.038
1118,-0.183
1119,0.049
1120,0.004
1121,0.241
1122,-0.037
1123,0.927
1124,0.094
1125,0.472
1126,-0.048
1127,-0.033
1128,0.148
1129,0.216
1130,-0.023
1131,-0.244
1132,-0.003
1133,0.195
1134,-0.209
1135,0.643
1136,-0.015
1137,-0.047
1138,0.776
1139,0.321
1140,0.912
