site,all sera escape
19,0.179
20,-0.359
21,-0.439
22,0.098
23,-0.057
24,-0.207
25,0.127
26,0.315
27,-0.588
28,0.063
29,-6.474
30,-0.092
31,-0.82
32,-5.522
33,-1.658
34,-0.08
35,-0.869
36,-0.409
37,-0.513
38,-0.414
39,-0.316
40,-0.259
41,-0.226
42,-0.274
43,-0.045
44,0.361
45,0.182
46,-0.687
47,-0.164
48,-0.304
49,0.139
50,0.008
51,-0.149
52,-0.423
53,-0.352
54,-1.247
55,-0.053
56,-0.21
57,0.298
58,0.164
59,-0.813
60,0.221
61,-1.326
62,0.791
63,-1.134
64,-0.663
65,-1.169
66,-0.742
67,-0.414
68,-0.022
69,-0.033
70,0.17
71,-0.376
72,0.113
73,-0.039
74,0.031
75,-0.086
76,-0.011
77,0.258
78,0.019
79,0.043
80,-0.557
81,0.14
82,0.161
83,-3.978
84,-1.168
85,-6.307
86,-2.364
87,-10.272
88,-1.085
89,0.145
90,-6.24
91,-4.775
92,-7.711
93,-9.649
94,0.534
95,-5.05
96,0.866
97,-0.416
98,-0.578
99,-0.256
100,-0.449
101,0.385
102,0.597
103,0.75
104,0.575
105,0.0
106,-0.045
107,0.289
108,0.679
109,0.654
110,0.401
111,0.27
112,0.136
113,-0.814
114,0.004
115,-0.311
116,-0.471
117,-0.334
118,0.0
119,-1.854
120,-0.798
121,-4.047
122,-1.761
123,-6.06
124,-1.441
125,-3.552
126,-3.863
127,-5.28
128,-4.311
129,-3.325
130,-1.543
131,0.021
132,-0.444
133,0.76
134,0.508
135,-0.376
136,-0.102
137,0.208
138,-5.305
139,0.017
140,0.641
141,-5.736
142,0.554
143,-0.047
144,0.193
145,-0.298
146,0.157
147,0.158
148,1.117
149,0.278
150,0.425
151,0.753
152,0.247
153,-0.675
154,0.066
155,-0.287
156,-0.7
157,-2.865
158,-1.621
159,-0.271
160,0.277
161,0.092
162,-1.893
163,-0.449
164,-3.666
165,0.19
166,-0.573
167,-0.634
168,-0.191
169,0.3
170,0.188
171,-0.434
172,0.087
173,0.151
174,-2.181
175,-0.306
176,-1.593
177,-0.885
178,-1.765
179,-0.357
180,0.62
181,0.122
182,-0.954
183,0.493
184,-1.194
185,-0.302
186,-0.783
187,-0.62
188,-0.857
189,-0.076
190,-1.025
191,-1.221
192,0.0
193,-1.685
194,0.129
195,-1.044
196,-0.347
197,0.63
198,-0.179
199,0.0
200,1.638
201,-0.529
202,0.614
203,-0.609
204,-0.154
205,0.076
206,-0.801
207,-2.062
208,-2.439
209,-0.484
210,1.106
211,0.054
212,-0.985
213,1.617
214,-0.169
215,-2.261
216,-1.281
217,-0.365
218,-2.907
219,-1.147
220,-0.111
221,-3.864
222,-0.206
223,-2.277
224,-1.391
225,-1.632
226,-0.908
227,-4.516
228,-0.394
229,-4.394
230,0.49
231,-4.341
232,0.14
233,-1.169
234,0.017
235,-1.351
236,0.108
237,-0.128
238,0.006
239,0.084
240,-0.025
241,-0.147
242,-0.052
243,-0.526
244,0.191
245,-0.054
246,-0.411
247,0.339
248,0.07
249,-0.081
250,-0.088
251,-0.278
252,-0.474
253,-0.43
254,0.0
255,-0.673
256,-0.297
257,-0.972
258,-0.204
259,-0.582
260,-0.71
261,0.09
262,-0.104
263,0.0
264,0.397
265,-1.883
266,-0.091
267,-0.187
268,-0.16
269,-0.787
270,-0.156
271,-0.03
272,-0.083
273,0.0
274,-0.117
275,0.0
276,-0.713
277,-0.36
278,-1.989
279,0.258
280,-0.143
281,-0.469
282,-0.295
283,0.263
284,-0.337
285,-0.516
286,0.014
287,1.092
288,-0.375
289,0.435
290,-1.852
291,0.222
292,-0.63
293,-1.018
294,0.134
295,0.291
296,1.853
297,-1.006
298,-0.887
299,-1.777
300,-0.619
301,0.005
302,0.801
303,0.011
304,0.293
305,-0.011
306,-0.659
307,-0.738
308,2.01
309,-1.258
310,0.171
311,0.347
312,0.134
313,-0.479
314,-1.666
315,-0.598
316,0.0
317,-1.666
318,-0.076
319,0.0
320,-1.329
321,0.0
322,-0.288
323,-0.154
324,0.164
325,-3.867
326,-0.116
327,-6.843
328,0.085
329,0.131
330,-0.054
331,0.507
332,-0.427
333,-1.159
334,-1.053
335,1.861
336,0.937
337,-1.067
338,-0.178
339,0.0
340,0.169
341,0.151
342,0.053
343,0.269
344,0.358
345,0.118
346,0.015
347,-0.665
348,0.404
349,-0.092
350,1.17
351,-0.132
352,0.46
353,-0.241
354,-0.174
355,0.446
356,-0.189
357,0.0
358,-1.423
359,-1.206
360,-0.046
361,-0.386
362,-0.212
363,-2.106
364,0.0
365,0.099
366,0.0
367,-1.189
368,-0.748
369,-1.107
370,-0.655
371,-0.205
372,-1.494
373,-0.554
374,0.116
375,-2.442
376,-3.171
377,-1.573
378,-2.764
379,-0.052
380,-1.474
381,-1.562
382,-0.296
383,0.0
384,-0.177
385,-0.121
386,0.646
387,-0.641
388,-1.743
389,0.203
390,-4.349
391,-3.681
392,-0.76
393,0.0
394,-1.864
395,-0.044
396,-4.68
397,-0.018
398,0.417
399,-1.296
400,0.284
401,-0.714
402,0.246
403,-2.126
404,-3.475
405,-1.679
406,-0.666
407,-0.328
408,-0.971
409,-0.94
410,-0.365
411,-2.771
412,0.061
413,0.193
414,-0.505
415,-2.165
416,-0.158
417,0.362
418,-1.811
419,0.0
420,0.178
421,-0.346
422,-0.34
423,-0.606
424,0.012
425,-2.727
426,-2.439
427,-1.814
428,-6.202
429,1.668
430,-0.093
431,-0.706
432,0.37
433,0.12
434,-2.661
435,-6.955
436,-3.164
437,-0.16
438,-0.101
439,0.327
440,0.111
441,0.026
442,-0.766
443,0.0
444,-0.055
445,-1.032
446,-0.061
447,0.191
448,0.007
449,-0.087
450,0.333
451,0.012
452,-0.385
453,0.0
454,-1.199
455,0.0
456,0.185
457,-0.018
458,-0.423
459,0.073
460,0.162
461,-0.122
462,-0.491
463,0.482
464,-1.179
465,0.839
466,1.06
467,0.0
468,-0.747
469,-1.188
470,-0.408
471,-0.601
472,-0.053
473,-0.687
474,-0.886
475,-0.018
476,-0.289
477,-0.218
478,-0.058
479,0.0
480,-0.289
481,-0.484
482,-3.788
483,-2.99
484,-3.004
485,-4.323
486,-1.083
487,-5.095
488,-0.258
489,-0.012
490,-0.192
491,-0.024
492,-0.312
493,-0.1
494,0.0
495,-0.921
496,-1.669
497,-0.34
498,-0.181
499,0.738
500,-0.373
501,0.007
502,-0.022
503,0.153
504,-0.103
505,-0.118
506,-0.116
507,0.005
508,-0.112
509,0.0
510,-0.435
511,0.204
512,-0.14
513,-0.562
514,-0.155
515,0.173
516,-0.064
517,0.282
518,-0.367
519,-0.309
520,-0.395
521,-0.148
522,0.443
523,0.038
524,-0.21
525,-0.397
526,-0.704
527,-0.167
528,-0.158
529,0.0
530,0.095
531,-0.031
532,-0.014
533,-0.014
534,0.0
535,0.0
536,0.0
537,-0.262
538,-0.224
539,-0.195
540,0.0
541,-0.32
542,-0.093
543,-0.151
544,0.028
545,-0.335
546,-0.029
547,-0.458
548,-0.681
549,-0.009
550,0.226
551,-0.228
552,0.153
553,0.0
554,-0.073
555,0.0
556,0.0
557,0.0
558,0.119
559,-0.075
560,-0.013
561,-0.45
562,0.2
563,-1.406
564,-1.617
565,0.597
566,-3.678
567,0.961
568,-2.298
569,0.295
570,-1.07
571,-3.446
572,-3.935
573,-5.852
574,-4.118
575,-4.125
576,-3.986
577,-7.391
578,-1.411
579,-1.255
580,-3.297
581,-0.398
582,0.047
583,-0.824
584,-1.505
585,0.0
586,-0.741
587,-1.815
588,-0.783
589,-0.048
590,-0.893
591,-0.184
592,0.0
593,0.0
594,0.076
595,0.0
596,0.0
597,-0.556
598,-0.017
599,-0.202
600,-0.57
601,-0.005
602,-0.33
603,0.0
604,-0.371
605,-0.066
606,-0.277
607,-0.803
608,0.0
609,-0.249
610,0.0
611,-0.217
612,-0.325
613,-0.254
614,-0.093
615,0.0
616,0.0
617,-0.656
618,-0.364
619,-0.136
620,0.0
621,-0.856
622,-0.076
623,-0.036
624,-0.693
625,-0.381
626,-0.723
627,0.0
628,-0.514
629,-0.069
630,0.158
631,-0.053
632,-0.728
633,-0.307
634,0.0
635,-1.12
636,-1.381
637,-1.576
638,-0.562
639,-0.548
640,-0.952
641,-0.144
642,-1.282
643,-0.115
644,-0.067
645,0.074
646,-0.835
647,-0.138
648,0.003
649,-0.012
650,-1.651
651,-0.589
652,-0.295
653,0.411
654,-0.857
655,-4.332
656,-0.325
657,-0.023
658,0.079
659,-0.868
660,-1.304
661,-0.547
662,-0.214
663,-0.613
664,-0.799
665,-0.012
666,-0.839
667,-0.01
668,0.041
669,0.004
670,0.029
671,-0.08
672,0.1
673,0.042
674,0.0
675,0.007
676,0.367
677,0.344
678,0.119
679,0.191
680,0.1
681,0.224
682,0.311
683,-0.116
684,0.043
685,-0.03
686,0.0
687,0.0
688,-0.31
689,0.196
690,0.0
691,0.249
692,0.14
693,0.185
694,0.008
695,0.027
696,0.141
697,-0.378
698,0.367
699,0.489
700,0.61
701,0.309
702,0.849
703,0.607
704,-0.17
705,0.098
706,0.299
707,-0.335
708,-0.141
709,0.074
710,0.0
711,0.191
712,0.0
713,-1.738
714,-0.61
715,-0.528
716,0.045
717,0.244
718,0.055
719,-1.327
720,0.036
721,0.698
722,-0.359
723,0.0
724,-0.319
725,0.183
726,0.0
727,0.201
728,-0.389
729,0.0
730,-0.065
731,0.464
732,0.119
733,-0.055
734,0.0
735,-1.27
736,-0.098
737,-1.029
738,-0.213
739,-0.068
740,-0.213
741,0.019
742,-0.022
743,0.358
744,0.172
745,0.0
746,-0.064
747,-0.087
748,0.0
749,0.0
750,-0.195
751,-1.768
752,0.037
753,0.152
754,-0.99
755,-0.406
756,-0.148
757,-1.716
758,-1.974
759,-3.112
760,0.003
761,-0.77
762,-0.305
763,0.475
764,0.229
765,-0.175
766,-0.575
767,-0.923
768,0.173
769,-0.036
770,-0.468
771,-0.335
772,-1.503
773,0.0
774,-1.624
775,-0.077
776,-0.471
777,-2.074
778,-3.534
779,-3.02
780,-2.077
781,-2.362
782,-2.08
783,-0.743
784,0.025
785,0.229
786,0.104
787,0.055
788,0.006
789,0.237
790,0.183
791,0.032
792,-0.031
793,-0.01
794,-0.119
795,0.025
796,0.0
797,0.088
798,0.257
799,-0.06
800,0.125
801,-0.175
802,0.091
803,-0.138
804,-0.166
805,-0.382
806,0.023
807,-0.063
808,-0.382
809,-0.304
810,0.21
811,0.285
812,-0.492
813,0.073
814,-0.129
815,0.148
816,0.248
817,0.035
818,0.294
819,0.214
820,-0.073
821,0.217
822,0.177
823,-0.111
824,0.183
825,-0.181
826,0.047
827,0.288
828,-0.379
829,-0.85
830,-0.031
831,0.296
832,-1.251
833,0.044
834,0.175
835,0.43
836,-0.777
837,-0.512
838,0.484
839,-0.391
840,-0.284
841,-0.065
842,0.073
843,-0.061
844,0.0
845,-0.86
846,-0.184
847,-2.925
848,0.0
849,-0.963
850,-1.699
851,0.037
852,-0.447
853,-0.96
854,-0.594
855,-0.91
856,0.0
857,-0.601
858,-0.085
859,-0.108
860,-0.2
861,-2.139
862,-0.19
863,0.0
864,-0.205
865,-1.591
866,-0.277
867,-0.318
868,0.013
869,0.091
870,-0.618
871,-0.074
872,-0.11
873,0.33
874,-0.205
875,0.0
876,0.147
877,0.0
878,-0.118
879,0.0
880,-0.136
881,0.0
882,0.0
883,-0.034
884,-0.017
885,-0.302
886,0.0
887,0.065
888,0.53
889,-0.077
890,-0.062
891,0.351
892,0.254
893,0.018
894,-0.248
895,-2.218
896,0.16
897,-0.758
898,-1.565
899,-0.508
900,-0.075
901,-0.302
902,-0.784
903,-0.231
904,0.0
905,-0.585
906,-0.221
907,0.0
908,-0.028
909,-1.951
910,0.0
911,-0.022
912,-4.31
913,-1.101
914,0.0
915,-0.127
916,-0.744
917,-1.05
918,-0.947
919,-0.074
920,-0.688
921,-4.396
922,-0.279
923,-0.88
924,-1.312
925,0.0
926,0.0
927,-0.786
928,0.0
929,-1.33
930,0.0
931,-1.515
932,0.0
933,0.0
934,0.037
935,-0.166
936,-0.054
937,0.007
938,0.0
939,0.0
940,-0.007
941,0.0
942,-0.118
943,0.092
944,0.0
945,-0.071
946,0.0
947,-1.389
948,-0.595
949,-1.177
950,-2.454
951,-0.346
952,-1.013
953,0.322
954,-0.534
955,-0.625
956,-1.77
957,-2.983
958,-1.615
959,-2.371
960,-0.654
961,-4.596
962,0.0
963,-0.653
964,0.0
965,-0.855
966,-0.088
967,-0.077
968,-0.436
969,-0.821
970,-0.158
971,-0.962
972,-4.077
973,0.21
974,-6.821
975,-4.347
976,-1.74
977,-1.388
978,-3.882
979,-2.503
980,-0.059
981,-0.684
982,-0.317
983,-1.406
984,0.276
985,0.016
986,-0.126
987,-0.846
988,-2.74
989,-0.873
990,-0.433
991,-2.631
992,-3.9
993,-1.206
994,-4.484
995,-1.056
996,-0.188
997,-0.719
998,-3.341
999,-3.982
1000,-0.658
1001,-2.989
1002,-2.856
1003,-6.041
1004,-0.665
1005,-0.153
1006,-2.845
1007,-2.304
1008,-5.301
1009,-1.596
1010,-1.653
1011,0.0
1012,-3.877
1013,-2.883
1014,-6.315
1015,-0.87
1016,-0.642
1017,-0.1
1018,0.088
1019,-0.557
1020,-2.252
1021,-0.238
1022,0.209
1023,-0.491
1024,-0.118
1025,-0.65
1026,-1.68
1027,-2.149
1028,-2.833
1029,-1.567
1030,-4.133
1031,-1.601
1032,-2.123
1033,-0.368
1034,0.391
1035,-1.266
1036,0.225
1037,-1.602
1038,-0.302
1039,-0.119
1040,-1.634
1041,0.307
1042,-0.094
1043,-0.4
1044,-0.116
1045,0.155
1046,0.097
1047,-0.322
1048,-0.179
1049,-0.148
1050,0.509
1051,0.412
1052,0.742
1053,0.126
1054,0.265
1055,0.181
1056,0.271
1057,-0.832
1058,-0.255
1059,0.142
1060,0.097
1061,-1.724
1062,0.316
1063,0.054
1064,-0.633
1065,-0.114
1066,0.099
1067,-0.241
1068,-0.517
1069,0.438
1070,0.126
1071,-1.482
1072,0.027
1073,0.162
1074,-0.689
1075,-0.494
1076,-0.233
1077,-0.35
1078,-0.345
1079,0.442
1080,0.15
1081,-0.917
1082,-0.542
1083,-0.458
1084,-1.255
1085,-0.453
1086,-0.22
1087,0.203
1088,-0.551
1089,-0.51
1090,0.211
1091,-0.485
1092,-0.42
1093,-1.225
1094,-0.253
1095,-0.18
1096,-1.465
1097,0.183
1098,-0.149
1099,-0.286
1100,0.189
1101,0.554
1102,0.161
1103,0.327
1104,0.223
1105,0.611
1106,-1.025
1107,0.193
1108,0.002
1109,0.233
1110,-0.007
1111,0.181
1112,-0.228
1113,0.002
1114,0.038
1115,-0.217
1116,0.028
1117,-0.054
1118,0.049
1119,-0.079
1120,0.6
1121,-0.224
1122,0.265
1123,0.157
1124,-0.047
1125,0.102
1126,0.001
1127,-0.006
1128,-0.132
1129,0.15
1130,0.148
1131,-0.243
1132,0.378
1133,-0.145
1134,0.03
1135,0.465
1136,0.066
1137,0.429
