site,receptor binding
19,-0.045
20,0.102
21,0.357
22,0.206
23,-0.044
24,0.118
25,0.22
26,-0.046
27,0.067
28,0.271
29,1.76
30,-0.144
31,0.243
32,1.331
33,0.566
34,-0.308
35,0.267
36,-0.053
37,0.29
38,-0.261
39,-0.18
40,-0.514
41,0.102
42,-1.557
43,-0.385
44,-0.106
45,-0.789
46,-2.105
47,-0.088
48,-1.769
49,-1.321
50,-0.085
51,0.228
52,-1.412
53,-0.164
54,-1.421
55,-0.077
56,-1.001
57,-1.022
58,-1.668
59,-0.944
60,-1.231
61,-2.098
62,-1.685
63,0.412
64,-1.397
65,-0.78
66,-0.848
67,-0.882
68,-0.296
69,-0.831
70,-0.373
71,-0.855
72,-0.493
73,0.097
74,-0.096
75,-0.607
76,0.0
77,-0.83
78,-0.282
79,-0.639
80,0.155
81,-1.184
82,-1.297
83,1.154
84,0.142
85,1.261
86,0.694
87,1.718
88,-0.324
89,-0.906
90,1.198
91,0.908
92,1.66
93,1.803
94,-1.979
95,1.101
96,-0.997
97,0.125
98,-0.302
99,-0.602
100,-0.091
101,-0.963
102,-0.742
103,-1.202
104,-0.352
105,0.0
106,0.04
107,-1.899
108,-0.95
109,-0.652
110,-0.301
111,-0.745
112,-0.231
113,-0.247
114,-1.096
115,0.114
116,0.15
117,0.145
118,0.0
119,0.159
120,-0.011
121,0.593
122,0.124
123,1.062
124,-0.17
125,0.48
126,0.542
127,1.135
128,0.642
129,0.309
130,-0.839
131,-1.112
132,-1.119
133,-1.561
134,-1.768
135,-0.066
136,-0.589
137,-0.655
138,1.132
139,-0.396
140,-0.559
141,0.8
142,-0.799
143,-1.426
144,-1.382
145,-0.808
146,-1.712
147,-2.039
148,-1.935
149,-1.572
150,-0.817
151,-1.214
152,-1.578
153,0.271
154,-0.433
155,-0.19
156,-0.24
157,0.888
158,0.502
159,0.267
160,-0.931
161,-0.481
162,0.578
163,0.366
164,1.092
165,-0.956
166,-0.7
167,-2.208
168,-1.031
169,-2.093
170,-1.642
171,-2.281
172,-0.424
173,-2.314
174,0.41
175,-0.48
176,0.474
177,0.285
178,0.166
179,-0.224
180,-0.838
181,-0.144
182,-1.789
183,-2.187
184,-1.417
185,-1.197
186,-0.751
187,-2.101
188,-0.097
189,-0.625
190,-1.093
191,-0.246
192,0.0
193,-0.154
194,-0.882
195,0.425
196,-0.636
197,-0.728
198,0.39
199,0.0
200,-0.855
201,0.391
202,-1.004
203,-1.123
204,-1.9
205,-0.8
206,-0.373
207,0.128
208,0.728
209,-0.231
210,-1.277
211,-0.156
212,-0.738
213,-1.17
214,0.006
215,0.548
216,-1.789
217,0.037
218,0.135
219,0.187
220,-2.326
221,1.126
222,-1.394
223,-0.844
224,0.2
225,0.022
226,0.1
227,0.809
229,-0.709
230,0.693
231,-1.566
232,1.148
233,-1.117
234,-0.198
235,-0.168
236,0.577
237,-0.29
238,-0.14
239,-0.452
240,-0.258
241,0.147
242,-0.191
243,-0.252
244,-0.262
245,-0.342
246,-0.286
247,-1.252
248,-0.321
249,-0.112
250,-0.516
251,-0.213
252,-0.617
253,-0.03
254,-1.759
255,0.0
256,0.149
257,-0.237
258,0.293
259,-0.354
260,-0.145
261,0.132
262,-0.534
263,-0.07
264,0.0
265,-1.19
266,0.409
267,-0.192
268,0.129
269,-0.324
270,0.434
271,0.017
272,-0.423
273,0.07
274,0.0
275,0.153
276,0.0
277,0.157
278,0.077
279,0.348
280,-0.167
281,0.018
282,0.189
283,0.155
284,0.13
285,0.123
286,-0.191
287,-0.27
288,-0.559
289,0.601
290,-0.386
291,0.732
292,-1.364
293,0.412
294,-1.377
295,-1.594
296,-2.482
297,-1.86
298,-0.454
299,-0.368
300,0.912
301,0.589
302,0.071
303,-0.21
304,-0.421
305,-0.131
306,-0.313
307,-0.39
308,-2.203
309,-0.862
310,-2.36
311,-1.28
312,-0.855
313,-2.387
314,-1.648
315,-2.529
316,-2.329
317,0.0
318,-2.513
319,-1.344
320,0.0
321,-1.006
322,0.0
323,-0.604
324,-0.223
325,-0.753
326,0.033
327,-0.278
328,0.234
329,-0.492
330,-0.045
331,-0.047
332,-0.121
333,0.487
334,0.435
335,0.708
336,-1.434
337,-0.896
338,0.16
339,-0.066
340,0.0
341,-0.274
342,-0.359
343,-0.35
344,-2.314
345,-1.915
346,-0.112
347,-0.248
348,0.149
349,0.105
350,-0.627
351,-0.348
352,-1.749
355,-0.761
356,0.036
357,-0.859
358,-1.532
359,-1.338
360,-1.773
361,-0.518
362,-1.679
363,0.218
364,0.733
365,-0.038
366,0.978
367,0.0
368,-0.248
369,0.0
370,0.055
371,1.034
372,-0.254
373,0.156
374,-0.148
375,1.111
376,0.276
377,-0.297
378,0.875
379,1.164
380,0.814
381,1.286
382,-0.024
383,0.566
384,0.645
385,0.435
386,0.0
387,0.098
388,-0.461
389,-0.465
390,0.256
391,0.523
392,-0.418
393,0.602
394,0.239
395,0.183
396,0.0
397,0.438
398,-0.62
399,1.468
400,0.391
401,0.033
402,-1.802
403,-0.202
404,-1.836
405,-0.502
406,-1.417
407,-2.13
408,-1.468
409,-0.122
410,-2.377
411,-0.138
412,-0.934
413,-0.039
414,0.709
415,-0.151
416,-0.157
417,0.174
418,0.381
419,0.191
420,-0.242
421,0.771
422,0.0
423,-0.319
424,-0.089
425,0.32
426,-0.038
427,-0.06
428,0.38
429,1.048
430,0.598
431,1.282
432,-1.498
433,-1.393
434,-2.002
435,-2.012
436,-1.013
437,0.528
438,1.332
439,0.62
440,-1.165
441,0.242
442,-1.69
443,-0.049
444,-0.31
445,0.347
446,0.0
447,0.052
448,0.38
449,-0.244
450,-0.951
451,0.056
452,-0.143
453,-0.863
454,0.099
455,0.143
456,0.0
457,0.573
458,0.0
459,-0.133
460,0.038
461,0.032
462,-0.146
463,-0.836
464,-0.018
465,-0.695
466,-0.546
467,-1.324
468,-1.654
469,-1.745
470,0.0
471,-1.222
472,0.539
473,-0.461
474,-0.755
475,-0.585
476,-0.633
477,0.15
478,-0.008
479,-0.311
480,0.387
481,-0.647
482,0.0
483,0.69
484,0.041
485,0.954
486,0.6
487,0.768
488,1.464
489,0.228
490,1.439
491,-0.368
492,-0.029
493,-0.769
494,-0.812
495,-0.075
496,-0.495
497,0.0
498,-0.267
499,0.752
500,-0.141
501,0.261
502,-0.897
503,0.066
504,-0.427
505,0.048
506,-0.361
507,-0.171
508,-0.007
509,0.072
510,-0.096
511,-0.154
512,0.0
513,0.399
514,-0.215
515,0.096
516,0.13
517,-0.139
518,-0.198
519,0.123
520,-0.263
521,0.166
522,0.012
523,-0.411
524,-0.183
525,-0.066
526,-0.301
527,-0.162
528,-0.198
529,0.298
530,0.067
531,-0.13
532,0.0
533,-0.526
534,0.082
535,0.06
536,-0.058
537,-0.208
538,0.0
539,0.0
540,-0.168
541,-0.591
542,-0.371
543,0.0
544,-0.251
545,-0.134
546,-0.221
547,-0.454
548,-0.565
549,-0.285
550,0.326
551,-0.803
552,-0.597
553,-0.937
554,-0.436
555,-0.453
556,0.0
557,-0.492
558,0.0
559,0.0
560,0.0
561,-1.017
562,-0.248
563,-0.256
564,-0.268
565,-0.77
566,-0.225
567,0.076
568,-0.555
569,0.231
570,-0.502
571,0.21
572,-0.07
573,0.353
574,0.936
575,0.643
576,0.938
577,1.186
578,0.888
579,0.499
580,1.182
581,0.227
582,0.465
583,0.689
584,0.29
585,-0.267
586,0.147
587,0.106
588,-0.346
589,-0.132
590,0.607
591,0.003
592,0.164
593,0.199
594,-0.52
595,0.0
596,0.0
597,-0.275
598,0.0
599,0.0
600,0.553
601,-0.419
602,-0.222
603,-0.567
604,-0.445
605,0.423
606,0.0
607,0.102
608,0.0
609,0.106
610,-0.039
611,0.0
612,0.041
613,0.0
614,-0.097
615,-0.464
616,0.633
617,-0.078
618,0.0
619,0.0
620,0.084
621,-0.138
622,0.195
623,0.0
624,-0.244
625,-0.175
626,-0.264
627,0.034
628,-1.009
629,-0.255
630,0.0
631,-0.24
632,-0.824
633,-1.606
634,-1.662
635,0.419
636,-0.461
637,0.0
638,0.619
639,0.239
640,0.337
641,0.694
642,-0.615
643,0.93
644,0.291
645,-1.05
646,-0.1
647,-0.707
648,-0.28
649,0.246
650,-0.55
651,-0.383
652,-0.156
653,-0.367
654,-0.341
655,-0.202
656,-0.166
657,-0.081
658,0.125
659,-0.336
660,-0.087
661,-0.295
662,0.115
663,0.064
664,0.019
665,-0.092
666,0.001
667,0.069
668,-0.062
669,-0.18
670,-0.074
671,-0.025
672,0.101
673,-0.131
674,-0.384
675,-0.175
676,-0.131
677,0.0
678,-0.483
679,-0.007
680,-0.314
681,-0.226
682,-0.136
683,-0.476
684,-0.034
685,-0.119
686,-0.111
687,-0.356
688,-0.558
689,0.0
690,0.0
691,-0.149
692,-0.034
693,0.0
694,0.012
695,-0.269
696,-0.679
697,-0.224
698,-0.375
699,-0.272
700,0.509
701,-0.008
702,-0.094
703,-0.5
704,-0.348
705,-0.198
706,-0.084
707,0.021
708,0.248
709,-0.131
710,-0.043
711,-0.167
712,-0.651
713,0.0
714,-0.429
715,0.0
716,0.358
717,0.025
718,0.13
719,-0.142
720,-0.27
721,-0.198
722,-0.869
723,-0.678
724,-0.499
725,0.123
726,0.0
727,-0.165
728,-0.156
729,0.0
730,0.055
731,-0.126
732,0.0
733,-0.407
734,-0.606
735,-0.398
736,0.376
737,0.0
738,0.354
739,-1.022
740,0.353
741,0.124
742,0.0
743,-0.293
744,-1.176
745,-0.251
746,-0.224
747,-0.162
748,0.0
749,-0.112
750,-0.281
751,0.0
752,0.0
753,-0.045
754,0.107
755,-0.252
756,-0.068
757,0.081
758,0.115
759,0.131
760,0.173
761,0.655
762,0.483
763,-0.116
764,0.032
765,-0.024
766,-0.142
767,-0.093
768,0.085
769,0.403
770,-0.103
771,-0.193
772,-0.052
773,0.169
774,0.049
775,0.315
776,0.0
777,0.706
778,-0.582
779,0.095
780,0.529
781,0.802
782,0.695
783,0.426
784,0.192
785,-0.308
786,-0.001
787,-0.151
788,-0.114
789,-0.068
790,-0.024
791,-0.042
792,-0.205
793,-0.073
794,-0.23
795,-0.151
796,-0.212
797,-0.081
798,-0.007
799,0.0
800,-0.195
801,-0.494
802,-0.256
803,-0.126
804,-0.057
805,-0.176
806,-0.137
807,-0.221
808,-0.248
809,0.169
810,-0.003
811,-0.252
812,0.117
813,-0.217
814,-0.068
815,0.052
816,0.221
817,-0.002
818,-0.157
819,-0.186
820,-0.484
821,-0.19
822,-0.287
823,0.044
824,0.027
825,-0.705
826,0.141
827,-0.03
828,-0.283
829,-0.438
830,-0.313
831,-0.26
832,0.693
833,-0.333
834,-0.829
835,-0.107
836,-0.328
837,-0.759
838,-0.654
839,-0.024
840,0.218
841,-0.698
842,-0.03
843,-0.012
844,-0.051
845,-0.519
846,-0.249
847,0.0
848,-0.82
849,-0.396
850,0.482
851,0.0
852,0.35
853,-0.121
854,-0.369
855,0.508
856,-0.801
857,1.026
858,0.48
859,0.0
860,0.022
861,-0.33
862,-0.086
863,-0.534
864,1.438
865,0.0
866,0.0
867,0.354
868,1.57
869,0.563
870,0.141
871,-0.54
872,-1.124
873,-0.265
874,0.067
875,0.462
876,-0.646
877,0.332
878,0.0
879,-0.226
880,0.0
881,0.567
882,0.0
883,-0.214
884,0.0
885,0.0
886,0.149
887,-0.888
888,0.155
889,0.0
890,-1.912
891,-1.482
892,0.0
893,-0.742
894,-1.235
895,-1.034
896,-0.895
897,-0.778
898,-0.586
899,-1.13
900,-0.301
901,-0.598
902,-0.398
903,-1.071
904,0.349
905,0.453
906,-0.143
907,0.0
908,0.072
909,-0.531
910,0.0
911,-0.54
912,0.579
913,0.0
914,-0.037
915,0.39
916,0.076
917,0.0
918,0.306
919,0.502
920,0.046
921,0.173
922,-0.309
923,-0.214
924,0.568
925,0.021
926,0.47
927,0.312
928,0.0
929,0.0
930,0.159
931,0.0
932,0.29
933,0.0
934,0.545
935,0.0
936,0.0
937,-0.082
938,-0.071
939,0.173
940,-0.51
941,0.0
942,0.0
943,-0.313
944,0.0
945,0.01
946,-0.23
947,0.0
948,-0.086
949,0.0
950,0.366
951,0.223
952,0.164
953,1.061
954,-0.125
955,0.19
956,-0.124
957,0.076
958,-0.002
959,0.338
960,0.401
961,0.035
962,0.6
963,-0.262
964,0.845
965,0.0
966,0.28
967,0.0
968,-0.269
969,-0.299
970,-0.033
971,0.177
972,0.044
973,0.0
974,0.21
975,0.879
976,-0.413
977,0.498
978,0.352
979,0.137
980,0.146
981,0.65
982,0.683
983,-0.084
984,0.12
985,-0.16
986,0.064
987,-0.137
988,-0.042
989,0.058
990,-0.165
991,0.488
992,0.26
993,0.227
994,0.33
995,1.305
996,0.048
997,1.078
998,0.046
999,-0.101
1000,-0.176
1001,0.235
1002,0.462
1003,-0.15
1004,0.246
1005,0.151
1006,0.59
1007,0.195
1008,-0.327
1009,0.657
1010,0.333
1011,1.206
1012,0.157
1013,0.516
1014,0.0
1015,0.769
1016,0.563
1017,0.786
1018,-0.071
1019,0.058
1020,-0.362
1021,-0.183
1022,-0.232
1023,0.216
1024,0.019
1025,-0.199
1026,0.059
1027,-0.013
1028,-0.104
1029,0.164
1030,0.185
1031,0.266
1032,-0.048
1033,0.151
1034,0.01
1035,0.149
1036,-0.109
1037,-0.248
1038,0.06
1039,-0.15
1040,-0.059
1041,-0.018
1042,-0.072
1043,-0.073
1044,-0.026
1045,-0.153
1046,-0.188
1047,-0.176
1048,-0.028
1049,-0.209
1050,-0.129
1051,-0.291
1052,-0.167
1053,-0.055
1054,0.061
1055,-0.305
1056,-0.077
1057,-0.153
1058,-0.096
1059,-0.095
1060,-0.218
1061,-0.304
1062,-0.195
1063,-0.271
1064,-0.22
1065,-0.366
1066,-0.335
1067,-0.056
1068,-0.181
1069,-0.015
1070,0.008
1071,-0.084
1072,-0.009
1073,0.016
1074,-0.229
1075,0.142
1076,-0.05
1077,-0.41
1078,-0.134
1079,-0.099
1080,-0.086
1081,-0.086
1082,-0.391
1083,0.093
1084,-0.438
1085,-0.177
1086,-0.164
1087,-0.27
1088,-0.237
1089,-0.12
1090,0.05
1091,-0.011
1092,0.005
1093,-0.027
1094,-0.086
1095,-0.173
1096,-0.019
1097,-0.088
1098,-0.16
1099,-0.238
1100,-0.208
1101,0.154
1102,-0.395
1103,0.077
1104,-0.093
1105,-0.343
1106,-0.14
1107,-0.024
1108,-0.108
1109,0.553
1110,-0.02
1111,0.136
1112,-0.032
1113,0.119
1114,-0.366
1115,-0.091
1116,-0.696
1117,-0.299
1118,-0.164
1119,-0.13
1120,-0.014
1121,-0.029
1122,-0.116
1123,-0.001
1124,0.148
1125,-0.022
1126,-0.129
1127,0.169
1128,-0.037
1129,-0.072
1130,0.02
1131,-0.124
1132,-0.169
1133,0.043
1134,-0.033
1135,-0.07
1136,-0.093
1137,-0.338
1138,-0.019
1139,-0.095
1140,-0.155
